movie_id,rating_count,rating_sum,avg_rating,updated_at
1,49695,194866.000,3.921,2026-06-28 08:29:57.163683
2,22243,71444.000,3.212,2026-06-28 08:29:57.163683
3,12735,40128.500,3.151,2026-06-28 08:29:57.163683
4,2756,7886.000,2.861,2026-06-28 08:29:57.163683
5,12161,37268.500,3.065,2026-06-28 08:29:57.163683
6,23899,91651.000,3.835,2026-06-28 08:29:57.163683
7,12961,43633.000,3.366,2026-06-28 08:29:57.163683
8,1415,4446.000,3.142,2026-06-28 08:29:57.163683
9,3960,11899.500,3.005,2026-06-28 08:29:57.163683
10,29005,99488.000,3.430,2026-06-28 08:29:57.163683
11,18162,66613.000,3.668,2026-06-28 08:29:57.163683
12,3845,10073.000,2.620,2026-06-28 08:29:57.163683
13,1461,4781.000,3.272,2026-06-28 08:29:57.163683
14,6022,20668.000,3.432,2026-06-28 08:29:57.163683
15,2910,7921.000,2.722,2026-06-28 08:29:57.163683
16,17394,65879.000,3.787,2026-06-28 08:29:57.163683
17,20667,82018.500,3.969,2026-06-28 08:29:57.163683
18,5203,17553.000,3.374,2026-06-28 08:29:57.163683
19,20938,54594.000,2.607,2026-06-28 08:29:57.163683
20,4084,11765.000,2.881,2026-06-28 08:29:57.163683
21,24116,86376.000,3.582,2026-06-28 08:29:57.163683
22,9928,32955.000,3.319,2026-06-28 08:29:57.163683
23,4250,13380.000,3.148,2026-06-28 08:29:57.163683
24,7971,25506.000,3.200,2026-06-28 08:29:57.163683
25,21553,79520.000,3.690,2026-06-28 08:29:57.163683
26,2755,9997.500,3.629,2026-06-28 08:29:57.163683
27,1642,5605.000,3.414,2026-06-28 08:29:57.163683
28,3154,12797.500,4.058,2026-06-28 08:29:57.163683
29,8520,33673.000,3.952,2026-06-28 08:29:57.163683
30,1281,4655.000,3.634,2026-06-28 08:29:57.163683
31,9435,30667.000,3.250,2026-06-28 08:29:57.163683
32,44980,175334.500,3.898,2026-06-28 08:29:57.163683
33,65,195.500,3.008,2026-06-28 08:29:57.163683
34,32255,117508.000,3.643,2026-06-28 08:29:57.163683
35,1493,5228.000,3.502,2026-06-28 08:29:57.163683
36,20809,82044.000,3.943,2026-06-28 08:29:57.163683
37,85,256.500,3.018,2026-06-28 08:29:57.163683
38,552,1577.500,2.858,2026-06-28 08:29:57.163683
39,26254,89621.500,3.414,2026-06-28 08:29:57.163683
40,886,3231.000,3.647,2026-06-28 08:29:57.163683
41,4689,18062.500,3.852,2026-06-28 08:29:57.163683
42,2467,7537.000,3.055,2026-06-28 08:29:57.163683
43,2552,8851.500,3.468,2026-06-28 08:29:57.163683
44,10697,28388.500,2.654,2026-06-28 08:29:57.163683
45,8933,30232.500,3.384,2026-06-28 08:29:57.163683
46,3205,10496.000,3.275,2026-06-28 08:29:57.163683
47,43249,175309.500,4.053,2026-06-28 08:29:57.163683
48,13046,38435.000,2.946,2026-06-28 08:29:57.163683
49,236,846.000,3.585,2026-06-28 08:29:57.163683
50,47006,203741.500,4.334,2026-06-28 08:29:57.163683
51,27,69.000,2.556,2026-06-28 08:29:57.163683
52,9320,33003.500,3.541,2026-06-28 08:29:57.163683
53,150,554.500,3.697,2026-06-28 08:29:57.163683
54,956,2729.000,2.855,2026-06-28 08:29:57.163683
55,939,3043.500,3.241,2026-06-28 08:29:57.163683
56,70,131.000,1.871,2026-06-28 08:29:57.163683
57,2439,8108.500,3.325,2026-06-28 08:29:57.163683
58,11549,45946.500,3.978,2026-06-28 08:29:57.163683
59,191,680.000,3.560,2026-06-28 08:29:57.163683
60,6313,19661.500,3.114,2026-06-28 08:29:57.163683
61,2281,7580.000,3.323,2026-06-28 08:29:57.163683
62,19381,72326.500,3.732,2026-06-28 08:29:57.163683
63,2334,7157.500,3.067,2026-06-28 08:29:57.163683
64,2086,5903.000,2.830,2026-06-28 08:29:57.163683
65,4864,11645.500,2.394,2026-06-28 08:29:57.163683
66,2371,5084.000,2.144,2026-06-28 08:29:57.163683
67,170,569.500,3.350,2026-06-28 08:29:57.163683
68,1238,4255.000,3.437,2026-06-28 08:29:57.163683
69,4288,15268.000,3.561,2026-06-28 08:29:57.163683
70,12712,41663.000,3.277,2026-06-28 08:29:57.163683
71,1295,3050.000,2.355,2026-06-28 08:29:57.163683
72,1230,4308.000,3.502,2026-06-28 08:29:57.163683
73,2955,11249.000,3.807,2026-06-28 08:29:57.163683
74,3514,11604.000,3.302,2026-06-28 08:29:57.163683
75,558,1374.000,2.462,2026-06-28 08:29:57.163683
76,3380,10170.500,3.009,2026-06-28 08:29:57.163683
77,221,758.000,3.430,2026-06-28 08:29:57.163683
78,1226,3899.500,3.181,2026-06-28 08:29:57.163683
79,5535,17316.500,3.129,2026-06-28 08:29:57.163683
80,575,2141.500,3.724,2026-06-28 08:29:57.163683
81,3209,10485.000,3.267,2026-06-28 08:29:57.163683
82,2538,10164.500,4.005,2026-06-28 08:29:57.163683
83,594,2170.000,3.653,2026-06-28 08:29:57.163683
84,158,540.000,3.418,2026-06-28 08:29:57.163683
85,2714,9583.500,3.531,2026-06-28 08:29:57.163683
86,4308,15006.500,3.483,2026-06-28 08:29:57.163683
87,976,2303.000,2.360,2026-06-28 08:29:57.163683
88,4864,15115.500,3.108,2026-06-28 08:29:57.163683
89,3247,10195.000,3.140,2026-06-28 08:29:57.163683
90,214,718.500,3.357,2026-06-28 08:29:57.163683
92,2303,6573.000,2.854,2026-06-28 08:29:57.163683
93,1966,4971.500,2.529,2026-06-28 08:29:57.163683
94,4030,14213.500,3.527,2026-06-28 08:29:57.163683
95,22104,68404.000,3.095,2026-06-28 08:29:57.163683
96,483,1781.000,3.687,2026-06-28 08:29:57.163683
97,1963,7845.000,3.996,2026-06-28 08:29:57.163683
98,81,201.500,2.488,2026-06-28 08:29:57.163683
99,726,2254.500,3.105,2026-06-28 08:29:57.163683
100,4115,13256.000,3.221,2026-06-28 08:29:57.163683
101,4298,16273.500,3.786,2026-06-28 08:29:57.163683
102,1992,4839.500,2.429,2026-06-28 08:29:57.163683
103,1133,3704.000,3.269,2026-06-28 08:29:57.163683
104,17915,61217.000,3.417,2026-06-28 08:29:57.163683
105,9620,31999.000,3.326,2026-06-28 08:29:57.163683
106,134,461.500,3.444,2026-06-28 08:29:57.163683
107,6376,20501.000,3.215,2026-06-28 08:29:57.163683
108,125,386.500,3.092,2026-06-28 08:29:57.163683
109,16,33.000,2.063,2026-06-28 08:29:57.163683
110,53769,217363.000,4.043,2026-06-28 08:29:57.163683
111,24481,100631.000,4.111,2026-06-28 08:29:57.163683
112,11890,40575.500,3.413,2026-06-28 08:29:57.163683
113,1089,3386.000,3.109,2026-06-28 08:29:57.163683
114,247,894.000,3.619,2026-06-28 08:29:57.163683
115,38,129.500,3.408,2026-06-28 08:29:57.163683
116,949,3736.500,3.937,2026-06-28 08:29:57.163683
117,1264,4537.000,3.589,2026-06-28 08:29:57.163683
118,1136,3420.500,3.011,2026-06-28 08:29:57.163683
119,264,732.000,2.773,2026-06-28 08:29:57.163683
120,147,423.500,2.881,2026-06-28 08:29:57.163683
121,837,3141.500,3.753,2026-06-28 08:29:57.163683
122,3888,11149.500,2.868,2026-06-28 08:29:57.163683
123,2309,9165.000,3.969,2026-06-28 08:29:57.163683
124,319,1116.000,3.498,2026-06-28 08:29:57.163683
125,3518,13212.500,3.756,2026-06-28 08:29:57.163683
126,1376,3181.500,2.312,2026-06-28 08:29:57.163683
127,41,133.500,3.256,2026-06-28 08:29:57.163683
128,75,262.500,3.500,2026-06-28 08:29:57.163683
129,190,601.000,3.163,2026-06-28 08:29:57.163683
130,39,121.500,3.115,2026-06-28 08:29:57.163683
131,194,638.500,3.291,2026-06-28 08:29:57.163683
132,2123,5887.500,2.773,2026-06-28 08:29:57.163683
133,19,49.500,2.605,2026-06-28 08:29:57.163683
134,36,131.500,3.653,2026-06-28 08:29:57.163683
135,6305,18902.500,2.998,2026-06-28 08:29:57.163683
136,102,362.000,3.549,2026-06-28 08:29:57.163683
137,226,742.500,3.285,2026-06-28 08:29:57.163683
138,137,450.000,3.285,2026-06-28 08:29:57.163683
139,41,126.000,3.073,2026-06-28 08:29:57.163683
140,5073,16709.500,3.294,2026-06-28 08:29:57.163683
141,22020,77339.000,3.512,2026-06-28 08:29:57.163683
143,14,30.000,2.143,2026-06-28 08:29:57.163683
144,4505,15664.500,3.477,2026-06-28 08:29:57.163683
145,11975,38928.000,3.251,2026-06-28 08:29:57.163683
146,580,1689.000,2.912,2026-06-28 08:29:57.163683
147,4118,14754.500,3.583,2026-06-28 08:29:57.163683
148,357,1031.500,2.889,2026-06-28 08:29:57.163683
149,1091,4030.500,3.694,2026-06-28 08:29:57.163683
150,47777,184830.000,3.869,2026-06-28 08:29:57.163683
151,12616,44648.500,3.539,2026-06-28 08:29:57.163683
152,651,2021.000,3.104,2026-06-28 08:29:57.163683
153,32867,95141.000,2.895,2026-06-28 08:29:57.163683
154,3010,11444.000,3.802,2026-06-28 08:29:57.163683
155,1276,4348.500,3.408,2026-06-28 08:29:57.163683
156,1663,5867.000,3.528,2026-06-28 08:29:57.163683
157,2596,7229.000,2.785,2026-06-28 08:29:57.163683
158,12625,37016.500,2.932,2026-06-28 08:29:57.163683
159,2366,8084.500,3.417,2026-06-28 08:29:57.163683
160,14965,38980.000,2.605,2026-06-28 08:29:57.163683
161,23628,88468.000,3.744,2026-06-28 08:29:57.163683
162,5995,24039.500,4.010,2026-06-28 08:29:57.163683
163,14321,49341.500,3.445,2026-06-28 08:29:57.163683
164,4435,15361.000,3.464,2026-06-28 08:29:57.163683
165,33940,118417.500,3.489,2026-06-28 08:29:57.163683
166,650,1812.000,2.788,2026-06-28 08:29:57.163683
167,79,250.000,3.165,2026-06-28 08:29:57.163683
168,12084,37275.500,3.085,2026-06-28 08:29:57.163683
169,3358,7668.500,2.284,2026-06-28 08:29:57.163683
170,7875,25181.000,3.198,2026-06-28 08:29:57.163683
171,1427,5141.500,3.603,2026-06-28 08:29:57.163683
172,12706,34720.500,2.733,2026-06-28 08:29:57.163683
173,14993,38056.500,2.538,2026-06-28 08:29:57.163683
174,2124,5216.500,2.456,2026-06-28 08:29:57.163683
175,4801,16840.000,3.508,2026-06-28 08:29:57.163683
176,2363,9108.500,3.855,2026-06-28 08:29:57.163683
177,2314,6678.000,2.886,2026-06-28 08:29:57.163683
178,500,1694.000,3.388,2026-06-28 08:29:57.163683
179,1229,3380.500,2.751,2026-06-28 08:29:57.163683
180,8400,30133.000,3.587,2026-06-28 08:29:57.163683
181,2655,5121.500,1.929,2026-06-28 08:29:57.163683
182,697,2155.000,3.092,2026-06-28 08:29:57.163683
183,614,2066.000,3.365,2026-06-28 08:29:57.163683
184,328,1018.000,3.104,2026-06-28 08:29:57.163683
185,24618,76572.500,3.110,2026-06-28 08:29:57.163683
186,11222,32451.000,2.892,2026-06-28 08:29:57.163683
187,943,3254.500,3.451,2026-06-28 08:29:57.163683
188,2498,8349.500,3.342,2026-06-28 08:29:57.163683
189,336,1008.500,3.001,2026-06-28 08:29:57.163683
190,960,3423.500,3.566,2026-06-28 08:29:57.163683
191,1664,4453.000,2.676,2026-06-28 08:29:57.163683
192,81,245.000,3.025,2026-06-28 08:29:57.163683
193,7464,16675.000,2.234,2026-06-28 08:29:57.163683
194,5937,22855.500,3.850,2026-06-28 08:29:57.163683
195,3242,10016.000,3.089,2026-06-28 08:29:57.163683
196,13628,38843.500,2.850,2026-06-28 08:29:57.163683
197,110,337.500,3.068,2026-06-28 08:29:57.163683
198,9143,31242.500,3.417,2026-06-28 08:29:57.163683
199,1516,5736.000,3.784,2026-06-28 08:29:57.163683
200,339,961.500,2.836,2026-06-28 08:29:57.163683
201,365,1105.000,3.027,2026-06-28 08:29:57.163683
202,389,1160.500,2.983,2026-06-28 08:29:57.163683
203,5429,17087.500,3.147,2026-06-28 08:29:57.163683
204,8335,24581.000,2.949,2026-06-28 08:29:57.163683
205,1355,4764.000,3.516,2026-06-28 08:29:57.163683
206,1038,3610.500,3.478,2026-06-28 08:29:57.163683
207,5414,18253.500,3.372,2026-06-28 08:29:57.163683
208,27775,79217.000,2.852,2026-06-28 08:29:57.163683
209,745,2112.500,2.836,2026-06-28 08:29:57.163683
210,482,1392.500,2.889,2026-06-28 08:29:57.163683
211,579,2082.000,3.596,2026-06-28 08:29:57.163683
212,447,1152.500,2.578,2026-06-28 08:29:57.163683
213,1872,7560.000,4.038,2026-06-28 08:29:57.163683
214,942,3812.500,4.047,2026-06-28 08:29:57.163683
215,5348,20530.500,3.839,2026-06-28 08:29:57.163683
216,8547,27865.000,3.260,2026-06-28 08:29:57.163683
217,1014,2768.500,2.730,2026-06-28 08:29:57.163683
218,4248,13990.500,3.293,2026-06-28 08:29:57.163683
219,633,2294.500,3.625,2026-06-28 08:29:57.163683
220,275,660.500,2.402,2026-06-28 08:29:57.163683
222,5968,21110.000,3.537,2026-06-28 08:29:57.163683
223,23695,91689.000,3.870,2026-06-28 08:29:57.163683
224,8581,29558.000,3.445,2026-06-28 08:29:57.163683
225,12662,41636.500,3.288,2026-06-28 08:29:57.163683
226,43,122.000,2.837,2026-06-28 08:29:57.163683
227,4640,14239.000,3.069,2026-06-28 08:29:57.163683
228,475,1276.500,2.687,2026-06-28 08:29:57.163683
229,2428,8650.500,3.563,2026-06-28 08:29:57.163683
230,7284,26158.000,3.591,2026-06-28 08:29:57.163683
231,32085,94730.000,2.952,2026-06-28 08:29:57.163683
232,6150,24819.000,4.036,2026-06-28 08:29:57.163683
233,3478,12255.500,3.524,2026-06-28 08:29:57.163683
234,3269,8760.000,2.680,2026-06-28 08:29:57.163683
235,16419,60153.500,3.664,2026-06-28 08:29:57.163683
236,12215,40497.000,3.315,2026-06-28 08:29:57.163683
237,6422,20708.000,3.225,2026-06-28 08:29:57.163683
238,834,2643.000,3.169,2026-06-28 08:29:57.163683
239,3178,9708.000,3.055,2026-06-28 08:29:57.163683
240,837,2435.500,2.910,2026-06-28 08:29:57.163683
241,562,1704.000,3.032,2026-06-28 08:29:57.163683
242,1076,3644.000,3.387,2026-06-28 08:29:57.163683
243,439,1111.000,2.531,2026-06-28 08:29:57.163683
244,285,678.500,2.381,2026-06-28 08:29:57.163683
245,255,759.000,2.976,2026-06-28 08:29:57.163683
246,10432,42175.500,4.043,2026-06-28 08:29:57.163683
247,7681,29498.500,3.840,2026-06-28 08:29:57.163683
248,3161,9564.000,3.026,2026-06-28 08:29:57.163683
249,4950,18226.500,3.682,2026-06-28 08:29:57.163683
250,892,2663.000,2.985,2026-06-28 08:29:57.163683
251,388,1183.500,3.050,2026-06-28 08:29:57.163683
252,10074,32465.500,3.223,2026-06-28 08:29:57.163683
253,27568,96395.500,3.497,2026-06-28 08:29:57.163683
254,629,1820.000,2.893,2026-06-28 08:29:57.163683
255,1081,2473.000,2.288,2026-06-28 08:29:57.163683
256,9890,26982.000,2.728,2026-06-28 08:29:57.163683
257,3811,13006.500,3.413,2026-06-28 08:29:57.163683
258,1710,4526.000,2.647,2026-06-28 08:29:57.163683
259,1996,6139.000,3.076,2026-06-28 08:29:57.163683
260,54502,228400.000,4.191,2026-06-28 08:29:57.163683
261,10367,37621.000,3.629,2026-06-28 08:29:57.163683
262,4217,15923.500,3.776,2026-06-28 08:29:57.163683
263,395,1474.000,3.732,2026-06-28 08:29:57.163683
264,159,532.000,3.346,2026-06-28 08:29:57.163683
265,11975,47029.000,3.927,2026-06-28 08:29:57.163683
266,16171,56538.000,3.496,2026-06-28 08:29:57.163683
267,3792,10915.000,2.878,2026-06-28 08:29:57.163683
268,728,2407.500,3.307,2026-06-28 08:29:57.163683
269,600,2086.500,3.478,2026-06-28 08:29:57.163683
270,1315,4173.500,3.174,2026-06-28 08:29:57.163683
271,1257,4186.500,3.331,2026-06-28 08:29:57.163683
272,7871,29530.000,3.752,2026-06-28 08:29:57.163683
273,7424,23274.500,3.135,2026-06-28 08:29:57.163683
274,1181,3391.000,2.871,2026-06-28 08:29:57.163683
275,1564,4261.500,2.725,2026-06-28 08:29:57.163683
276,5459,16302.000,2.986,2026-06-28 08:29:57.163683
277,9140,31289.500,3.423,2026-06-28 08:29:57.163683
278,1157,3496.000,3.022,2026-06-28 08:29:57.163683
279,936,3463.000,3.700,2026-06-28 08:29:57.163683
280,5104,19016.000,3.726,2026-06-28 08:29:57.163683
281,3936,14447.000,3.670,2026-06-28 08:29:57.163683
282,11249,38482.500,3.421,2026-06-28 08:29:57.163683
283,232,714.500,3.080,2026-06-28 08:29:57.163683
284,36,104.000,2.889,2026-06-28 08:29:57.163683
285,86,200.500,2.331,2026-06-28 08:29:57.163683
286,109,222.500,2.041,2026-06-28 08:29:57.163683
287,329,1067.500,3.245,2026-06-28 08:29:57.163683
288,23610,76268.500,3.230,2026-06-28 08:29:57.163683
289,3192,10680.500,3.346,2026-06-28 08:29:57.163683
290,4042,16149.000,3.995,2026-06-28 08:29:57.163683
291,656,1493.500,2.277,2026-06-28 08:29:57.163683
292,26246,89613.500,3.414,2026-06-28 08:29:57.163683
293,25804,104521.000,4.051,2026-06-28 08:29:57.163683
294,851,2703.000,3.176,2026-06-28 08:29:57.163683
295,469,1312.000,2.797,2026-06-28 08:29:57.163683
296,67310,280967.500,4.174,2026-06-28 08:29:57.163683
297,266,828.500,3.115,2026-06-28 08:29:57.163683
298,244,855.000,3.504,2026-06-28 08:29:57.163683
299,2626,9792.000,3.729,2026-06-28 08:29:57.163683
300,20601,75537.500,3.667,2026-06-28 08:29:57.163683
301,469,1654.500,3.528,2026-06-28 08:29:57.163683
302,1564,5865.000,3.750,2026-06-28 08:29:57.163683
303,6945,21114.000,3.040,2026-06-28 08:29:57.163683
304,724,2316.000,3.199,2026-06-28 08:29:57.163683
305,3429,9279.000,2.706,2026-06-28 08:29:57.163683
306,7252,29657.500,4.090,2026-06-28 08:29:57.163683
307,6676,26658.500,3.993,2026-06-28 08:29:57.163683
308,5170,20231.500,3.913,2026-06-28 08:29:57.163683
309,459,1669.000,3.636,2026-06-28 08:29:57.163683
310,245,678.000,2.767,2026-06-28 08:29:57.163683
311,81,215.500,2.660,2026-06-28 08:29:57.163683
312,1325,3472.000,2.620,2026-06-28 08:29:57.163683
313,1173,3547.000,3.024,2026-06-28 08:29:57.163683
314,4124,15873.500,3.849,2026-06-28 08:29:57.163683
315,11164,32398.500,2.902,2026-06-28 08:29:57.163683
316,31799,106661.000,3.354,2026-06-28 08:29:57.163683
317,16183,50913.000,3.146,2026-06-28 08:29:57.163683
318,63366,281788.000,4.447,2026-06-28 08:29:57.163683
319,7180,27172.500,3.784,2026-06-28 08:29:57.163683
320,319,1036.500,3.249,2026-06-28 08:29:57.163683
321,922,3468.500,3.762,2026-06-28 08:29:57.163683
322,2986,11040.000,3.697,2026-06-28 08:29:57.163683
324,469,1729.000,3.687,2026-06-28 08:29:57.163683
325,1036,2741.500,2.646,2026-06-28 08:29:57.163683
326,1333,5440.000,4.081,2026-06-28 08:29:57.163683
327,7159,20090.500,2.806,2026-06-28 08:29:57.163683
328,2427,7652.500,3.153,2026-06-28 08:29:57.163683
329,26404,87915.500,3.330,2026-06-28 08:29:57.163683
330,1536,4313.500,2.808,2026-06-28 08:29:57.163683
331,559,1836.500,3.285,2026-06-28 08:29:57.163683
332,2085,5756.500,2.761,2026-06-28 08:29:57.163683
333,10962,36706.000,3.348,2026-06-28 08:29:57.163683
334,1638,6256.000,3.819,2026-06-28 08:29:57.163683
335,397,1295.500,3.263,2026-06-28 08:29:57.163683
336,295,841.000,2.851,2026-06-28 08:29:57.163683
337,17881,67158.000,3.756,2026-06-28 08:29:57.163683
338,4652,13931.500,2.995,2026-06-28 08:29:57.163683
339,23214,81257.000,3.500,2026-06-28 08:29:57.163683
340,1467,4951.500,3.375,2026-06-28 08:29:57.163683
341,400,1437.500,3.594,2026-06-28 08:29:57.163683
342,11690,41031.500,3.510,2026-06-28 08:29:57.163683
343,934,2471.500,2.646,2026-06-28 08:29:57.163683
344,38226,114003.000,2.982,2026-06-28 08:29:57.163683
345,10312,37634.500,3.650,2026-06-28 08:29:57.163683
346,1129,3871.500,3.429,2026-06-28 08:29:57.163683
347,1542,5261.500,3.412,2026-06-28 08:29:57.163683
348,8038,29746.500,3.701,2026-06-28 08:29:57.163683
349,29571,108239.000,3.660,2026-06-28 08:29:57.163683
350,15833,54899.500,3.467,2026-06-28 08:29:57.163683
351,3667,12118.500,3.305,2026-06-28 08:29:57.163683
352,1343,4378.000,3.260,2026-06-28 08:29:57.163683
353,16524,58058.500,3.514,2026-06-28 08:29:57.163683
354,1237,3906.000,3.158,2026-06-28 08:29:57.163683
355,9939,24186.500,2.433,2026-06-28 08:29:57.163683
356,66172,266607.000,4.029,2026-06-28 08:29:57.163683
357,27699,101132.000,3.651,2026-06-28 08:29:57.163683
358,2273,7386.000,3.249,2026-06-28 08:29:57.163683
359,277,912.000,3.292,2026-06-28 08:29:57.163683
360,2101,5743.500,2.734,2026-06-28 08:29:57.163683
361,4993,16667.000,3.338,2026-06-28 08:29:57.163683
362,7629,25917.000,3.397,2026-06-28 08:29:57.163683
363,643,2568.000,3.994,2026-06-28 08:29:57.163683
364,38991,147350.500,3.779,2026-06-28 08:29:57.163683
365,1825,5798.000,3.177,2026-06-28 08:29:57.163683
366,2628,7769.000,2.956,2026-06-28 08:29:57.163683
367,34384,109159.500,3.175,2026-06-28 08:29:57.163683
368,17062,58194.000,3.411,2026-06-28 08:29:57.163683
369,1120,3713.000,3.315,2026-06-28 08:29:57.163683
370,14261,42148.500,2.956,2026-06-28 08:29:57.163683
371,4313,14054.500,3.259,2026-06-28 08:29:57.163683
372,8010,26049.000,3.252,2026-06-28 08:29:57.163683
373,3527,13339.000,3.782,2026-06-28 08:29:57.163683
374,4965,12039.000,2.425,2026-06-28 08:29:57.163683
375,254,831.000,3.272,2026-06-28 08:29:57.163683
376,11294,37062.500,3.282,2026-06-28 08:29:57.163683
377,41562,145184.500,3.493,2026-06-28 08:29:57.163683
378,2342,7323.500,3.127,2026-06-28 08:29:57.163683
379,5470,14898.000,2.724,2026-06-28 08:29:57.163683
380,43159,150674.500,3.491,2026-06-28 08:29:57.163683
381,4925,16766.000,3.404,2026-06-28 08:29:57.163683
382,5419,16450.000,3.036,2026-06-28 08:29:57.163683
383,5025,16056.500,3.195,2026-06-28 08:29:57.163683
384,771,2294.500,2.976,2026-06-28 08:29:57.163683
385,128,457.000,3.570,2026-06-28 08:29:57.163683
386,357,1006.500,2.819,2026-06-28 08:29:57.163683
387,701,1869.000,2.666,2026-06-28 08:29:57.163683
388,551,1958.500,3.554,2026-06-28 08:29:57.163683
389,201,701.000,3.488,2026-06-28 08:29:57.163683
390,814,2792.500,3.431,2026-06-28 08:29:57.163683
391,427,1348.500,3.158,2026-06-28 08:29:57.163683
392,275,911.000,3.313,2026-06-28 08:29:57.163683
393,2041,3811.000,1.867,2026-06-28 08:29:57.163683
394,132,440.000,3.333,2026-06-28 08:29:57.163683
395,13,40.000,3.077,2026-06-28 08:29:57.163683
396,26,65.000,2.500,2026-06-28 08:29:57.163683
397,92,201.000,2.185,2026-06-28 08:29:57.163683
398,51,172.500,3.382,2026-06-28 08:29:57.163683
399,10,22.500,2.250,2026-06-28 08:29:57.163683
400,28,70.500,2.518,2026-06-28 08:29:57.163683
401,19,61.500,3.237,2026-06-28 08:29:57.163683
402,60,175.500,2.925,2026-06-28 08:29:57.163683
403,13,24.000,1.846,2026-06-28 08:29:57.163683
404,81,267.000,3.296,2026-06-28 08:29:57.163683
405,3554,8707.500,2.450,2026-06-28 08:29:57.163683
406,66,203.500,3.083,2026-06-28 08:29:57.163683
407,1800,5661.000,3.145,2026-06-28 08:29:57.163683
408,652,2111.500,3.238,2026-06-28 08:29:57.163683
409,431,1303.000,3.023,2026-06-28 08:29:57.163683
410,18618,55706.500,2.992,2026-06-28 08:29:57.163683
411,113,313.500,2.774,2026-06-28 08:29:57.163683
412,4521,16132.000,3.568,2026-06-28 08:29:57.163683
413,6105,17083.500,2.798,2026-06-28 08:29:57.163683
414,865,2269.500,2.624,2026-06-28 08:29:57.163683
415,3217,9071.000,2.820,2026-06-28 08:29:57.163683
416,1774,4799.500,2.705,2026-06-28 08:29:57.163683
417,3301,11607.000,3.516,2026-06-28 08:29:57.163683
418,685,1853.500,2.706,2026-06-28 08:29:57.163683
419,4542,11323.000,2.493,2026-06-28 08:29:57.163683
420,14934,41066.500,2.750,2026-06-28 08:29:57.163683
421,1748,5783.000,3.308,2026-06-28 08:29:57.163683
422,1412,4576.500,3.241,2026-06-28 08:29:57.163683
423,2304,6930.500,3.008,2026-06-28 08:29:57.163683
424,742,2014.000,2.714,2026-06-28 08:29:57.163683
425,882,3069.000,3.480,2026-06-28 08:29:57.163683
426,3314,10318.000,3.113,2026-06-28 08:29:57.163683
427,3407,8657.500,2.541,2026-06-28 08:29:57.163683
428,4919,18788.500,3.820,2026-06-28 08:29:57.163683
429,1483,3500.500,2.360,2026-06-28 08:29:57.163683
430,252,586.500,2.327,2026-06-28 08:29:57.163683
431,8946,33056.000,3.695,2026-06-28 08:29:57.163683
432,12819,35066.000,2.735,2026-06-28 08:29:57.163683
433,1242,3631.500,2.924,2026-06-28 08:29:57.163683
434,24940,76250.000,3.057,2026-06-28 08:29:57.163683
435,13911,36079.000,2.594,2026-06-28 08:29:57.163683
436,1239,3230.500,2.607,2026-06-28 08:29:57.163683
437,1835,4800.500,2.616,2026-06-28 08:29:57.163683
438,1054,2858.500,2.712,2026-06-28 08:29:57.163683
439,53,136.000,2.566,2026-06-28 08:29:57.163683
440,19297,69546.000,3.604,2026-06-28 08:29:57.163683
441,8035,29611.000,3.685,2026-06-28 08:29:57.163683
442,18307,55719.500,3.044,2026-06-28 08:29:57.163683
443,587,1965.500,3.348,2026-06-28 08:29:57.163683
444,1299,3147.000,2.423,2026-06-28 08:29:57.163683
445,1893,5464.000,2.886,2026-06-28 08:29:57.163683
446,3752,14609.500,3.894,2026-06-28 08:29:57.163683
447,223,559.000,2.507,2026-06-28 08:29:57.163683
448,3013,10730.000,3.561,2026-06-28 08:29:57.163683
449,684,2376.000,3.474,2026-06-28 08:29:57.163683
450,2967,9968.500,3.360,2026-06-28 08:29:57.163683
451,636,1948.500,3.064,2026-06-28 08:29:57.163683
452,1204,4286.500,3.560,2026-06-28 08:29:57.163683
453,931,2896.000,3.111,2026-06-28 08:29:57.163683
454,25689,89793.000,3.495,2026-06-28 08:29:57.163683
455,8453,22176.000,2.623,2026-06-28 08:29:57.163683
456,931,3576.500,3.842,2026-06-28 08:29:57.163683
457,49581,197614.500,3.986,2026-06-28 08:29:57.163683
458,1054,3332.000,3.161,2026-06-28 08:29:57.163683
459,1103,3056.500,2.771,2026-06-28 08:29:57.163683
460,913,2222.500,2.434,2026-06-28 08:29:57.163683
461,904,3024.500,3.346,2026-06-28 08:29:57.163683
462,203,531.000,2.616,2026-06-28 08:29:57.163683
463,410,1148.000,2.800,2026-06-28 08:29:57.163683
464,3149,9205.000,2.923,2026-06-28 08:29:57.163683
465,723,2362.500,3.268,2026-06-28 08:29:57.163683
466,13521,39407.000,2.915,2026-06-28 08:29:57.163683
467,741,2507.000,3.383,2026-06-28 08:29:57.163683
468,7347,24379.500,3.318,2026-06-28 08:29:57.163683
469,1279,4186.000,3.273,2026-06-28 08:29:57.163683
470,463,990.500,2.139,2026-06-28 08:29:57.163683
471,11268,41288.000,3.664,2026-06-28 08:29:57.163683
472,731,2112.000,2.889,2026-06-28 08:29:57.163683
473,1364,3147.000,2.307,2026-06-28 08:29:57.163683
474,18836,70305.500,3.733,2026-06-28 08:29:57.163683
475,9083,35653.500,3.925,2026-06-28 08:29:57.163683
476,229,690.500,3.015,2026-06-28 08:29:57.163683
477,4534,16092.500,3.549,2026-06-28 08:29:57.163683
478,277,672.500,2.428,2026-06-28 08:29:57.163683
479,1230,3592.500,2.921,2026-06-28 08:29:57.163683
480,59715,218840.000,3.665,2026-06-28 08:29:57.163683
481,5360,17869.000,3.334,2026-06-28 08:29:57.163683
482,2716,9320.500,3.432,2026-06-28 08:29:57.163683
483,587,2225.000,3.790,2026-06-28 08:29:57.163683
484,704,1971.500,2.800,2026-06-28 08:29:57.163683
485,13577,37727.000,2.779,2026-06-28 08:29:57.163683
486,602,1613.500,2.680,2026-06-28 08:29:57.163683
487,615,1611.000,2.620,2026-06-28 08:29:57.163683
488,532,1813.000,3.408,2026-06-28 08:29:57.163683
489,3032,8394.500,2.769,2026-06-28 08:29:57.163683
490,3210,10770.500,3.355,2026-06-28 08:29:57.163683
491,5457,18632.500,3.414,2026-06-28 08:29:57.163683
492,3116,11381.000,3.652,2026-06-28 08:29:57.163683
493,3699,13366.500,3.614,2026-06-28 08:29:57.163683
494,12190,40976.000,3.361,2026-06-28 08:29:57.163683
495,653,2253.000,3.450,2026-06-28 08:29:57.163683
496,413,1358.500,3.289,2026-06-28 08:29:57.163683
497,14214,55352.000,3.894,2026-06-28 08:29:57.163683
498,378,1059.500,2.803,2026-06-28 08:29:57.163683
499,404,1116.500,2.764,2026-06-28 08:29:57.163683
500,34392,116460.500,3.386,2026-06-28 08:29:57.163683
501,1897,7268.000,3.831,2026-06-28 08:29:57.163683
502,3642,8318.500,2.284,2026-06-28 08:29:57.163683
503,140,434.000,3.100,2026-06-28 08:29:57.163683
504,1136,3376.000,2.972,2026-06-28 08:29:57.163683
505,1293,3281.500,2.538,2026-06-28 08:29:57.163683
506,1343,4682.000,3.486,2026-06-28 08:29:57.163683
507,3233,11349.500,3.511,2026-06-28 08:29:57.163683
508,19489,74350.500,3.815,2026-06-28 08:29:57.163683
509,17068,62980.000,3.690,2026-06-28 08:29:57.163683
510,879,2411.000,2.743,2026-06-28 08:29:57.163683
511,1665,5240.000,3.147,2026-06-28 08:29:57.163683
512,1239,3616.500,2.919,2026-06-28 08:29:57.163683
513,572,1679.500,2.936,2026-06-28 08:29:57.163683
514,4681,16195.000,3.460,2026-06-28 08:29:57.163683
515,10661,41631.500,3.905,2026-06-28 08:29:57.163683
516,3431,10595.500,3.088,2026-06-28 08:29:57.163683
517,3450,10811.500,3.134,2026-06-28 08:29:57.163683
518,1222,3292.500,2.694,2026-06-28 08:29:57.163683
519,4812,10571.500,2.197,2026-06-28 08:29:57.163683
520,14439,43897.000,3.040,2026-06-28 08:29:57.163683
521,2185,7268.500,3.327,2026-06-28 08:29:57.163683
522,1264,4492.000,3.554,2026-06-28 08:29:57.163683
523,926,3380.000,3.650,2026-06-28 08:29:57.163683
524,7630,26996.000,3.538,2026-06-28 08:29:57.163683
525,172,581.500,3.381,2026-06-28 08:29:57.163683
526,130,413.500,3.181,2026-06-28 08:29:57.163683
527,50054,215741.500,4.310,2026-06-28 08:29:57.163683
528,913,2545.000,2.788,2026-06-28 08:29:57.163683
529,10952,42173.500,3.851,2026-06-28 08:29:57.163683
530,32,99.500,3.109,2026-06-28 08:29:57.163683
531,7459,26398.000,3.539,2026-06-28 08:29:57.163683
532,5968,18245.000,3.057,2026-06-28 08:29:57.163683
533,3865,11336.500,2.933,2026-06-28 08:29:57.163683
534,4869,18957.000,3.893,2026-06-28 08:29:57.163683
535,5576,21065.500,3.778,2026-06-28 08:29:57.163683
536,742,2433.500,3.280,2026-06-28 08:29:57.163683
537,3431,10847.000,3.161,2026-06-28 08:29:57.163683
538,5101,18927.000,3.710,2026-06-28 08:29:57.163683
539,28805,101348.000,3.518,2026-06-28 08:29:57.163683
540,4943,13429.000,2.717,2026-06-28 08:29:57.163683
541,30526,126185.500,4.134,2026-06-28 08:29:57.163683
542,3491,9999.500,2.864,2026-06-28 08:29:57.163683
543,12348,39962.500,3.236,2026-06-28 08:29:57.163683
544,2168,6347.500,2.928,2026-06-28 08:29:57.163683
545,50,129.000,2.580,2026-06-28 08:29:57.163683
546,5554,11554.500,2.080,2026-06-28 08:29:57.163683
547,807,2275.000,2.819,2026-06-28 08:29:57.163683
548,2843,8284.500,2.914,2026-06-28 08:29:57.163683
549,1450,5642.500,3.891,2026-06-28 08:29:57.163683
550,3373,10395.500,3.082,2026-06-28 08:29:57.163683
551,20509,76536.500,3.732,2026-06-28 08:29:57.163683
552,12901,41493.500,3.216,2026-06-28 08:29:57.163683
553,15157,56043.000,3.697,2026-06-28 08:29:57.163683
554,516,1584.000,3.070,2026-06-28 08:29:57.163683
555,15360,58496.500,3.808,2026-06-28 08:29:57.163683
556,1219,4846.500,3.976,2026-06-28 08:29:57.163683
558,1428,3945.000,2.763,2026-06-28 08:29:57.163683
559,47,136.000,2.894,2026-06-28 08:29:57.163683
560,39,119.500,3.064,2026-06-28 08:29:57.163683
561,223,773.500,3.469,2026-06-28 08:29:57.163683
562,6197,23458.000,3.785,2026-06-28 08:29:57.163683
563,342,1172.500,3.428,2026-06-28 08:29:57.163683
564,328,769.000,2.345,2026-06-28 08:29:57.163683
565,687,2188.500,3.186,2026-06-28 08:29:57.163683
566,150,419.000,2.793,2026-06-28 08:29:57.163683
567,360,1202.500,3.340,2026-06-28 08:29:57.163683
568,389,1391.500,3.577,2026-06-28 08:29:57.163683
569,1673,4924.500,2.944,2026-06-28 08:29:57.163683
570,220,764.000,3.473,2026-06-28 08:29:57.163683
571,203,734.000,3.616,2026-06-28 08:29:57.163683
572,35,95.000,2.714,2026-06-28 08:29:57.163683
573,205,704.500,3.437,2026-06-28 08:29:57.163683
574,1390,4598.500,3.308,2026-06-28 08:29:57.163683
575,2553,7643.500,2.994,2026-06-28 08:29:57.163683
576,25,62.000,2.480,2026-06-28 08:29:57.163683
577,616,1743.500,2.830,2026-06-28 08:29:57.163683
579,38,113.000,2.974,2026-06-28 08:29:57.163683
580,569,1750.500,3.076,2026-06-28 08:29:57.163683
581,1883,7513.500,3.990,2026-06-28 08:29:57.163683
582,131,442.500,3.378,2026-06-28 08:29:57.163683
583,251,881.000,3.510,2026-06-28 08:29:57.163683
584,27,82.000,3.037,2026-06-28 08:29:57.163683
585,9713,25857.500,2.662,2026-06-28 08:29:57.163683
586,28348,87500.500,3.087,2026-06-28 08:29:57.163683
587,29488,101552.500,3.444,2026-06-28 08:29:57.163683
588,41842,154015.000,3.681,2026-06-28 08:29:57.163683
589,52244,205421.000,3.932,2026-06-28 08:29:57.163683
590,44208,164828.000,3.728,2026-06-28 08:29:57.163683
591,30,60.500,2.017,2026-06-28 08:29:57.163683
592,46054,156692.500,3.402,2026-06-28 08:29:57.163683
593,63299,264403.500,4.177,2026-06-28 08:29:57.163683
594,17766,64144.000,3.610,2026-06-28 08:29:57.163683
595,35138,129072.500,3.673,2026-06-28 08:29:57.163683
596,12782,44733.000,3.500,2026-06-28 08:29:57.163683
597,33900,115952.500,3.420,2026-06-28 08:29:57.163683
598,135,482.500,3.574,2026-06-28 08:29:57.163683
599,3174,12711.000,4.005,2026-06-28 08:29:57.163683
600,305,915.000,3.000,2026-06-28 08:29:57.163683
601,113,384.000,3.398,2026-06-28 08:29:57.163683
602,340,1363.500,4.010,2026-06-28 08:29:57.163683
603,601,1784.000,2.968,2026-06-28 08:29:57.163683
605,3396,11191.000,3.295,2026-06-28 08:29:57.163683
606,1514,3895.500,2.573,2026-06-28 08:29:57.163683
607,18,46.500,2.583,2026-06-28 08:29:57.163683
608,43272,177950.000,4.112,2026-06-28 08:29:57.163683
609,2430,7295.000,3.002,2026-06-28 08:29:57.163683
610,7845,26514.000,3.380,2026-06-28 08:29:57.163683
611,1767,4440.000,2.513,2026-06-28 08:29:57.163683
612,1609,4371.500,2.717,2026-06-28 08:29:57.163683
613,2430,8817.000,3.628,2026-06-28 08:29:57.163683
614,163,510.000,3.129,2026-06-28 08:29:57.163683
615,637,2456.500,3.856,2026-06-28 08:29:57.163683
616,7892,26645.500,3.376,2026-06-28 08:29:57.163683
617,524,1887.500,3.602,2026-06-28 08:29:57.163683
618,360,995.500,2.765,2026-06-28 08:29:57.163683
619,714,1854.000,2.597,2026-06-28 08:29:57.163683
620,35,119.500,3.414,2026-06-28 08:29:57.163683
621,330,1190.500,3.608,2026-06-28 08:29:57.163683
623,35,108.000,3.086,2026-06-28 08:29:57.163683
624,47,125.500,2.670,2026-06-28 08:29:57.163683
625,25,81.500,3.260,2026-06-28 08:29:57.163683
626,631,1816.500,2.879,2026-06-28 08:29:57.163683
627,1833,6503.000,3.548,2026-06-28 08:29:57.163683
628,11169,41979.000,3.759,2026-06-28 08:29:57.163683
629,24,74.500,3.104,2026-06-28 08:29:57.163683
630,223,743.500,3.334,2026-06-28 08:29:57.163683
631,2193,5981.000,2.727,2026-06-28 08:29:57.163683
632,342,1340.000,3.918,2026-06-28 08:29:57.163683
633,336,1133.500,3.374,2026-06-28 08:29:57.163683
634,334,775.000,2.320,2026-06-28 08:29:57.163683
635,1100,4010.000,3.645,2026-06-28 08:29:57.163683
636,35,101.500,2.900,2026-06-28 08:29:57.163683
637,5791,16437.500,2.838,2026-06-28 08:29:57.163683
638,581,1908.500,3.285,2026-06-28 08:29:57.163683
639,1147,3352.000,2.922,2026-06-28 08:29:57.163683
640,3136,9315.500,2.971,2026-06-28 08:29:57.163683
641,80,197.000,2.463,2026-06-28 08:29:57.163683
642,11,21.500,1.955,2026-06-28 08:29:57.163683
643,23,51.000,2.217,2026-06-28 08:29:57.163683
644,14,30.000,2.143,2026-06-28 08:29:57.163683
645,302,1095.000,3.626,2026-06-28 08:29:57.163683
647,7893,28015.500,3.549,2026-06-28 08:29:57.163683
648,37127,125808.500,3.389,2026-06-28 08:29:57.163683
649,137,512.000,3.737,2026-06-28 08:29:57.163683
650,1368,4741.000,3.466,2026-06-28 08:29:57.163683
651,44,112.000,2.545,2026-06-28 08:29:57.163683
652,76,230.500,3.033,2026-06-28 08:29:57.163683
653,14192,45653.500,3.217,2026-06-28 08:29:57.163683
654,17,47.500,2.794,2026-06-28 08:29:57.163683
655,18,40.000,2.222,2026-06-28 08:29:57.163683
656,1198,3465.000,2.892,2026-06-28 08:29:57.163683
657,36,90.500,2.514,2026-06-28 08:29:57.163683
658,49,147.000,3.000,2026-06-28 08:29:57.163683
659,433,1601.500,3.699,2026-06-28 08:29:57.163683
660,120,363.000,3.025,2026-06-28 08:29:57.163683
661,10228,33905.000,3.315,2026-06-28 08:29:57.163683
662,2792,9068.500,3.248,2026-06-28 08:29:57.163683
663,3327,11183.500,3.361,2026-06-28 08:29:57.163683
664,322,982.500,3.051,2026-06-28 08:29:57.163683
665,1148,4551.500,3.965,2026-06-28 08:29:57.163683
666,164,569.000,3.470,2026-06-28 08:29:57.163683
667,1061,2693.000,2.538,2026-06-28 08:29:57.163683
668,761,3150.500,4.140,2026-06-28 08:29:57.163683
670,765,3155.500,4.125,2026-06-28 08:29:57.163683
671,6361,23389.000,3.677,2026-06-28 08:29:57.163683
672,27,67.000,2.481,2026-06-28 08:29:57.163683
673,9917,26909.000,2.713,2026-06-28 08:29:57.163683
674,3286,9759.000,2.970,2026-06-28 08:29:57.163683
675,28,60.000,2.143,2026-06-28 08:29:57.163683
676,28,71.500,2.554,2026-06-28 08:29:57.163683
678,2677,10958.000,4.093,2026-06-28 08:29:57.163683
679,97,326.000,3.361,2026-06-28 08:29:57.163683
680,1108,3942.000,3.558,2026-06-28 08:29:57.163683
681,334,1196.000,3.581,2026-06-28 08:29:57.163683
682,64,204.500,3.195,2026-06-28 08:29:57.163683
683,35,93.500,2.671,2026-06-28 08:29:57.163683
684,21,53.500,2.548,2026-06-28 08:29:57.163683
685,536,1894.500,3.535,2026-06-28 08:29:57.163683
687,100,299.500,2.995,2026-06-28 08:29:57.163683
688,2963,7703.500,2.600,2026-06-28 08:29:57.163683
690,82,272.000,3.317,2026-06-28 08:29:57.163683
691,1172,3581.000,3.055,2026-06-28 08:29:57.163683
692,920,2157.000,2.345,2026-06-28 08:29:57.163683
693,27,80.000,2.963,2026-06-28 08:29:57.163683
694,2759,8289.000,3.004,2026-06-28 08:29:57.163683
695,848,2700.500,3.185,2026-06-28 08:29:57.163683
696,117,371.500,3.175,2026-06-28 08:29:57.163683
697,1142,3181.000,2.785,2026-06-28 08:29:57.163683
698,148,412.500,2.787,2026-06-28 08:29:57.163683
699,17,37.500,2.206,2026-06-28 08:29:57.163683
700,1245,4057.500,3.259,2026-06-28 08:29:57.163683
701,97,307.500,3.170,2026-06-28 08:29:57.163683
702,371,1393.000,3.755,2026-06-28 08:29:57.163683
703,357,1026.000,2.874,2026-06-28 08:29:57.163683
704,1784,5048.500,2.830,2026-06-28 08:29:57.163683
705,430,1508.500,3.508,2026-06-28 08:29:57.163683
706,251,787.000,3.135,2026-06-28 08:29:57.163683
707,4627,14211.500,3.071,2026-06-28 08:29:57.163683
708,15263,51971.000,3.405,2026-06-28 08:29:57.163683
709,2597,8532.500,3.286,2026-06-28 08:29:57.163683
710,1249,3424.000,2.741,2026-06-28 08:29:57.163683
711,2120,5626.500,2.654,2026-06-28 08:29:57.163683
712,181,635.000,3.508,2026-06-28 08:29:57.163683
713,135,467.500,3.463,2026-06-28 08:29:57.163683
714,3307,12913.000,3.905,2026-06-28 08:29:57.163683
715,614,2187.500,3.563,2026-06-28 08:29:57.163683
716,301,889.000,2.953,2026-06-28 08:29:57.163683
717,90,290.000,3.222,2026-06-28 08:29:57.163683
718,903,3100.500,3.434,2026-06-28 08:29:57.163683
719,7664,22756.000,2.969,2026-06-28 08:29:57.163683
722,353,1276.500,3.616,2026-06-28 08:29:57.163683
723,33,101.000,3.061,2026-06-28 08:29:57.163683
724,8538,26209.000,3.070,2026-06-28 08:29:57.163683
725,1563,4385.000,2.806,2026-06-28 08:29:57.163683
726,536,1684.000,3.142,2026-06-28 08:29:57.163683
727,25,79.500,3.180,2026-06-28 08:29:57.163683
728,3545,13529.000,3.816,2026-06-28 08:29:57.163683
729,103,350.500,3.403,2026-06-28 08:29:57.163683
731,854,2499.000,2.926,2026-06-28 08:29:57.163683
732,234,656.500,2.806,2026-06-28 08:29:57.163683
733,31353,115364.500,3.680,2026-06-28 08:29:57.163683
734,59,152.500,2.585,2026-06-28 08:29:57.163683
735,1122,3934.000,3.506,2026-06-28 08:29:57.163683
736,32446,103705.500,3.196,2026-06-28 08:29:57.163683
737,4519,9591.000,2.122,2026-06-28 08:29:57.163683
738,24,75.000,3.125,2026-06-28 08:29:57.163683
741,7072,27896.500,3.945,2026-06-28 08:29:57.163683
742,1859,5085.000,2.735,2026-06-28 08:29:57.163683
743,6112,16735.500,2.738,2026-06-28 08:29:57.163683
744,37,110.000,2.973,2026-06-28 08:29:57.163683
745,12073,50312.000,4.167,2026-06-28 08:29:57.163683
746,312,1178.000,3.776,2026-06-28 08:29:57.163683
747,1084,2528.500,2.333,2026-06-28 08:29:57.163683
748,5279,16739.500,3.171,2026-06-28 08:29:57.163683
749,42,114.000,2.714,2026-06-28 08:29:57.163683
750,23220,98622.000,4.247,2026-06-28 08:29:57.163683
751,156,549.500,3.522,2026-06-28 08:29:57.163683
752,41,116.000,2.829,2026-06-28 08:29:57.163683
753,520,1713.000,3.294,2026-06-28 08:29:57.163683
754,361,1054.000,2.920,2026-06-28 08:29:57.163683
755,152,513.500,3.378,2026-06-28 08:29:57.163683
756,113,359.500,3.181,2026-06-28 08:29:57.163683
757,216,789.500,3.655,2026-06-28 08:29:57.163683
758,25,74.000,2.960,2026-06-28 08:29:57.163683
759,376,1451.000,3.859,2026-06-28 08:29:57.163683
760,895,3278.000,3.663,2026-06-28 08:29:57.163683
761,3711,10475.000,2.823,2026-06-28 08:29:57.163683
762,9526,22955.000,2.410,2026-06-28 08:29:57.163683
763,55,166.500,3.027,2026-06-28 08:29:57.163683
764,579,1950.000,3.368,2026-06-28 08:29:57.163683
765,4812,14663.500,3.047,2026-06-28 08:29:57.163683
766,1801,6219.000,3.453,2026-06-28 08:29:57.163683
767,304,1077.000,3.543,2026-06-28 08:29:57.163683
768,34,102.000,3.000,2026-06-28 08:29:57.163683
771,155,521.000,3.361,2026-06-28 08:29:57.163683
772,34,98.500,2.897,2026-06-28 08:29:57.163683
773,36,118.500,3.292,2026-06-28 08:29:57.163683
774,35,93.500,2.671,2026-06-28 08:29:57.163683
775,138,401.000,2.906,2026-06-28 08:29:57.163683
776,47,136.000,2.894,2026-06-28 08:29:57.163683
777,29,82.500,2.845,2026-06-28 08:29:57.163683
778,23589,94621.000,4.011,2026-06-28 08:29:57.163683
779,520,1480.500,2.847,2026-06-28 08:29:57.163683
780,47048,158597.000,3.371,2026-06-28 08:29:57.163683
781,1988,6809.500,3.425,2026-06-28 08:29:57.163683
782,2748,7907.000,2.877,2026-06-28 08:29:57.163683
783,10389,33814.500,3.255,2026-06-28 08:29:57.163683
784,14379,38863.000,2.703,2026-06-28 08:29:57.163683
785,10746,35303.000,3.285,2026-06-28 08:29:57.163683
786,16135,50796.500,3.148,2026-06-28 08:29:57.163683
787,89,334.500,3.758,2026-06-28 08:29:57.163683
788,18799,54192.000,2.883,2026-06-28 08:29:57.163683
789,47,142.500,3.032,2026-06-28 08:29:57.163683
790,105,368.500,3.510,2026-06-28 08:29:57.163683
792,48,143.000,2.979,2026-06-28 08:29:57.163683
793,118,381.000,3.229,2026-06-28 08:29:57.163683
794,102,343.500,3.368,2026-06-28 08:29:57.163683
795,106,339.500,3.203,2026-06-28 08:29:57.163683
796,42,123.500,2.940,2026-06-28 08:29:57.163683
797,114,383.500,3.364,2026-06-28 08:29:57.163683
798,3056,8630.000,2.824,2026-06-28 08:29:57.163683
799,6151,20744.000,3.372,2026-06-28 08:29:57.163683
800,7196,29323.000,4.075,2026-06-28 08:29:57.163683
801,1630,4919.500,3.018,2026-06-28 08:29:57.163683
802,12539,43767.500,3.491,2026-06-28 08:29:57.163683
803,587,2096.500,3.572,2026-06-28 08:29:57.163683
804,2236,6896.000,3.084,2026-06-28 08:29:57.163683
805,11684,43263.500,3.703,2026-06-28 08:29:57.163683
806,563,1779.000,3.160,2026-06-28 08:29:57.163683
807,208,677.000,3.255,2026-06-28 08:29:57.163683
808,820,2644.500,3.225,2026-06-28 08:29:57.163683
809,1387,3985.500,2.873,2026-06-28 08:29:57.163683
810,1882,3439.500,1.828,2026-06-28 08:29:57.163683
812,35,84.500,2.414,2026-06-28 08:29:57.163683
813,453,1250.500,2.760,2026-06-28 08:29:57.163683
814,11,34.500,3.136,2026-06-28 08:29:57.163683
815,28,56.500,2.018,2026-06-28 08:29:57.163683
816,73,234.000,3.205,2026-06-28 08:29:57.163683
818,2847,7476.000,2.626,2026-06-28 08:29:57.163683
819,57,196.000,3.439,2026-06-28 08:29:57.163683
820,60,167.000,2.783,2026-06-28 08:29:57.163683
822,35,112.000,3.200,2026-06-28 08:29:57.163683
823,96,318.000,3.313,2026-06-28 08:29:57.163683
824,401,1529.000,3.813,2026-06-28 08:29:57.163683
825,21,56.000,2.667,2026-06-28 08:29:57.163683
826,24,54.000,2.250,2026-06-28 08:29:57.163683
827,160,501.500,3.134,2026-06-28 08:29:57.163683
828,1498,4747.000,3.169,2026-06-28 08:29:57.163683
829,1821,4874.000,2.677,2026-06-28 08:29:57.163683
830,6585,20350.000,3.090,2026-06-28 08:29:57.163683
831,221,780.500,3.532,2026-06-28 08:29:57.163683
832,14347,49611.000,3.458,2026-06-28 08:29:57.163683
833,1427,3890.000,2.726,2026-06-28 08:29:57.163683
834,203,537.000,2.645,2026-06-28 08:29:57.163683
835,947,3008.500,3.177,2026-06-28 08:29:57.163683
836,4860,14131.500,2.908,2026-06-28 08:29:57.163683
837,5294,18162.000,3.431,2026-06-28 08:29:57.163683
838,7938,30133.500,3.796,2026-06-28 08:29:57.163683
839,3984,10885.000,2.732,2026-06-28 08:29:57.163683
840,667,1802.500,2.702,2026-06-28 08:29:57.163683
841,459,1693.000,3.688,2026-06-28 08:29:57.163683
842,2014,5572.500,2.767,2026-06-28 08:29:57.163683
843,58,193.000,3.328,2026-06-28 08:29:57.163683
844,169,632.500,3.743,2026-06-28 08:29:57.163683
845,72,246.000,3.417,2026-06-28 08:29:57.163683
846,405,1415.000,3.494,2026-06-28 08:29:57.163683
847,114,324.500,2.846,2026-06-28 08:29:57.163683
848,2062,7567.000,3.670,2026-06-28 08:29:57.163683
849,8026,21933.500,2.733,2026-06-28 08:29:57.163683
850,255,900.500,3.531,2026-06-28 08:29:57.163683
851,1617,5664.000,3.503,2026-06-28 08:29:57.163683
852,10547,33627.000,3.188,2026-06-28 08:29:57.163683
853,112,367.500,3.281,2026-06-28 08:29:57.163683
854,210,774.500,3.688,2026-06-28 08:29:57.163683
855,35,98.500,2.814,2026-06-28 08:29:57.163683
856,58,196.500,3.388,2026-06-28 08:29:57.163683
857,45,146.500,3.256,2026-06-28 08:29:57.163683
858,41355,180503.500,4.365,2026-06-28 08:29:57.163683
860,362,1277.000,3.528,2026-06-28 08:29:57.163683
861,2527,8720.500,3.451,2026-06-28 08:29:57.163683
862,362,1307.500,3.612,2026-06-28 08:29:57.163683
864,85,281.000,3.306,2026-06-28 08:29:57.163683
865,100,331.000,3.310,2026-06-28 08:29:57.163683
866,6230,23253.500,3.733,2026-06-28 08:29:57.163683
867,335,787.000,2.349,2026-06-28 08:29:57.163683
868,87,273.500,3.144,2026-06-28 08:29:57.163683
869,568,1758.000,3.095,2026-06-28 08:29:57.163683
870,465,1043.500,2.244,2026-06-28 08:29:57.163683
871,60,193.500,3.225,2026-06-28 08:29:57.163683
872,61,212.000,3.475,2026-06-28 08:29:57.163683
873,41,121.500,2.963,2026-06-28 08:29:57.163683
874,73,224.500,3.075,2026-06-28 08:29:57.163683
875,524,1794.000,3.424,2026-06-28 08:29:57.163683
876,300,802.500,2.675,2026-06-28 08:29:57.163683
877,167,534.500,3.201,2026-06-28 08:29:57.163683
878,28,78.000,2.786,2026-06-28 08:29:57.163683
879,2200,6212.500,2.824,2026-06-28 08:29:57.163683
880,5420,13430.000,2.478,2026-06-28 08:29:57.163683
881,1107,3153.000,2.848,2026-06-28 08:29:57.163683
882,820,2462.000,3.002,2026-06-28 08:29:57.163683
884,54,179.000,3.315,2026-06-28 08:29:57.163683
885,633,1687.000,2.665,2026-06-28 08:29:57.163683
886,1658,5107.000,3.080,2026-06-28 08:29:57.163683
887,37,106.500,2.878,2026-06-28 08:29:57.163683
888,720,1662.500,2.309,2026-06-28 08:29:57.163683
889,119,405.000,3.403,2026-06-28 08:29:57.163683
890,29,86.500,2.983,2026-06-28 08:29:57.163683
891,1988,5154.000,2.593,2026-06-28 08:29:57.163683
892,1370,5107.500,3.728,2026-06-28 08:29:57.163683
893,584,2138.500,3.662,2026-06-28 08:29:57.163683
894,28,73.500,2.625,2026-06-28 08:29:57.163683
895,61,180.500,2.959,2026-06-28 08:29:57.163683
896,490,1804.000,3.682,2026-06-28 08:29:57.163683
897,885,3236.500,3.657,2026-06-28 08:29:57.163683
898,6583,27460.500,4.171,2026-06-28 08:29:57.163683
899,10219,41702.500,4.081,2026-06-28 08:29:57.163683
900,3033,11546.000,3.807,2026-06-28 08:29:57.163683
901,1546,5593.000,3.618,2026-06-28 08:29:57.163683
902,9499,36605.000,3.854,2026-06-28 08:29:57.163683
903,14094,58462.000,4.148,2026-06-28 08:29:57.163683
904,17449,74530.500,4.271,2026-06-28 08:29:57.163683
905,4184,17447.500,4.170,2026-06-28 08:29:57.163683
906,2057,8298.000,4.034,2026-06-28 08:29:57.163683
907,898,3529.500,3.930,2026-06-28 08:29:57.163683
908,15627,66157.500,4.234,2026-06-28 08:29:57.163683
909,5125,20736.500,4.046,2026-06-28 08:29:57.163683
910,10922,44591.000,4.083,2026-06-28 08:29:57.163683
911,4062,16532.000,4.070,2026-06-28 08:29:57.163683
912,24349,103686.000,4.258,2026-06-28 08:29:57.163683
913,12144,50849.500,4.187,2026-06-28 08:29:57.163683
914,9707,37966.500,3.911,2026-06-28 08:29:57.163683
915,5029,19651.000,3.908,2026-06-28 08:29:57.163683
916,5961,24332.000,4.082,2026-06-28 08:29:57.163683
917,1118,4038.000,3.612,2026-06-28 08:29:57.163683
918,1820,6803.000,3.738,2026-06-28 08:29:57.163683
919,23445,93350.500,3.982,2026-06-28 08:29:57.163683
920,14396,55019.500,3.822,2026-06-28 08:29:57.163683
921,2442,9245.500,3.786,2026-06-28 08:29:57.163683
922,6525,27776.500,4.257,2026-06-28 08:29:57.163683
923,17774,73414.500,4.130,2026-06-28 08:29:57.163683
924,25253,99894.500,3.956,2026-06-28 08:29:57.163683
925,94,330.000,3.511,2026-06-28 08:29:57.163683
926,4826,20289.000,4.204,2026-06-28 08:29:57.163683
927,880,3486.000,3.961,2026-06-28 08:29:57.163683
928,4652,19147.500,4.116,2026-06-28 08:29:57.163683
929,942,3632.000,3.856,2026-06-28 08:29:57.163683
930,4932,20703.500,4.198,2026-06-28 08:29:57.163683
931,2268,8878.000,3.914,2026-06-28 08:29:57.163683
932,2122,8120.500,3.827,2026-06-28 08:29:57.163683
933,4699,18933.000,4.029,2026-06-28 08:29:57.163683
934,3970,13752.000,3.464,2026-06-28 08:29:57.163683
935,628,2364.000,3.764,2026-06-28 08:29:57.163683
936,1410,5654.500,4.010,2026-06-28 08:29:57.163683
937,493,1814.000,3.680,2026-06-28 08:29:57.163683
938,1724,6226.500,3.612,2026-06-28 08:29:57.163683
939,103,340.000,3.301,2026-06-28 08:29:57.163683
940,3876,15099.500,3.896,2026-06-28 08:29:57.163683
941,955,3419.000,3.580,2026-06-28 08:29:57.163683
942,2641,10858.000,4.111,2026-06-28 08:29:57.163683
943,1710,6514.000,3.809,2026-06-28 08:29:57.163683
944,1084,4144.000,3.823,2026-06-28 08:29:57.163683
945,2120,8603.000,4.058,2026-06-28 08:29:57.163683
946,1391,5511.500,3.962,2026-06-28 08:29:57.163683
947,1739,7074.500,4.068,2026-06-28 08:29:57.163683
948,1683,6299.500,3.743,2026-06-28 08:29:57.163683
949,2157,8463.000,3.924,2026-06-28 08:29:57.163683
950,3358,14050.500,4.184,2026-06-28 08:29:57.163683
951,3902,16205.000,4.153,2026-06-28 08:29:57.163683
952,2482,8650.500,3.485,2026-06-28 08:29:57.163683
953,14084,57241.500,4.064,2026-06-28 08:29:57.163683
954,5712,23034.500,4.033,2026-06-28 08:29:57.163683
955,4427,17978.500,4.061,2026-06-28 08:29:57.163683
956,363,1265.000,3.485,2026-06-28 08:29:57.163683
957,234,756.500,3.233,2026-06-28 08:29:57.163683
958,94,297.500,3.165,2026-06-28 08:29:57.163683
959,393,1461.500,3.719,2026-06-28 08:29:57.163683
960,164,575.500,3.509,2026-06-28 08:29:57.163683
961,252,846.500,3.359,2026-06-28 08:29:57.163683
962,105,356.000,3.390,2026-06-28 08:29:57.163683
963,544,1940.500,3.567,2026-06-28 08:29:57.163683
964,341,1163.000,3.411,2026-06-28 08:29:57.163683
965,3624,14508.000,4.003,2026-06-28 08:29:57.163683
966,124,435.000,3.508,2026-06-28 08:29:57.163683
967,156,435.000,2.788,2026-06-28 08:29:57.163683
968,8029,29176.000,3.634,2026-06-28 08:29:57.163683
969,10526,43173.000,4.102,2026-06-28 08:29:57.163683
970,389,1375.500,3.536,2026-06-28 08:29:57.163683
971,2874,11348.000,3.949,2026-06-28 08:29:57.163683
972,117,368.000,3.145,2026-06-28 08:29:57.163683
973,942,3630.000,3.854,2026-06-28 08:29:57.163683
974,136,463.000,3.404,2026-06-28 08:29:57.163683
975,24,69.500,2.896,2026-06-28 08:29:57.163683
976,437,1544.500,3.534,2026-06-28 08:29:57.163683
977,10,20.000,2.000,2026-06-28 08:29:57.163683
979,41,129.500,3.159,2026-06-28 08:29:57.163683
980,117,357.000,3.051,2026-06-28 08:29:57.163683
981,211,553.000,2.621,2026-06-28 08:29:57.163683
982,588,2150.500,3.657,2026-06-28 08:29:57.163683
983,20,53.000,2.650,2026-06-28 08:29:57.163683
984,238,644.000,2.706,2026-06-28 08:29:57.163683
985,58,197.000,3.397,2026-06-28 08:29:57.163683
986,2780,9801.000,3.526,2026-06-28 08:29:57.163683
987,281,900.000,3.203,2026-06-28 08:29:57.163683
988,532,1786.000,3.357,2026-06-28 08:29:57.163683
989,72,245.500,3.410,2026-06-28 08:29:57.163683
990,909,2484.000,2.733,2026-06-28 08:29:57.163683
991,2500,8892.500,3.557,2026-06-28 08:29:57.163683
992,262,710.500,2.712,2026-06-28 08:29:57.163683
993,239,835.500,3.496,2026-06-28 08:29:57.163683
994,5299,21260.500,4.012,2026-06-28 08:29:57.163683
996,3276,9821.000,2.998,2026-06-28 08:29:57.163683
997,222,793.500,3.574,2026-06-28 08:29:57.163683
998,791,2531.500,3.200,2026-06-28 08:29:57.163683
999,3142,10334.000,3.289,2026-06-28 08:29:57.163683
1000,203,630.500,3.106,2026-06-28 08:29:57.163683
1001,35,94.500,2.700,2026-06-28 08:29:57.163683
1002,145,512.000,3.531,2026-06-28 08:29:57.163683
1003,1615,5070.500,3.140,2026-06-28 08:29:57.163683
1004,1569,4219.500,2.689,2026-06-28 08:29:57.163683
1005,2022,4957.000,2.452,2026-06-28 08:29:57.163683
1006,1512,4901.000,3.241,2026-06-28 08:29:57.163683
1007,1808,5311.000,2.938,2026-06-28 08:29:57.163683
1008,788,2622.000,3.327,2026-06-28 08:29:57.163683
1009,2604,8170.500,3.138,2026-06-28 08:29:57.163683
1010,2559,7867.500,3.074,2026-06-28 08:29:57.163683
1011,1543,4233.000,2.743,2026-06-28 08:29:57.163683
1012,3427,12204.500,3.561,2026-06-28 08:29:57.163683
1013,4344,14840.500,3.416,2026-06-28 08:29:57.163683
1014,1602,5396.000,3.368,2026-06-28 08:29:57.163683
1015,3501,11401.000,3.256,2026-06-28 08:29:57.163683
1016,1460,4559.500,3.123,2026-06-28 08:29:57.163683
1017,3254,11421.500,3.510,2026-06-28 08:29:57.163683
1018,1216,3740.500,3.076,2026-06-28 08:29:57.163683
1019,6215,22050.000,3.548,2026-06-28 08:29:57.163683
1020,6597,21359.000,3.238,2026-06-28 08:29:57.163683
1021,3503,9919.000,2.832,2026-06-28 08:29:57.163683
1022,8954,32059.000,3.580,2026-06-28 08:29:57.163683
1023,3234,12158.500,3.760,2026-06-28 08:29:57.163683
1024,1085,3454.500,3.184,2026-06-28 08:29:57.163683
1025,5428,19305.000,3.557,2026-06-28 08:29:57.163683
1026,119,380.000,3.193,2026-06-28 08:29:57.163683
1027,7695,25212.000,3.276,2026-06-28 08:29:57.163683
1028,14096,52612.000,3.732,2026-06-28 08:29:57.163683
1029,8951,31268.000,3.493,2026-06-28 08:29:57.163683
1030,3234,9972.500,3.084,2026-06-28 08:29:57.163683
1031,4227,14074.000,3.330,2026-06-28 08:29:57.163683
1032,7842,28467.500,3.630,2026-06-28 08:29:57.163683
1033,3982,13650.500,3.428,2026-06-28 08:29:57.163683
1034,1502,5316.000,3.539,2026-06-28 08:29:57.163683
1035,14049,53448.500,3.804,2026-06-28 08:29:57.163683
1036,30399,119585.000,3.934,2026-06-28 08:29:57.163683
1037,7006,19159.000,2.735,2026-06-28 08:29:57.163683
1038,233,752.000,3.227,2026-06-28 08:29:57.163683
1039,57,171.000,3.000,2026-06-28 08:29:57.163683
1040,152,515.500,3.391,2026-06-28 08:29:57.163683
1041,5625,22826.500,4.058,2026-06-28 08:29:57.163683
1042,8327,28728.500,3.450,2026-06-28 08:29:57.163683
1043,1211,3656.000,3.019,2026-06-28 08:29:57.163683
1044,506,1687.500,3.335,2026-06-28 08:29:57.163683
1045,46,144.500,3.141,2026-06-28 08:29:57.163683
1046,1287,5129.500,3.986,2026-06-28 08:29:57.163683
1047,8522,29257.000,3.433,2026-06-28 08:29:57.163683
1049,5039,17158.500,3.405,2026-06-28 08:29:57.163683
1050,1737,6546.000,3.769,2026-06-28 08:29:57.163683
1051,1352,4828.000,3.571,2026-06-28 08:29:57.163683
1052,48,162.000,3.375,2026-06-28 08:29:57.163683
1053,212,643.500,3.035,2026-06-28 08:29:57.163683
1054,785,2743.000,3.494,2026-06-28 08:29:57.163683
1055,330,898.000,2.721,2026-06-28 08:29:57.163683
1056,723,2502.500,3.461,2026-06-28 08:29:57.163683
1057,3308,11387.000,3.442,2026-06-28 08:29:57.163683
1058,135,445.000,3.296,2026-06-28 08:29:57.163683
1059,10195,36537.000,3.584,2026-06-28 08:29:57.163683
1060,9846,37989.000,3.858,2026-06-28 08:29:57.163683
1061,8740,31777.500,3.636,2026-06-28 08:29:57.163683
1062,66,202.000,3.061,2026-06-28 08:29:57.163683
1063,155,520.000,3.355,2026-06-28 08:29:57.163683
1064,2954,9064.000,3.068,2026-06-28 08:29:57.163683
1065,16,47.500,2.969,2026-06-28 08:29:57.163683
1066,1415,5643.500,3.988,2026-06-28 08:29:57.163683
1067,142,487.000,3.430,2026-06-28 08:29:57.163683
1068,333,1222.000,3.670,2026-06-28 08:29:57.163683
1069,764,3017.500,3.950,2026-06-28 08:29:57.163683
1070,57,175.000,3.070,2026-06-28 08:29:57.163683
1071,57,187.000,3.281,2026-06-28 08:29:57.163683
1073,28335,105121.000,3.710,2026-06-28 08:29:57.163683
1075,126,436.000,3.460,2026-06-28 08:29:57.163683
1076,428,1638.500,3.828,2026-06-28 08:29:57.163683
1077,6853,26506.000,3.868,2026-06-28 08:29:57.163683
1078,3590,13427.500,3.740,2026-06-28 08:29:57.163683
1079,19674,75737.500,3.850,2026-06-28 08:29:57.163683
1080,20557,81840.000,3.981,2026-06-28 08:29:57.163683
1081,3925,13798.000,3.515,2026-06-28 08:29:57.163683
1082,1848,6732.000,3.643,2026-06-28 08:29:57.163683
1083,1543,5340.000,3.461,2026-06-28 08:29:57.163683
1084,9533,37049.500,3.886,2026-06-28 08:29:57.163683
1085,1285,4705.000,3.661,2026-06-28 08:29:57.163683
1086,5581,22568.500,4.044,2026-06-28 08:29:57.163683
1087,276,939.500,3.404,2026-06-28 08:29:57.163683
1088,11013,35343.000,3.209,2026-06-28 08:29:57.163683
1089,27635,113009.500,4.089,2026-06-28 08:29:57.163683
1090,15808,61967.000,3.920,2026-06-28 08:29:57.163683
1091,5148,14291.500,2.776,2026-06-28 08:29:57.163683
1092,10998,36748.000,3.341,2026-06-28 08:29:57.163683
1093,7681,25764.000,3.354,2026-06-28 08:29:57.163683
1094,12348,45163.000,3.658,2026-06-28 08:29:57.163683
1095,6090,23527.500,3.863,2026-06-28 08:29:57.163683
1096,3681,14450.000,3.926,2026-06-28 08:29:57.163683
1097,32685,122729.500,3.755,2026-06-28 08:29:57.163683
1098,135,415.000,3.074,2026-06-28 08:29:57.163683
1099,2164,8313.500,3.842,2026-06-28 08:29:57.163683
1100,5342,15176.500,2.841,2026-06-28 08:29:57.163683
1101,20338,69437.000,3.414,2026-06-28 08:29:57.163683
1102,80,207.500,2.594,2026-06-28 08:29:57.163683
1103,5951,22685.500,3.812,2026-06-28 08:29:57.163683
1104,6372,25540.000,4.008,2026-06-28 08:29:57.163683
1105,922,2152.500,2.335,2026-06-28 08:29:57.163683
1106,38,97.000,2.553,2026-06-28 08:29:57.163683
1110,29,73.500,2.534,2026-06-28 08:29:57.163683
1111,1764,6997.000,3.967,2026-06-28 08:29:57.163683
1112,386,1315.500,3.408,2026-06-28 08:29:57.163683
1113,1046,3339.000,3.192,2026-06-28 08:29:57.163683
1114,486,1568.000,3.226,2026-06-28 08:29:57.163683
1115,39,116.500,2.987,2026-06-28 08:29:57.163683
1116,167,564.500,3.380,2026-06-28 08:29:57.163683
1117,222,810.000,3.649,2026-06-28 08:29:57.163683
1118,32,99.000,3.094,2026-06-28 08:29:57.163683
1119,180,568.500,3.158,2026-06-28 08:29:57.163683
1120,9028,32247.500,3.572,2026-06-28 08:29:57.163683
1121,114,324.500,2.846,2026-06-28 08:29:57.163683
1123,207,745.500,3.601,2026-06-28 08:29:57.163683
1124,4636,17095.500,3.688,2026-06-28 08:29:57.163683
1125,5267,19155.500,3.637,2026-06-28 08:29:57.163683
1126,3122,8211.000,2.630,2026-06-28 08:29:57.163683
1127,17508,64046.000,3.658,2026-06-28 08:29:57.163683
1128,1690,5062.500,2.996,2026-06-28 08:29:57.163683
1129,8891,30027.000,3.377,2026-06-28 08:29:57.163683
1130,1944,6238.000,3.209,2026-06-28 08:29:57.163683
1131,3247,13439.500,4.139,2026-06-28 08:29:57.163683
1132,3060,12492.500,4.083,2026-06-28 08:29:57.163683
1134,57,180.000,3.158,2026-06-28 08:29:57.163683
1135,3969,12279.000,3.094,2026-06-28 08:29:57.163683
1136,33024,137847.000,4.174,2026-06-28 08:29:57.163683
1137,68,220.000,3.235,2026-06-28 08:29:57.163683
1138,52,178.500,3.433,2026-06-28 08:29:57.163683
1139,25,79.000,3.160,2026-06-28 08:29:57.163683
1140,32,112.500,3.516,2026-06-28 08:29:57.163683
1143,55,185.000,3.364,2026-06-28 08:29:57.163683
1144,164,608.000,3.707,2026-06-28 08:29:57.163683
1145,57,198.000,3.474,2026-06-28 08:29:57.163683
1146,38,117.000,3.079,2026-06-28 08:29:57.163683
1147,3737,15540.000,4.158,2026-06-28 08:29:57.163683
1148,15022,62808.000,4.181,2026-06-28 08:29:57.163683
1149,59,188.000,3.186,2026-06-28 08:29:57.163683
1150,1661,6470.000,3.895,2026-06-28 08:29:57.163683
1151,368,1353.500,3.678,2026-06-28 08:29:57.163683
1152,164,572.000,3.488,2026-06-28 08:29:57.163683
1153,139,454.000,3.266,2026-06-28 08:29:57.163683
1154,106,360.500,3.401,2026-06-28 08:29:57.163683
1156,42,138.500,3.298,2026-06-28 08:29:57.163683
1157,32,104.500,3.266,2026-06-28 08:29:57.163683
1158,13,36.500,2.808,2026-06-28 08:29:57.163683
1159,19,52.500,2.763,2026-06-28 08:29:57.163683
1160,43,135.500,3.151,2026-06-28 08:29:57.163683
1161,1488,5661.000,3.804,2026-06-28 08:29:57.163683
1162,785,2980.000,3.796,2026-06-28 08:29:57.163683
1163,246,831.000,3.378,2026-06-28 08:29:57.163683
1164,157,542.500,3.455,2026-06-28 08:29:57.163683
1165,36,110.500,3.069,2026-06-28 08:29:57.163683
1167,863,2531.000,2.933,2026-06-28 08:29:57.163683
1168,201,505.000,2.512,2026-06-28 08:29:57.163683
1169,312,1203.500,3.857,2026-06-28 08:29:57.163683
1170,162,330.500,2.040,2026-06-28 08:29:57.163683
1171,3326,12360.000,3.716,2026-06-28 08:29:57.163683
1172,9100,37801.500,4.154,2026-06-28 08:29:57.163683
1173,2948,10095.500,3.425,2026-06-28 08:29:57.163683
1174,99,315.000,3.182,2026-06-28 08:29:57.163683
1175,7059,28126.000,3.984,2026-06-28 08:29:57.163683
1176,1727,6719.000,3.891,2026-06-28 08:29:57.163683
1177,1857,7166.500,3.859,2026-06-28 08:29:57.163683
1178,3568,15102.000,4.233,2026-06-28 08:29:57.163683
1179,6685,24897.000,3.724,2026-06-28 08:29:57.163683
1180,473,1785.000,3.774,2026-06-28 08:29:57.163683
1181,101,307.000,3.040,2026-06-28 08:29:57.163683
1183,15330,55706.500,3.634,2026-06-28 08:29:57.163683
1184,1038,3898.500,3.756,2026-06-28 08:29:57.163683
1185,5642,21983.000,3.896,2026-06-28 08:29:57.163683
1186,7099,25154.000,3.543,2026-06-28 08:29:57.163683
1187,1189,4368.500,3.674,2026-06-28 08:29:57.163683
1188,7657,29333.500,3.831,2026-06-28 08:29:57.163683
1189,2700,11148.000,4.129,2026-06-28 08:29:57.163683
1190,1537,5379.000,3.500,2026-06-28 08:29:57.163683
1191,1617,4684.000,2.897,2026-06-28 08:29:57.163683
1192,1054,4131.500,3.920,2026-06-28 08:29:57.163683
1193,29932,127153.500,4.248,2026-06-28 08:29:57.163683
1194,2592,8856.000,3.417,2026-06-28 08:29:57.163683
1196,45313,189780.000,4.188,2026-06-28 08:29:57.163683
1197,32586,136103.000,4.177,2026-06-28 08:29:57.163683
1198,43295,182662.000,4.219,2026-06-28 08:29:57.163683
1199,13957,56241.000,4.030,2026-06-28 08:29:57.163683
1200,27206,108977.500,4.006,2026-06-28 08:29:57.163683
1201,14496,59770.500,4.123,2026-06-28 08:29:57.163683
1202,1496,5741.500,3.838,2026-06-28 08:29:57.163683
1203,12934,54635.000,4.224,2026-06-28 08:29:57.163683
1204,12378,51518.500,4.162,2026-06-28 08:29:57.163683
1206,24694,98660.000,3.995,2026-06-28 08:29:57.163683
1207,14769,61866.500,4.189,2026-06-28 08:29:57.163683
1208,23090,94874.500,4.109,2026-06-28 08:29:57.163683
1209,4407,18194.500,4.129,2026-06-28 08:29:57.163683
1210,46839,187572.500,4.005,2026-06-28 08:29:57.163683
1211,3654,14706.500,4.025,2026-06-28 08:29:57.163683
1212,6565,27875.000,4.246,2026-06-28 08:29:57.163683
1213,26406,110473.000,4.184,2026-06-28 08:29:57.163683
1214,30933,125024.500,4.042,2026-06-28 08:29:57.163683
1215,12469,46451.000,3.725,2026-06-28 08:29:57.163683
1216,1738,6674.500,3.840,2026-06-28 08:29:57.163683
1217,4824,20133.500,4.174,2026-06-28 08:29:57.163683
1218,2839,11545.500,4.067,2026-06-28 08:29:57.163683
1219,19649,80107.000,4.077,2026-06-28 08:29:57.163683
1220,19824,75426.000,3.805,2026-06-28 08:29:57.163683
1221,27398,117144.000,4.276,2026-06-28 08:29:57.163683
1222,21926,88431.500,4.033,2026-06-28 08:29:57.163683
1223,7781,31643.500,4.067,2026-06-28 08:29:57.163683
1224,4656,19186.500,4.121,2026-06-28 08:29:57.163683
1225,20545,83698.000,4.074,2026-06-28 08:29:57.163683
1226,2220,8712.500,3.925,2026-06-28 08:29:57.163683
1227,4288,16938.500,3.950,2026-06-28 08:29:57.163683
1228,9711,39654.000,4.083,2026-06-28 08:29:57.163683
1230,15383,62782.000,4.081,2026-06-28 08:29:57.163683
1231,7902,31193.000,3.947,2026-06-28 08:29:57.163683
1232,1663,6688.500,4.022,2026-06-28 08:29:57.163683
1233,13612,56350.000,4.140,2026-06-28 08:29:57.163683
1234,14926,62294.500,4.174,2026-06-28 08:29:57.163683
1235,8066,32262.500,4.000,2026-06-28 08:29:57.163683
1236,942,3808.500,4.043,2026-06-28 08:29:57.163683
1237,4142,16994.000,4.103,2026-06-28 08:29:57.163683
1238,3194,12669.500,3.967,2026-06-28 08:29:57.163683
1240,33429,130252.500,3.896,2026-06-28 08:29:57.163683
1241,2576,9589.500,3.723,2026-06-28 08:29:57.163683
1242,12266,48751.500,3.975,2026-06-28 08:29:57.163683
1243,4178,16426.000,3.932,2026-06-28 08:29:57.163683
1244,8066,32837.000,4.071,2026-06-28 08:29:57.163683
1245,6060,24107.000,3.978,2026-06-28 08:29:57.163683
1246,20538,79971.000,3.894,2026-06-28 08:29:57.163683
1247,17039,69415.000,4.074,2026-06-28 08:29:57.163683
1248,4718,19735.500,4.183,2026-06-28 08:29:57.163683
1249,9227,35831.000,3.883,2026-06-28 08:29:57.163683
1250,12576,51688.000,4.110,2026-06-28 08:29:57.163683
1251,3096,12539.500,4.050,2026-06-28 08:29:57.163683
1252,15310,64297.000,4.200,2026-06-28 08:29:57.163683
1253,6259,24630.500,3.935,2026-06-28 08:29:57.163683
1254,5155,21452.000,4.161,2026-06-28 08:29:57.163683
1255,1963,6795.000,3.462,2026-06-28 08:29:57.163683
1256,5569,22998.000,4.130,2026-06-28 08:29:57.163683
1257,5406,20767.000,3.841,2026-06-28 08:29:57.163683
1258,23410,93910.000,4.012,2026-06-28 08:29:57.163683
1259,20804,83198.000,3.999,2026-06-28 08:29:57.163683
1260,4232,17745.500,4.193,2026-06-28 08:29:57.163683
1261,7788,29377.000,3.772,2026-06-28 08:29:57.163683
1262,10904,45117.000,4.138,2026-06-28 08:29:57.163683
1263,10572,42147.000,3.987,2026-06-28 08:29:57.163683
1264,2649,10648.500,4.020,2026-06-28 08:29:57.163683
1265,32026,123864.500,3.868,2026-06-28 08:29:57.163683
1266,14151,56439.000,3.988,2026-06-28 08:29:57.163683
1267,8988,37107.000,4.129,2026-06-28 08:29:57.163683
1268,3180,11142.500,3.504,2026-06-28 08:29:57.163683
1269,6894,27945.500,4.054,2026-06-28 08:29:57.163683
1270,41426,162561.500,3.924,2026-06-28 08:29:57.163683
1271,8868,33150.000,3.738,2026-06-28 08:29:57.163683
1272,8157,32989.000,4.044,2026-06-28 08:29:57.163683
1273,2645,10661.000,4.031,2026-06-28 08:29:57.163683
1274,8324,32154.000,3.863,2026-06-28 08:29:57.163683
1275,11350,41038.500,3.616,2026-06-28 08:29:57.163683
1276,11353,46659.000,4.110,2026-06-28 08:29:57.163683
1277,4099,15581.000,3.801,2026-06-28 08:29:57.163683
1278,15087,60299.500,3.997,2026-06-28 08:29:57.163683
1279,2377,9109.500,3.832,2026-06-28 08:29:57.163683
1280,3253,13481.500,4.144,2026-06-28 08:29:57.163683
1281,3811,15498.000,4.067,2026-06-28 08:29:57.163683
1282,12139,45346.000,3.736,2026-06-28 08:29:57.163683
1283,4941,20136.000,4.075,2026-06-28 08:29:57.163683
1284,5529,23262.500,4.207,2026-06-28 08:29:57.163683
1285,10991,41311.000,3.759,2026-06-28 08:29:57.163683
1286,2165,7723.500,3.567,2026-06-28 08:29:57.163683
1287,9106,34896.000,3.832,2026-06-28 08:29:57.163683
1288,16054,64733.500,4.032,2026-06-28 08:29:57.163683
1289,2748,10835.000,3.943,2026-06-28 08:29:57.163683
1290,2430,8607.000,3.542,2026-06-28 08:29:57.163683
1291,31280,125357.500,4.008,2026-06-28 08:29:57.163683
1292,6355,25332.500,3.986,2026-06-28 08:29:57.163683
1293,10028,40048.500,3.994,2026-06-28 08:29:57.163683
1295,3385,12452.500,3.679,2026-06-28 08:29:57.163683
1296,6556,25819.000,3.938,2026-06-28 08:29:57.163683
1297,4412,16133.500,3.657,2026-06-28 08:29:57.163683
1298,6138,22619.000,3.685,2026-06-28 08:29:57.163683
1299,7150,29244.000,4.090,2026-06-28 08:29:57.163683
1300,3591,14467.000,4.029,2026-06-28 08:29:57.163683
1301,3834,14837.000,3.870,2026-06-28 08:29:57.163683
1302,12267,44816.500,3.653,2026-06-28 08:29:57.163683
1303,3607,14573.000,4.040,2026-06-28 08:29:57.163683
1304,15558,63066.500,4.054,2026-06-28 08:29:57.163683
1305,2343,9034.000,3.856,2026-06-28 08:29:57.163683
1306,1083,3883.000,3.585,2026-06-28 08:29:57.163683
1307,21888,84115.500,3.843,2026-06-28 08:29:57.163683
1308,24,71.500,2.979,2026-06-28 08:29:57.163683
1309,31,100.500,3.242,2026-06-28 08:29:57.163683
1310,372,1320.000,3.548,2026-06-28 08:29:57.163683
1311,148,394.500,2.666,2026-06-28 08:29:57.163683
1312,330,1162.000,3.521,2026-06-28 08:29:57.163683
1313,107,301.500,2.818,2026-06-28 08:29:57.163683
1314,44,142.000,3.227,2026-06-28 08:29:57.163683
1315,65,219.000,3.369,2026-06-28 08:29:57.163683
1317,322,1029.500,3.197,2026-06-28 08:29:57.163683
1318,171,577.000,3.374,2026-06-28 08:29:57.163683
1319,24,71.500,2.979,2026-06-28 08:29:57.163683
1320,13401,41451.000,3.093,2026-06-28 08:29:57.163683
1321,7476,26613.000,3.560,2026-06-28 08:29:57.163683
1322,283,482.500,1.705,2026-06-28 08:29:57.163683
1323,424,677.500,1.598,2026-06-28 08:29:57.163683
1324,232,408.000,1.759,2026-06-28 08:29:57.163683
1325,272,461.000,1.695,2026-06-28 08:29:57.163683
1326,581,1143.500,1.968,2026-06-28 08:29:57.163683
1327,3021,8802.000,2.914,2026-06-28 08:29:57.163683
1328,266,485.000,1.823,2026-06-28 08:29:57.163683
1329,348,956.000,2.747,2026-06-28 08:29:57.163683
1330,921,2591.000,2.813,2026-06-28 08:29:57.163683
1331,397,1155.500,2.911,2026-06-28 08:29:57.163683
1332,733,2210.500,3.016,2026-06-28 08:29:57.163683
1333,11160,41873.000,3.752,2026-06-28 08:29:57.163683
1334,2769,8629.500,3.116,2026-06-28 08:29:57.163683
1335,207,399.000,1.928,2026-06-28 08:29:57.163683
1336,450,1033.000,2.296,2026-06-28 08:29:57.163683
1337,670,2330.000,3.478,2026-06-28 08:29:57.163683
1339,10022,34413.000,3.434,2026-06-28 08:29:57.163683
1340,2231,8353.000,3.744,2026-06-28 08:29:57.163683
1341,383,1098.000,2.867,2026-06-28 08:29:57.163683
1342,3289,9699.500,2.949,2026-06-28 08:29:57.163683
1343,9141,32369.000,3.541,2026-06-28 08:29:57.163683
1344,4414,16740.000,3.792,2026-06-28 08:29:57.163683
1345,8569,29561.500,3.450,2026-06-28 08:29:57.163683
1346,1708,5140.500,3.010,2026-06-28 08:29:57.163683
1347,7450,24340.000,3.267,2026-06-28 08:29:57.163683
1348,3741,14582.500,3.898,2026-06-28 08:29:57.163683
1349,119,380.500,3.197,2026-06-28 08:29:57.163683
1350,5420,19275.000,3.556,2026-06-28 08:29:57.163683
1351,396,1202.500,3.037,2026-06-28 08:29:57.163683
1352,772,2325.000,3.012,2026-06-28 08:29:57.163683
1353,2129,6766.000,3.178,2026-06-28 08:29:57.163683
1354,3793,14572.000,3.842,2026-06-28 08:29:57.163683
1355,785,2440.500,3.109,2026-06-28 08:29:57.163683
1356,19324,70820.000,3.665,2026-06-28 08:29:57.163683
1357,8043,31154.500,3.873,2026-06-28 08:29:57.163683
1358,13451,54012.000,4.015,2026-06-28 08:29:57.163683
1359,3463,8897.500,2.569,2026-06-28 08:29:57.163683
1360,53,170.500,3.217,2026-06-28 08:29:57.163683
1361,1591,6496.000,4.083,2026-06-28 08:29:57.163683
1363,1680,5205.000,3.098,2026-06-28 08:29:57.163683
1364,91,316.500,3.478,2026-06-28 08:29:57.163683
1365,1139,4378.000,3.844,2026-06-28 08:29:57.163683
1366,1960,6672.000,3.404,2026-06-28 08:29:57.163683
1367,8581,26416.000,3.078,2026-06-28 08:29:57.163683
1368,41,136.500,3.329,2026-06-28 08:29:57.163683
1369,95,320.000,3.368,2026-06-28 08:29:57.163683
1370,15579,53248.000,3.418,2026-06-28 08:29:57.163683
1371,9758,30070.000,3.082,2026-06-28 08:29:57.163683
1372,10862,35879.500,3.303,2026-06-28 08:29:57.163683
1373,7427,21053.000,2.835,2026-06-28 08:29:57.163683
1374,15893,58735.500,3.696,2026-06-28 08:29:57.163683
1375,10813,35104.500,3.247,2026-06-28 08:29:57.163683
1376,13098,45772.500,3.495,2026-06-28 08:29:57.163683
1377,12841,39737.500,3.095,2026-06-28 08:29:57.163683
1378,6755,22200.000,3.286,2026-06-28 08:29:57.163683
1379,3010,8946.500,2.972,2026-06-28 08:29:57.163683
1380,15630,51805.000,3.314,2026-06-28 08:29:57.163683
1381,3670,7207.000,1.964,2026-06-28 08:29:57.163683
1382,998,2739.500,2.745,2026-06-28 08:29:57.163683
1383,142,328.000,2.310,2026-06-28 08:29:57.163683
1384,127,462.000,3.638,2026-06-28 08:29:57.163683
1385,6053,18953.500,3.131,2026-06-28 08:29:57.163683
1386,29,75.000,2.586,2026-06-28 08:29:57.163683
1387,22168,84356.000,3.805,2026-06-28 08:29:57.163683
1388,4501,11630.500,2.584,2026-06-28 08:29:57.163683
1389,1965,3630.000,1.847,2026-06-28 08:29:57.163683
1390,1623,5288.500,3.258,2026-06-28 08:29:57.163683
1391,17230,51055.500,2.963,2026-06-28 08:29:57.163683
1392,1728,6280.500,3.635,2026-06-28 08:29:57.163683
1393,22319,80830.000,3.622,2026-06-28 08:29:57.163683
1394,15483,60159.500,3.886,2026-06-28 08:29:57.163683
1395,2269,7645.000,3.369,2026-06-28 08:29:57.163683
1396,12385,45140.500,3.645,2026-06-28 08:29:57.163683
1397,615,2186.500,3.555,2026-06-28 08:29:57.163683
1398,833,2628.000,3.155,2026-06-28 08:29:57.163683
1399,1456,4975.500,3.417,2026-06-28 08:29:57.163683
1400,32,105.000,3.281,2026-06-28 08:29:57.163683
1401,1483,5254.000,3.543,2026-06-28 08:29:57.163683
1404,645,2085.000,3.233,2026-06-28 08:29:57.163683
1405,8752,25968.500,2.967,2026-06-28 08:29:57.163683
1406,350,1261.000,3.603,2026-06-28 08:29:57.163683
1407,16067,52713.500,3.281,2026-06-28 08:29:57.163683
1408,12419,46208.000,3.721,2026-06-28 08:29:57.163683
1409,5998,18354.500,3.060,2026-06-28 08:29:57.163683
1410,751,2278.000,3.033,2026-06-28 08:29:57.163683
1411,5968,22648.500,3.795,2026-06-28 08:29:57.163683
1412,278,1038.500,3.736,2026-06-28 08:29:57.163683
1413,373,1323.000,3.547,2026-06-28 08:29:57.163683
1414,1648,5662.000,3.436,2026-06-28 08:29:57.163683
1415,271,964.500,3.559,2026-06-28 08:29:57.163683
1416,5017,15877.500,3.165,2026-06-28 08:29:57.163683
1417,753,2327.000,3.090,2026-06-28 08:29:57.163683
1419,1356,5262.000,3.881,2026-06-28 08:29:57.163683
1420,81,294.500,3.636,2026-06-28 08:29:57.163683
1422,2820,8625.500,3.059,2026-06-28 08:29:57.163683
1423,186,710.000,3.817,2026-06-28 08:29:57.163683
1424,25,72.000,2.880,2026-06-28 08:29:57.163683
1425,2125,6828.500,3.213,2026-06-28 08:29:57.163683
1426,245,643.000,2.624,2026-06-28 08:29:57.163683
1427,769,1981.500,2.577,2026-06-28 08:29:57.163683
1428,324,1113.000,3.435,2026-06-28 08:29:57.163683
1429,3431,11324.000,3.300,2026-06-28 08:29:57.163683
1430,200,638.000,3.190,2026-06-28 08:29:57.163683
1431,2931,7538.500,2.572,2026-06-28 08:29:57.163683
1432,1308,3754.500,2.870,2026-06-28 08:29:57.163683
1433,67,147.000,2.194,2026-06-28 08:29:57.163683
1436,68,202.000,2.971,2026-06-28 08:29:57.163683
1437,317,1164.500,3.674,2026-06-28 08:29:57.163683
1438,5933,16712.500,2.817,2026-06-28 08:29:57.163683
1439,335,775.500,2.315,2026-06-28 08:29:57.163683
1440,727,2029.500,2.792,2026-06-28 08:29:57.163683
1441,5970,21121.500,3.538,2026-06-28 08:29:57.163683
1442,710,2376.000,3.346,2026-06-28 08:29:57.163683
1443,23,73.500,3.196,2026-06-28 08:29:57.163683
1444,135,463.000,3.430,2026-06-28 08:29:57.163683
1445,1290,2994.000,2.321,2026-06-28 08:29:57.163683
1446,2237,8966.000,4.008,2026-06-28 08:29:57.163683
1447,599,1963.000,3.277,2026-06-28 08:29:57.163683
1448,50,164.500,3.290,2026-06-28 08:29:57.163683
1449,5957,23487.000,3.943,2026-06-28 08:29:57.163683
1450,284,1058.500,3.727,2026-06-28 08:29:57.163683
1453,1560,3784.500,2.426,2026-06-28 08:29:57.163683
1454,755,2416.500,3.201,2026-06-28 08:29:57.163683
1455,176,541.500,3.077,2026-06-28 08:29:57.163683
1456,525,1177.500,2.243,2026-06-28 08:29:57.163683
1457,2747,8543.000,3.110,2026-06-28 08:29:57.163683
1458,224,680.500,3.038,2026-06-28 08:29:57.163683
1459,3555,11866.500,3.338,2026-06-28 08:29:57.163683
1460,786,2047.500,2.605,2026-06-28 08:29:57.163683
1461,2483,6874.000,2.768,2026-06-28 08:29:57.163683
1462,20,49.000,2.450,2026-06-28 08:29:57.163683
1463,354,1094.500,3.092,2026-06-28 08:29:57.163683
1464,4022,14776.500,3.674,2026-06-28 08:29:57.163683
1465,999,3517.000,3.521,2026-06-28 08:29:57.163683
1466,10585,40274.000,3.805,2026-06-28 08:29:57.163683
1467,28,79.000,2.821,2026-06-28 08:29:57.163683
1468,1146,2971.000,2.592,2026-06-28 08:29:57.163683
1470,53,171.000,3.226,2026-06-28 08:29:57.163683
1471,91,307.000,3.374,2026-06-28 08:29:57.163683
1472,400,1217.000,3.043,2026-06-28 08:29:57.163683
1473,231,677.000,2.931,2026-06-28 08:29:57.163683
1474,1755,4427.000,2.523,2026-06-28 08:29:57.163683
1475,779,2402.500,3.084,2026-06-28 08:29:57.163683
1476,5779,19476.500,3.370,2026-06-28 08:29:57.163683
1477,352,1160.000,3.295,2026-06-28 08:29:57.163683
1479,7896,24955.000,3.160,2026-06-28 08:29:57.163683
1480,1921,6266.500,3.262,2026-06-28 08:29:57.163683
1482,511,1734.000,3.393,2026-06-28 08:29:57.163683
1483,2641,8071.000,3.056,2026-06-28 08:29:57.163683
1484,1034,3826.500,3.701,2026-06-28 08:29:57.163683
1485,16832,54186.000,3.219,2026-06-28 08:29:57.163683
1486,87,293.000,3.368,2026-06-28 08:29:57.163683
1487,1608,4979.500,3.097,2026-06-28 08:29:57.163683
1488,3452,10474.000,3.034,2026-06-28 08:29:57.163683
1489,393,1163.000,2.959,2026-06-28 08:29:57.163683
1490,320,630.000,1.969,2026-06-28 08:29:57.163683
1493,219,748.500,3.418,2026-06-28 08:29:57.163683
1495,715,994.000,1.390,2026-06-28 08:29:57.163683
1496,346,1117.000,3.228,2026-06-28 08:29:57.163683
1497,705,1609.500,2.283,2026-06-28 08:29:57.163683
1498,1223,3914.500,3.201,2026-06-28 08:29:57.163683
1499,5781,11997.000,2.075,2026-06-28 08:29:57.163683
1500,14487,54260.500,3.745,2026-06-28 08:29:57.163683
1501,191,478.000,2.503,2026-06-28 08:29:57.163683
1502,246,818.000,3.325,2026-06-28 08:29:57.163683
1503,1287,3370.000,2.618,2026-06-28 08:29:57.163683
1504,137,472.500,3.449,2026-06-28 08:29:57.163683
1507,372,1270.000,3.414,2026-06-28 08:29:57.163683
1508,202,664.000,3.287,2026-06-28 08:29:57.163683
1509,189,651.000,3.444,2026-06-28 08:29:57.163683
1510,23,62.000,2.696,2026-06-28 08:29:57.163683
1511,153,523.500,3.422,2026-06-28 08:29:57.163683
1513,8252,24366.000,2.953,2026-06-28 08:29:57.163683
1514,132,393.000,2.977,2026-06-28 08:29:57.163683
1515,3577,9471.000,2.648,2026-06-28 08:29:57.163683
1516,464,1612.000,3.474,2026-06-28 08:29:57.163683
1517,22074,76018.000,3.444,2026-06-28 08:29:57.163683
1518,3056,10106.000,3.307,2026-06-28 08:29:57.163683
1519,120,390.000,3.250,2026-06-28 08:29:57.163683
1520,144,396.000,2.750,2026-06-28 08:29:57.163683
1522,36,93.500,2.597,2026-06-28 08:29:57.163683
1523,351,1004.000,2.860,2026-06-28 08:29:57.163683
1524,20,48.500,2.425,2026-06-28 08:29:57.163683
1525,335,813.500,2.428,2026-06-28 08:29:57.163683
1526,777,1949.000,2.508,2026-06-28 08:29:57.163683
1527,27660,102742.500,3.714,2026-06-28 08:29:57.163683
1528,28,80.000,2.857,2026-06-28 08:29:57.163683
1529,234,784.000,3.350,2026-06-28 08:29:57.163683
1531,72,240.000,3.333,2026-06-28 08:29:57.163683
1532,62,149.500,2.411,2026-06-28 08:29:57.163683
1533,311,1164.500,3.744,2026-06-28 08:29:57.163683
1534,86,301.000,3.500,2026-06-28 08:29:57.163683
1535,751,2644.500,3.521,2026-06-28 08:29:57.163683
1537,3876,15326.500,3.954,2026-06-28 08:29:57.163683
1538,122,294.500,2.414,2026-06-28 08:29:57.163683
1539,279,866.000,3.104,2026-06-28 08:29:57.163683
1541,2118,6577.500,3.106,2026-06-28 08:29:57.163683
1542,2152,7685.000,3.571,2026-06-28 08:29:57.163683
1543,72,219.000,3.042,2026-06-28 08:29:57.163683
1544,14530,42904.500,2.953,2026-06-28 08:29:57.163683
1545,624,2411.500,3.865,2026-06-28 08:29:57.163683
1546,407,1479.000,3.634,2026-06-28 08:29:57.163683
1547,259,836.500,3.230,2026-06-28 08:29:57.163683
1548,38,117.000,3.079,2026-06-28 08:29:57.163683
1549,129,387.500,3.004,2026-06-28 08:29:57.163683
1550,686,1892.500,2.759,2026-06-28 08:29:57.163683
1551,311,798.500,2.568,2026-06-28 08:29:57.163683
1552,14110,44899.500,3.182,2026-06-28 08:29:57.163683
1553,32,104.000,3.250,2026-06-28 08:29:57.163683
1554,1307,4593.000,3.514,2026-06-28 08:29:57.163683
1555,68,237.000,3.485,2026-06-28 08:29:57.163683
1556,5326,10185.000,1.912,2026-06-28 08:29:57.163683
1557,18,54.500,3.028,2026-06-28 08:29:57.163683
1558,32,85.000,2.656,2026-06-28 08:29:57.163683
1559,9,25.000,2.778,2026-06-28 08:29:57.163683
1561,40,116.500,2.913,2026-06-28 08:29:57.163683
1562,9144,19976.000,2.185,2026-06-28 08:29:57.163683
1563,216,723.000,3.347,2026-06-28 08:29:57.163683
1564,270,973.000,3.604,2026-06-28 08:29:57.163683
1565,244,697.500,2.859,2026-06-28 08:29:57.163683
1566,5024,16678.000,3.320,2026-06-28 08:29:57.163683
1567,78,230.000,2.949,2026-06-28 08:29:57.163683
1568,6,17.000,2.833,2026-06-28 08:29:57.163683
1569,9955,32645.000,3.279,2026-06-28 08:29:57.163683
1570,305,955.000,3.131,2026-06-28 08:29:57.163683
1571,459,1672.000,3.643,2026-06-28 08:29:57.163683
1572,585,2236.500,3.823,2026-06-28 08:29:57.163683
1573,18460,61504.000,3.332,2026-06-28 08:29:57.163683
1574,116,350.500,3.022,2026-06-28 08:29:57.163683
1575,151,526.000,3.483,2026-06-28 08:29:57.163683
1577,35,124.500,3.557,2026-06-28 08:29:57.163683
1578,19,50.500,2.658,2026-06-28 08:29:57.163683
1579,33,101.000,3.061,2026-06-28 08:29:57.163683
1580,35580,126605.000,3.558,2026-06-28 08:29:57.163683
1581,610,1699.000,2.785,2026-06-28 08:29:57.163683
1582,477,1456.000,3.052,2026-06-28 08:29:57.163683
1583,244,662.500,2.715,2026-06-28 08:29:57.163683
1584,19874,72606.000,3.653,2026-06-28 08:29:57.163683
1585,207,691.500,3.341,2026-06-28 08:29:57.163683
1586,6692,19564.500,2.924,2026-06-28 08:29:57.163683
1587,6713,21593.000,3.217,2026-06-28 08:29:57.163683
1588,3983,10780.000,2.707,2026-06-28 08:29:57.163683
1589,5044,16584.000,3.288,2026-06-28 08:29:57.163683
1590,6687,19325.000,2.890,2026-06-28 08:29:57.163683
1591,5255,13769.000,2.620,2026-06-28 08:29:57.163683
1592,1375,3206.500,2.332,2026-06-28 08:29:57.163683
1593,1583,4576.000,2.891,2026-06-28 08:29:57.163683
1594,2552,9383.500,3.677,2026-06-28 08:29:57.163683
1595,941,1605.500,1.706,2026-06-28 08:29:57.163683
1596,481,1640.000,3.410,2026-06-28 08:29:57.163683
1597,10362,34406.000,3.320,2026-06-28 08:29:57.163683
1598,893,2576.000,2.885,2026-06-28 08:29:57.163683
1599,519,865.000,1.667,2026-06-28 08:29:57.163683
1600,671,1900.500,2.832,2026-06-28 08:29:57.163683
1601,637,1828.500,2.870,2026-06-28 08:29:57.163683
1602,424,846.500,1.996,2026-06-28 08:29:57.163683
1603,3072,8522.000,2.774,2026-06-28 08:29:57.163683
1604,758,2205.500,2.910,2026-06-28 08:29:57.163683
1605,893,2332.500,2.612,2026-06-28 08:29:57.163683
1606,855,1992.500,2.330,2026-06-28 08:29:57.163683
1608,14169,46853.000,3.307,2026-06-28 08:29:57.163683
1609,696,2085.000,2.996,2026-06-28 08:29:57.163683
1610,21349,82461.000,3.863,2026-06-28 08:29:57.163683
1611,2528,8616.000,3.408,2026-06-28 08:29:57.163683
1612,443,1420.000,3.205,2026-06-28 08:29:57.163683
1613,253,791.000,3.126,2026-06-28 08:29:57.163683
1614,4529,14308.500,3.159,2026-06-28 08:29:57.163683
1615,2405,8371.500,3.481,2026-06-28 08:29:57.163683
1616,3890,11762.000,3.024,2026-06-28 08:29:57.163683
1617,26836,109581.500,4.083,2026-06-28 08:29:57.163683
1619,4702,16043.000,3.412,2026-06-28 08:29:57.163683
1620,4404,14784.500,3.357,2026-06-28 08:29:57.163683
1621,656,2119.000,3.230,2026-06-28 08:29:57.163683
1622,57,141.500,2.482,2026-06-28 08:29:57.163683
1623,1019,2510.000,2.463,2026-06-28 08:29:57.163683
1624,467,1402.000,3.002,2026-06-28 08:29:57.163683
1625,15373,58983.000,3.837,2026-06-28 08:29:57.163683
1626,747,1815.000,2.430,2026-06-28 08:29:57.163683
1627,2562,8043.500,3.140,2026-06-28 08:29:57.163683
1628,39,102.000,2.615,2026-06-28 08:29:57.163683
1629,912,2949.500,3.234,2026-06-28 08:29:57.163683
1631,480,1653.000,3.444,2026-06-28 08:29:57.163683
1632,172,413.000,2.401,2026-06-28 08:29:57.163683
1633,2400,8809.500,3.671,2026-06-28 08:29:57.163683
1635,5570,21191.500,3.805,2026-06-28 08:29:57.163683
1636,78,194.500,2.494,2026-06-28 08:29:57.163683
1639,13933,50694.500,3.638,2026-06-28 08:29:57.163683
1640,502,1344.000,2.677,2026-06-28 08:29:57.163683
1641,15323,56876.500,3.712,2026-06-28 08:29:57.163683
1642,693,2126.500,3.069,2026-06-28 08:29:57.163683
1643,2624,10140.500,3.865,2026-06-28 08:29:57.163683
1644,7418,18433.000,2.485,2026-06-28 08:29:57.163683
1645,11458,39859.500,3.479,2026-06-28 08:29:57.163683
1646,795,2168.500,2.728,2026-06-28 08:29:57.163683
1647,677,1862.500,2.751,2026-06-28 08:29:57.163683
1648,1560,5529.500,3.545,2026-06-28 08:29:57.163683
1649,1473,5709.000,3.876,2026-06-28 08:29:57.163683
1650,426,1462.000,3.432,2026-06-28 08:29:57.163683
1651,145,443.000,3.055,2026-06-28 08:29:57.163683
1652,74,220.000,2.973,2026-06-28 08:29:57.163683
1653,18573,69961.500,3.767,2026-06-28 08:29:57.163683
1654,625,2044.000,3.270,2026-06-28 08:29:57.163683
1655,679,1727.000,2.543,2026-06-28 08:29:57.163683
1656,127,393.500,3.098,2026-06-28 08:29:57.163683
1657,153,512.000,3.346,2026-06-28 08:29:57.163683
1658,1804,5740.500,3.182,2026-06-28 08:29:57.163683
1659,92,272.000,2.957,2026-06-28 08:29:57.163683
1660,1234,4380.000,3.549,2026-06-28 08:29:57.163683
1661,611,1894.500,3.101,2026-06-28 08:29:57.163683
1662,209,595.500,2.849,2026-06-28 08:29:57.163683
1663,8001,29442.000,3.680,2026-06-28 08:29:57.163683
1664,64,210.000,3.281,2026-06-28 08:29:57.163683
1665,3208,8863.000,2.763,2026-06-28 08:29:57.163683
1666,138,359.500,2.605,2026-06-28 08:29:57.163683
1667,1058,2993.000,2.829,2026-06-28 08:29:57.163683
1668,290,821.000,2.831,2026-06-28 08:29:57.163683
1669,310,1064.500,3.434,2026-06-28 08:29:57.163683
1670,719,2527.000,3.515,2026-06-28 08:29:57.163683
1671,253,790.500,3.125,2026-06-28 08:29:57.163683
1672,3807,13654.000,3.587,2026-06-28 08:29:57.163683
1673,13491,49715.500,3.685,2026-06-28 08:29:57.163683
1674,11164,42973.500,3.849,2026-06-28 08:29:57.163683
1675,118,377.000,3.195,2026-06-28 08:29:57.163683
1676,15341,49308.000,3.214,2026-06-28 08:29:57.163683
1677,168,444.000,2.643,2026-06-28 08:29:57.163683
1678,4495,16672.500,3.709,2026-06-28 08:29:57.163683
1679,180,331.000,1.839,2026-06-28 08:29:57.163683
1680,6854,24345.500,3.552,2026-06-28 08:29:57.163683
1681,2023,4093.000,2.023,2026-06-28 08:29:57.163683
1682,24372,92693.500,3.803,2026-06-28 08:29:57.163683
1683,1893,6987.500,3.691,2026-06-28 08:29:57.163683
1684,609,2150.000,3.530,2026-06-28 08:29:57.163683
1685,83,245.500,2.958,2026-06-28 08:29:57.163683
1686,953,2986.000,3.133,2026-06-28 08:29:57.163683
1687,4572,14406.000,3.151,2026-06-28 08:29:57.163683
1688,3676,12498.000,3.400,2026-06-28 08:29:57.163683
1689,1985,6338.500,3.193,2026-06-28 08:29:57.163683
1690,10932,32890.000,3.009,2026-06-28 08:29:57.163683
1692,114,290.000,2.544,2026-06-28 08:29:57.163683
1693,4765,17086.500,3.586,2026-06-28 08:29:57.163683
1694,3026,11197.000,3.700,2026-06-28 08:29:57.163683
1695,200,705.000,3.525,2026-06-28 08:29:57.163683
1696,251,882.000,3.514,2026-06-28 08:29:57.163683
1697,22,51.500,2.341,2026-06-28 08:29:57.163683
1698,49,134.500,2.745,2026-06-28 08:29:57.163683
1699,1163,4218.500,3.627,2026-06-28 08:29:57.163683
1701,3058,10553.500,3.451,2026-06-28 08:29:57.163683
1702,3849,9816.000,2.550,2026-06-28 08:29:57.163683
1703,676,1834.500,2.714,2026-06-28 08:29:57.163683
1704,28324,114217.000,4.033,2026-06-28 08:29:57.163683
1705,14,32.500,2.321,2026-06-28 08:29:57.163683
1706,13,24.500,1.885,2026-06-28 08:29:57.163683
1707,2697,4908.500,1.820,2026-06-28 08:29:57.163683
1708,15,28.500,1.900,2026-06-28 08:29:57.163683
1710,22,45.000,2.045,2026-06-28 08:29:57.163683
1711,4712,15304.500,3.248,2026-06-28 08:29:57.163683
1713,2267,6497.500,2.866,2026-06-28 08:29:57.163683
1714,36,87.500,2.431,2026-06-28 08:29:57.163683
1715,93,234.500,2.522,2026-06-28 08:29:57.163683
1716,28,75.000,2.679,2026-06-28 08:29:57.163683
1717,6872,18884.000,2.748,2026-06-28 08:29:57.163683
1718,46,135.500,2.946,2026-06-28 08:29:57.163683
1719,3756,15038.500,4.004,2026-06-28 08:29:57.163683
1721,32238,107616.500,3.338,2026-06-28 08:29:57.163683
1722,11907,38505.500,3.234,2026-06-28 08:29:57.163683
1723,54,149.500,2.769,2026-06-28 08:29:57.163683
1724,33,97.000,2.939,2026-06-28 08:29:57.163683
1725,142,498.500,3.511,2026-06-28 08:29:57.163683
1726,1994,5776.000,2.897,2026-06-28 08:29:57.163683
1727,2181,6883.500,3.156,2026-06-28 08:29:57.163683
1728,231,794.500,3.439,2026-06-28 08:29:57.163683
1729,11557,42595.000,3.686,2026-06-28 08:29:57.163683
1730,1754,6447.500,3.676,2026-06-28 08:29:57.163683
1731,749,1380.000,1.842,2026-06-28 08:29:57.163683
1732,20725,81759.000,3.945,2026-06-28 08:29:57.163683
1733,550,1797.500,3.268,2026-06-28 08:29:57.163683
1734,1854,7325.000,3.951,2026-06-28 08:29:57.163683
1735,2924,9495.500,3.247,2026-06-28 08:29:57.163683
1739,623,963.000,1.546,2026-06-28 08:29:57.163683
1740,14,33.500,2.393,2026-06-28 08:29:57.163683
1742,26,58.500,2.250,2026-06-28 08:29:57.163683
1743,53,180.500,3.406,2026-06-28 08:29:57.163683
1744,477,1182.500,2.479,2026-06-28 08:29:57.163683
1746,390,1065.000,2.731,2026-06-28 08:29:57.163683
1747,10608,37284.000,3.515,2026-06-28 08:29:57.163683
1748,11759,44671.000,3.799,2026-06-28 08:29:57.163683
1749,94,297.500,3.165,2026-06-28 08:29:57.163683
1750,353,783.500,2.220,2026-06-28 08:29:57.163683
1752,1700,4670.000,2.747,2026-06-28 08:29:57.163683
1753,2358,7727.500,3.277,2026-06-28 08:29:57.163683
1754,3738,13044.500,3.490,2026-06-28 08:29:57.163683
1755,633,2216.000,3.501,2026-06-28 08:29:57.163683
1756,476,1288.000,2.706,2026-06-28 08:29:57.163683
1757,449,1727.500,3.847,2026-06-28 08:29:57.163683
1759,371,1399.500,3.772,2026-06-28 08:29:57.163683
1760,2658,4705.500,1.770,2026-06-28 08:29:57.163683
1762,1428,3926.000,2.749,2026-06-28 08:29:57.163683
1764,12,34.000,2.833,2026-06-28 08:29:57.163683
1765,22,51.500,2.341,2026-06-28 08:29:57.163683
1767,217,691.500,3.187,2026-06-28 08:29:57.163683
1768,37,124.000,3.351,2026-06-28 08:29:57.163683
1769,2702,8379.000,3.101,2026-06-28 08:29:57.163683
1770,205,587.500,2.866,2026-06-28 08:29:57.163683
1771,352,947.500,2.692,2026-06-28 08:29:57.163683
1772,2803,7140.000,2.547,2026-06-28 08:29:57.163683
1773,108,345.500,3.199,2026-06-28 08:29:57.163683
1776,14,30.500,2.179,2026-06-28 08:29:57.163683
1777,13384,45644.500,3.410,2026-06-28 08:29:57.163683
1779,5972,16834.500,2.819,2026-06-28 08:29:57.163683
1780,135,432.500,3.204,2026-06-28 08:29:57.163683
1781,8,19.000,2.375,2026-06-28 08:29:57.163683
1782,36,105.500,2.931,2026-06-28 08:29:57.163683
1783,1285,3708.500,2.886,2026-06-28 08:29:57.163683
1784,21684,82232.000,3.792,2026-06-28 08:29:57.163683
1785,1280,4413.000,3.448,2026-06-28 08:29:57.163683
1787,22,72.000,3.273,2026-06-28 08:29:57.163683
1788,683,2584.000,3.783,2026-06-28 08:29:57.163683
1791,497,1478.000,2.974,2026-06-28 08:29:57.163683
1792,4464,14320.000,3.208,2026-06-28 08:29:57.163683
1793,121,323.500,2.674,2026-06-28 08:29:57.163683
1794,1218,4279.500,3.514,2026-06-28 08:29:57.163683
1795,54,164.500,3.046,2026-06-28 08:29:57.163683
1796,37,96.000,2.595,2026-06-28 08:29:57.163683
1797,1859,7255.500,3.903,2026-06-28 08:29:57.163683
1798,303,756.500,2.497,2026-06-28 08:29:57.163683
1799,2199,7820.000,3.556,2026-06-28 08:29:57.163683
1801,5857,18020.500,3.077,2026-06-28 08:29:57.163683
1804,762,2233.000,2.930,2026-06-28 08:29:57.163683
1805,7494,24150.500,3.223,2026-06-28 08:29:57.163683
1806,1018,2882.000,2.831,2026-06-28 08:29:57.163683
1807,159,502.000,3.157,2026-06-28 08:29:57.163683
1809,1046,4145.000,3.963,2026-06-28 08:29:57.163683
1810,3916,13647.500,3.485,2026-06-28 08:29:57.163683
1811,82,267.000,3.256,2026-06-28 08:29:57.163683
1812,217,686.000,3.161,2026-06-28 08:29:57.163683
1814,236,802.000,3.398,2026-06-28 08:29:57.163683
1815,9,24.500,2.722,2026-06-28 08:29:57.163683
1816,713,2029.500,2.846,2026-06-28 08:29:57.163683
1817,87,243.000,2.793,2026-06-28 08:29:57.163683
1819,19,66.000,3.474,2026-06-28 08:29:57.163683
1820,61,183.000,3.000,2026-06-28 08:29:57.163683
1821,1628,5144.000,3.160,2026-06-28 08:29:57.163683
1822,169,319.500,1.891,2026-06-28 08:29:57.163683
1824,487,1488.500,3.056,2026-06-28 08:29:57.163683
1825,202,540.500,2.676,2026-06-28 08:29:57.163683
1826,419,487.500,1.163,2026-06-28 08:29:57.163683
1827,1022,3866.500,3.783,2026-06-28 08:29:57.163683
1829,278,858.500,3.088,2026-06-28 08:29:57.163683
1831,7463,19243.500,2.579,2026-06-28 08:29:57.163683
1832,48,126.000,2.625,2026-06-28 08:29:57.163683
1833,2389,7214.000,3.020,2026-06-28 08:29:57.163683
1834,4521,17551.000,3.882,2026-06-28 08:29:57.163683
1835,4823,15706.000,3.256,2026-06-28 08:29:57.163683
1836,1533,5053.000,3.296,2026-06-28 08:29:57.163683
1837,488,1276.000,2.615,2026-06-28 08:29:57.163683
1839,522,1180.000,2.261,2026-06-28 08:29:57.163683
1840,1586,5324.000,3.357,2026-06-28 08:29:57.163683
1841,750,2217.500,2.957,2026-06-28 08:29:57.163683
1842,23,65.500,2.848,2026-06-28 08:29:57.163683
1843,39,94.500,2.423,2026-06-28 08:29:57.163683
1844,637,2445.500,3.839,2026-06-28 08:29:57.163683
1845,2417,8978.000,3.715,2026-06-28 08:29:57.163683
1846,306,1079.500,3.528,2026-06-28 08:29:57.163683
1848,1457,4414.500,3.030,2026-06-28 08:29:57.163683
1849,49,113.000,2.306,2026-06-28 08:29:57.163683
1850,104,310.000,2.981,2026-06-28 08:29:57.163683
1851,14,38.500,2.750,2026-06-28 08:29:57.163683
1852,13,38.500,2.962,2026-06-28 08:29:57.163683
1853,160,313.500,1.959,2026-06-28 08:29:57.163683
1854,403,1193.000,2.960,2026-06-28 08:29:57.163683
1855,796,1813.500,2.278,2026-06-28 08:29:57.163683
1856,597,1841.500,3.085,2026-06-28 08:29:57.163683
1857,230,681.500,2.963,2026-06-28 08:29:57.163683
1858,1286,4045.000,3.145,2026-06-28 08:29:57.163683
1859,375,1365.000,3.640,2026-06-28 08:29:57.163683
1860,503,1936.000,3.849,2026-06-28 08:29:57.163683
1861,104,336.000,3.231,2026-06-28 08:29:57.163683
1862,2061,4338.000,2.105,2026-06-28 08:29:57.163683
1863,1033,2314.500,2.241,2026-06-28 08:29:57.163683
1864,109,267.500,2.454,2026-06-28 08:29:57.163683
1865,406,1402.000,3.453,2026-06-28 08:29:57.163683
1866,1703,5159.500,3.030,2026-06-28 08:29:57.163683
1867,261,545.500,2.090,2026-06-28 08:29:57.163683
1869,444,1026.000,2.311,2026-06-28 08:29:57.163683
1870,384,1272.000,3.313,2026-06-28 08:29:57.163683
1871,70,235.000,3.357,2026-06-28 08:29:57.163683
1872,73,231.000,3.164,2026-06-28 08:29:57.163683
1873,2702,10090.000,3.734,2026-06-28 08:29:57.163683
1874,184,585.000,3.179,2026-06-28 08:29:57.163683
1875,1054,3542.000,3.361,2026-06-28 08:29:57.163683
1876,11639,34371.500,2.953,2026-06-28 08:29:57.163683
1877,47,121.000,2.574,2026-06-28 08:29:57.163683
1878,143,287.000,2.007,2026-06-28 08:29:57.163683
1879,242,848.000,3.504,2026-06-28 08:29:57.163683
1880,283,1007.000,3.558,2026-06-28 08:29:57.163683
1881,603,1677.000,2.781,2026-06-28 08:29:57.163683
1882,7373,17362.000,2.355,2026-06-28 08:29:57.163683
1883,5085,17033.000,3.350,2026-06-28 08:29:57.163683
1884,7852,29280.000,3.729,2026-06-28 08:29:57.163683
1885,4349,15751.500,3.622,2026-06-28 08:29:57.163683
1886,73,148.000,2.027,2026-06-28 08:29:57.163683
1887,560,1469.000,2.623,2026-06-28 08:29:57.163683
1888,2953,8635.500,2.924,2026-06-28 08:29:57.163683
1889,1621,5800.500,3.578,2026-06-28 08:29:57.163683
1890,65,183.500,2.823,2026-06-28 08:29:57.163683
1891,101,246.000,2.436,2026-06-28 08:29:57.163683
1892,4181,14029.000,3.355,2026-06-28 08:29:57.163683
1893,185,679.000,3.670,2026-06-28 08:29:57.163683
1894,4913,13877.000,2.825,2026-06-28 08:29:57.163683
1895,3140,10033.000,3.195,2026-06-28 08:29:57.163683
1896,274,852.000,3.109,2026-06-28 08:29:57.163683
1897,1044,3719.500,3.563,2026-06-28 08:29:57.163683
1898,113,360.500,3.190,2026-06-28 08:29:57.163683
1899,87,262.500,3.017,2026-06-28 08:29:57.163683
1900,712,2860.500,4.018,2026-06-28 08:29:57.163683
1901,72,238.000,3.306,2026-06-28 08:29:57.163683
1902,281,926.500,3.297,2026-06-28 08:29:57.163683
1903,57,158.500,2.781,2026-06-28 08:29:57.163683
1904,936,3316.000,3.543,2026-06-28 08:29:57.163683
1905,46,122.000,2.652,2026-06-28 08:29:57.163683
1906,249,773.000,3.104,2026-06-28 08:29:57.163683
1907,7941,29021.000,3.655,2026-06-28 08:29:57.163683
1908,42,110.000,2.619,2026-06-28 08:29:57.163683
1909,11469,38174.000,3.328,2026-06-28 08:29:57.163683
1910,310,1065.000,3.435,2026-06-28 08:29:57.163683
1911,6762,18297.000,2.706,2026-06-28 08:29:57.163683
1912,7885,29120.500,3.693,2026-06-28 08:29:57.163683
1913,1742,6539.000,3.754,2026-06-28 08:29:57.163683
1914,2727,10417.000,3.820,2026-06-28 08:29:57.163683
1915,32,85.000,2.656,2026-06-28 08:29:57.163683
1916,2978,10808.000,3.629,2026-06-28 08:29:57.163683
1917,21103,62411.500,2.957,2026-06-28 08:29:57.163683
1918,8505,26366.500,3.100,2026-06-28 08:29:57.163683
1919,868,2714.500,3.127,2026-06-28 08:29:57.163683
1920,3731,10475.000,2.808,2026-06-28 08:29:57.163683
1921,9204,34467.500,3.745,2026-06-28 08:29:57.163683
1922,229,749.000,3.271,2026-06-28 08:29:57.163683
1923,24582,87175.000,3.546,2026-06-28 08:29:57.163683
1924,2304,6064.000,2.632,2026-06-28 08:29:57.163683
1925,323,1202.000,3.721,2026-06-28 08:29:57.163683
1926,182,577.000,3.170,2026-06-28 08:29:57.163683
1927,2600,10281.000,3.954,2026-06-28 08:29:57.163683
1928,162,499.000,3.080,2026-06-28 08:29:57.163683
1929,735,2756.500,3.750,2026-06-28 08:29:57.163683
1930,72,204.000,2.833,2026-06-28 08:29:57.163683
1931,1901,7446.000,3.917,2026-06-28 08:29:57.163683
1932,283,948.500,3.352,2026-06-28 08:29:57.163683
1933,206,720.000,3.495,2026-06-28 08:29:57.163683
1934,861,3373.500,3.918,2026-06-28 08:29:57.163683
1935,920,3542.500,3.851,2026-06-28 08:29:57.163683
1936,731,2748.000,3.759,2026-06-28 08:29:57.163683
1937,551,1969.000,3.574,2026-06-28 08:29:57.163683
1938,1090,4207.000,3.860,2026-06-28 08:29:57.163683
1939,1834,7546.500,4.115,2026-06-28 08:29:57.163683
1940,708,2657.000,3.753,2026-06-28 08:29:57.163683
1941,834,3138.500,3.763,2026-06-28 08:29:57.163683
1942,917,3595.000,3.920,2026-06-28 08:29:57.163683
1943,532,1712.000,3.218,2026-06-28 08:29:57.163683
1944,2941,11621.000,3.951,2026-06-28 08:29:57.163683
1945,5644,23499.000,4.164,2026-06-28 08:29:57.163683
1946,1299,5083.500,3.913,2026-06-28 08:29:57.163683
1947,8492,32072.500,3.777,2026-06-28 08:29:57.163683
1948,1324,5016.000,3.789,2026-06-28 08:29:57.163683
1949,2123,8773.500,4.133,2026-06-28 08:29:57.163683
1950,3449,14050.500,4.074,2026-06-28 08:29:57.163683
1951,2174,7931.000,3.648,2026-06-28 08:29:57.163683
1952,6302,25212.000,4.001,2026-06-28 08:29:57.163683
1953,8571,33953.500,3.961,2026-06-28 08:29:57.163683
1954,14865,55385.000,3.726,2026-06-28 08:29:57.163683
1955,4900,18299.500,3.735,2026-06-28 08:29:57.163683
1956,4370,17017.000,3.894,2026-06-28 08:29:57.163683
1957,6721,25058.500,3.728,2026-06-28 08:29:57.163683
1958,5079,18481.000,3.639,2026-06-28 08:29:57.163683
1959,5016,18203.000,3.629,2026-06-28 08:29:57.163683
1960,7078,27267.500,3.852,2026-06-28 08:29:57.163683
1961,24591,95884.500,3.899,2026-06-28 08:29:57.163683
1962,8317,30921.500,3.718,2026-06-28 08:29:57.163683
1963,2314,9125.000,3.943,2026-06-28 08:29:57.163683
1964,2284,8664.500,3.794,2026-06-28 08:29:57.163683
1965,6176,22207.000,3.596,2026-06-28 08:29:57.163683
1966,1656,6288.000,3.797,2026-06-28 08:29:57.163683
1967,8305,30156.500,3.631,2026-06-28 08:29:57.163683
1968,21158,81006.500,3.829,2026-06-28 08:29:57.163683
1969,2176,5243.000,2.409,2026-06-28 08:29:57.163683
1970,2333,6192.500,2.654,2026-06-28 08:29:57.163683
1971,1743,4144.500,2.378,2026-06-28 08:29:57.163683
1972,1416,3110.500,2.197,2026-06-28 08:29:57.163683
1973,1358,3077.000,2.266,2026-06-28 08:29:57.163683
1974,3825,10996.000,2.875,2026-06-28 08:29:57.163683
1975,1674,4055.000,2.422,2026-06-28 08:29:57.163683
1976,1350,2866.500,2.123,2026-06-28 08:29:57.163683
1977,1246,2730.000,2.191,2026-06-28 08:29:57.163683
1978,1107,2204.000,1.991,2026-06-28 08:29:57.163683
1979,1191,2489.000,2.090,2026-06-28 08:29:57.163683
1980,1024,2027.500,1.980,2026-06-28 08:29:57.163683
1981,1192,2098.000,1.760,2026-06-28 08:29:57.163683
1982,6325,22445.000,3.549,2026-06-28 08:29:57.163683
1983,1626,4497.500,2.766,2026-06-28 08:29:57.163683
1984,1060,2033.000,1.918,2026-06-28 08:29:57.163683
1985,974,2277.500,2.338,2026-06-28 08:29:57.163683
1986,915,1954.500,2.136,2026-06-28 08:29:57.163683
1987,600,1476.000,2.460,2026-06-28 08:29:57.163683
1988,305,633.500,2.077,2026-06-28 08:29:57.163683
1989,182,281.500,1.547,2026-06-28 08:29:57.163683
1990,152,217.500,1.431,2026-06-28 08:29:57.163683
1991,2286,6362.500,2.783,2026-06-28 08:29:57.163683
1992,1189,2669.500,2.245,2026-06-28 08:29:57.163683
1993,956,1898.000,1.985,2026-06-28 08:29:57.163683
1994,9026,31748.000,3.517,2026-06-28 08:29:57.163683
1995,1485,3665.500,2.468,2026-06-28 08:29:57.163683
1996,1107,2221.500,2.007,2026-06-28 08:29:57.163683
1997,13359,50018.500,3.744,2026-06-28 08:29:57.163683
1998,1022,1959.500,1.917,2026-06-28 08:29:57.163683
1999,1049,2751.000,2.622,2026-06-28 08:29:57.163683
2000,17620,65029.000,3.691,2026-06-28 08:29:57.163683
2001,13080,43283.000,3.309,2026-06-28 08:29:57.163683
2002,8832,28114.500,3.183,2026-06-28 08:29:57.163683
2003,11200,36331.000,3.244,2026-06-28 08:29:57.163683
2004,4571,12375.500,2.707,2026-06-28 08:29:57.163683
2005,10401,37539.000,3.609,2026-06-28 08:29:57.163683
2006,12999,42990.000,3.307,2026-06-28 08:29:57.163683
2007,400,1096.000,2.740,2026-06-28 08:29:57.163683
2008,103,268.000,2.602,2026-06-28 08:29:57.163683
2009,4080,14277.000,3.499,2026-06-28 08:29:57.163683
2010,5437,21698.500,3.991,2026-06-28 08:29:57.163683
2011,19446,67020.500,3.446,2026-06-28 08:29:57.163683
2012,19724,64088.500,3.249,2026-06-28 08:29:57.163683
2013,5171,17121.000,3.311,2026-06-28 08:29:57.163683
2014,1848,5678.500,3.073,2026-06-28 08:29:57.163683
2015,2512,8486.500,3.378,2026-06-28 08:29:57.163683
2016,854,2217.000,2.596,2026-06-28 08:29:57.163683
2017,1004,2976.500,2.965,2026-06-28 08:29:57.163683
2018,7257,25615.500,3.530,2026-06-28 08:29:57.163683
2019,11611,49627.500,4.274,2026-06-28 08:29:57.163683
2020,7710,29988.500,3.890,2026-06-28 08:29:57.163683
2021,9039,29915.500,3.310,2026-06-28 08:29:57.163683
2022,2801,10186.000,3.637,2026-06-28 08:29:57.163683
2023,10141,34606.000,3.412,2026-06-28 08:29:57.163683
2024,816,2681.000,3.286,2026-06-28 08:29:57.163683
2025,2278,7825.000,3.435,2026-06-28 08:29:57.163683
2026,1160,3056.500,2.635,2026-06-28 08:29:57.163683
2027,1047,2600.500,2.484,2026-06-28 08:29:57.163683
2028,37110,150830.500,4.064,2026-06-28 08:29:57.163683
2029,499,1727.500,3.462,2026-06-28 08:29:57.163683
2030,38,106.000,2.789,2026-06-28 08:29:57.163683
2031,256,670.500,2.619,2026-06-28 08:29:57.163683
2032,238,682.500,2.868,2026-06-28 08:29:57.163683
2033,1415,4521.000,3.195,2026-06-28 08:29:57.163683
2034,2182,6172.000,2.829,2026-06-28 08:29:57.163683
2035,324,1005.500,3.103,2026-06-28 08:29:57.163683
2036,1074,2513.000,2.340,2026-06-28 08:29:57.163683
2037,425,1410.500,3.319,2026-06-28 08:29:57.163683
2038,1230,3549.000,2.885,2026-06-28 08:29:57.163683
2039,64,171.500,2.680,2026-06-28 08:29:57.163683
2040,799,2304.000,2.884,2026-06-28 08:29:57.163683
2041,856,2291.000,2.676,2026-06-28 08:29:57.163683
2042,2413,6339.500,2.627,2026-06-28 08:29:57.163683
2043,1118,3650.000,3.265,2026-06-28 08:29:57.163683
2044,296,732.000,2.473,2026-06-28 08:29:57.163683
2045,416,1406.500,3.381,2026-06-28 08:29:57.163683
2046,5213,17804.500,3.415,2026-06-28 08:29:57.163683
2047,157,457.500,2.914,2026-06-28 08:29:57.163683
2048,1563,5379.500,3.442,2026-06-28 08:29:57.163683
2049,204,667.000,3.270,2026-06-28 08:29:57.163683
2050,1034,2585.000,2.500,2026-06-28 08:29:57.163683
2051,888,2281.000,2.569,2026-06-28 08:29:57.163683
2052,2225,6577.000,2.956,2026-06-28 08:29:57.163683
2053,4509,9508.000,2.109,2026-06-28 08:29:57.163683
2054,16510,44622.000,2.703,2026-06-28 08:29:57.163683
2055,212,579.000,2.731,2026-06-28 08:29:57.163683
2056,175,589.500,3.369,2026-06-28 08:29:57.163683
2057,740,2491.000,3.366,2026-06-28 08:29:57.163683
2058,8680,31111.000,3.584,2026-06-28 08:29:57.163683
2059,3048,9630.000,3.159,2026-06-28 08:29:57.163683
2060,2514,7657.000,3.046,2026-06-28 08:29:57.163683
2061,130,403.000,3.100,2026-06-28 08:29:57.163683
2062,435,1352.500,3.109,2026-06-28 08:29:57.163683
2063,78,220.000,2.821,2026-06-28 08:29:57.163683
2064,7371,28745.000,3.900,2026-06-28 08:29:57.163683
2065,3925,14436.500,3.678,2026-06-28 08:29:57.163683
2066,1082,4456.500,4.119,2026-06-28 08:29:57.163683
2067,5685,22400.500,3.940,2026-06-28 08:29:57.163683
2068,1834,7272.500,3.965,2026-06-28 08:29:57.163683
2069,1128,4293.500,3.806,2026-06-28 08:29:57.163683
2070,1756,6943.500,3.954,2026-06-28 08:29:57.163683
2071,1386,5263.500,3.798,2026-06-28 08:29:57.163683
2072,3220,9877.000,3.067,2026-06-28 08:29:57.163683
2073,607,2111.500,3.479,2026-06-28 08:29:57.163683
2074,274,956.500,3.491,2026-06-28 08:29:57.163683
2075,594,2234.000,3.761,2026-06-28 08:29:57.163683
2076,8875,34002.000,3.831,2026-06-28 08:29:57.163683
2077,1055,3690.500,3.498,2026-06-28 08:29:57.163683
2078,8694,31763.000,3.653,2026-06-28 08:29:57.163683
2079,139,451.000,3.245,2026-06-28 08:29:57.163683
2080,10062,36207.000,3.598,2026-06-28 08:29:57.163683
2081,14294,50228.000,3.514,2026-06-28 08:29:57.163683
2082,4525,12943.500,2.860,2026-06-28 08:29:57.163683
2083,3413,12294.000,3.602,2026-06-28 08:29:57.163683
2084,1028,3274.500,3.185,2026-06-28 08:29:57.163683
2085,7784,26719.500,3.433,2026-06-28 08:29:57.163683
2086,210,641.500,3.055,2026-06-28 08:29:57.163683
2087,7075,25195.500,3.561,2026-06-28 08:29:57.163683
2088,3539,9069.500,2.563,2026-06-28 08:29:57.163683
2089,2370,7777.500,3.282,2026-06-28 08:29:57.163683
2090,2847,9829.500,3.453,2026-06-28 08:29:57.163683
2091,1196,3453.500,2.888,2026-06-28 08:29:57.163683
2092,1813,4462.500,2.461,2026-06-28 08:29:57.163683
2093,1978,5821.500,2.943,2026-06-28 08:29:57.163683
2094,6994,21360.500,3.054,2026-06-28 08:29:57.163683
2095,786,2204.500,2.805,2026-06-28 08:29:57.163683
2096,6291,22655.500,3.601,2026-06-28 08:29:57.163683
2097,1376,4676.000,3.398,2026-06-28 08:29:57.163683
2098,468,1324.000,2.829,2026-06-28 08:29:57.163683
2099,1376,4977.500,3.617,2026-06-28 08:29:57.163683
2100,11777,37958.000,3.223,2026-06-28 08:29:57.163683
2101,153,474.000,3.098,2026-06-28 08:29:57.163683
2102,1302,4484.000,3.444,2026-06-28 08:29:57.163683
2103,215,639.000,2.972,2026-06-28 08:29:57.163683
2104,302,986.500,3.267,2026-06-28 08:29:57.163683
2105,10076,33501.000,3.325,2026-06-28 08:29:57.163683
2106,1529,5111.000,3.343,2026-06-28 08:29:57.163683
2107,2143,5381.000,2.511,2026-06-28 08:29:57.163683
2108,7039,25431.000,3.613,2026-06-28 08:29:57.163683
2109,6950,25275.500,3.637,2026-06-28 08:29:57.163683
2110,2562,8404.000,3.280,2026-06-28 08:29:57.163683
2111,2222,7165.000,3.225,2026-06-28 08:29:57.163683
2112,2659,9038.500,3.399,2026-06-28 08:29:57.163683
2113,515,1108.500,2.152,2026-06-28 08:29:57.163683
2114,3328,12021.500,3.612,2026-06-28 08:29:57.163683
2115,21266,78184.500,3.677,2026-06-28 08:29:57.163683
2116,5175,16643.500,3.216,2026-06-28 08:29:57.163683
2117,3407,12390.500,3.637,2026-06-28 08:29:57.163683
2118,3388,12363.000,3.649,2026-06-28 08:29:57.163683
2119,1260,2943.500,2.336,2026-06-28 08:29:57.163683
2120,1571,4589.000,2.921,2026-06-28 08:29:57.163683
2121,1915,5270.000,2.752,2026-06-28 08:29:57.163683
2122,2398,6226.500,2.597,2026-06-28 08:29:57.163683
2123,2466,7369.000,2.988,2026-06-28 08:29:57.163683
2124,8218,26144.000,3.181,2026-06-28 08:29:57.163683
2125,5655,20598.000,3.642,2026-06-28 08:29:57.163683
2126,4621,12903.500,2.792,2026-06-28 08:29:57.163683
2127,40,104.000,2.600,2026-06-28 08:29:57.163683
2128,236,781.000,3.309,2026-06-28 08:29:57.163683
2129,71,245.000,3.451,2026-06-28 08:29:57.163683
2130,2059,7892.000,3.833,2026-06-28 08:29:57.163683
2131,481,1885.000,3.919,2026-06-28 08:29:57.163683
2132,3083,12491.000,4.052,2026-06-28 08:29:57.163683
2133,4642,14980.000,3.227,2026-06-28 08:29:57.163683
2134,5758,18920.000,3.286,2026-06-28 08:29:57.163683
2135,2108,6415.000,3.043,2026-06-28 08:29:57.163683
2136,2883,8215.000,2.849,2026-06-28 08:29:57.163683
2137,5625,20118.000,3.577,2026-06-28 08:29:57.163683
2138,2803,10388.500,3.706,2026-06-28 08:29:57.163683
2139,4574,17059.000,3.730,2026-06-28 08:29:57.163683
2140,7980,28656.000,3.591,2026-06-28 08:29:57.163683
2141,4551,15224.000,3.345,2026-06-28 08:29:57.163683
2142,2154,6450.000,2.994,2026-06-28 08:29:57.163683
2143,3100,10170.000,3.281,2026-06-28 08:29:57.163683
2144,8453,30759.500,3.639,2026-06-28 08:29:57.163683
2145,7239,24309.000,3.358,2026-06-28 08:29:57.163683
2146,3167,9981.000,3.152,2026-06-28 08:29:57.163683
2147,1312,3408.000,2.598,2026-06-28 08:29:57.163683
2148,1123,3296.000,2.935,2026-06-28 08:29:57.163683
2149,654,1491.000,2.280,2026-06-28 08:29:57.163683
2150,8794,32123.000,3.653,2026-06-28 08:29:57.163683
2151,1513,4709.500,3.113,2026-06-28 08:29:57.163683
2152,751,1498.000,1.995,2026-06-28 08:29:57.163683
2153,2684,5579.500,2.079,2026-06-28 08:29:57.163683
2154,1062,2836.500,2.671,2026-06-28 08:29:57.163683
2155,1863,6349.000,3.408,2026-06-28 08:29:57.163683
2156,60,189.500,3.158,2026-06-28 08:29:57.163683
2157,119,394.000,3.311,2026-06-28 08:29:57.163683
2158,202,571.500,2.829,2026-06-28 08:29:57.163683
2159,1605,5480.500,3.415,2026-06-28 08:29:57.163683
2160,7665,28755.500,3.752,2026-06-28 08:29:57.163683
2161,10169,35540.500,3.495,2026-06-28 08:29:57.163683
2162,2086,5053.000,2.422,2026-06-28 08:29:57.163683
2163,1803,4525.500,2.510,2026-06-28 08:29:57.163683
2164,213,455.500,2.138,2026-06-28 08:29:57.163683
2165,985,3171.500,3.220,2026-06-28 08:29:57.163683
2166,1003,3551.500,3.541,2026-06-28 08:29:57.163683
2167,11401,38257.500,3.356,2026-06-28 08:29:57.163683
2168,511,1551.000,3.035,2026-06-28 08:29:57.163683
2169,1089,2946.000,2.705,2026-06-28 08:29:57.163683
2170,880,2338.500,2.657,2026-06-28 08:29:57.163683
2171,1203,4399.000,3.657,2026-06-28 08:29:57.163683
2172,105,348.500,3.319,2026-06-28 08:29:57.163683
2173,786,2773.500,3.529,2026-06-28 08:29:57.163683
2174,19988,69414.000,3.473,2026-06-28 08:29:57.163683
2175,112,382.500,3.415,2026-06-28 08:29:57.163683
2176,2866,11246.000,3.924,2026-06-28 08:29:57.163683
2177,607,1942.000,3.199,2026-06-28 08:29:57.163683
2178,1080,3904.000,3.615,2026-06-28 08:29:57.163683
2179,363,1099.000,3.028,2026-06-28 08:29:57.163683
2180,557,1856.000,3.332,2026-06-28 08:29:57.163683
2181,1078,3802.000,3.527,2026-06-28 08:29:57.163683
2182,768,2817.500,3.669,2026-06-28 08:29:57.163683
2183,2278,8828.000,3.875,2026-06-28 08:29:57.163683
2184,1423,5198.000,3.653,2026-06-28 08:29:57.163683
2185,300,1046.000,3.487,2026-06-28 08:29:57.163683
2186,5154,21433.500,4.159,2026-06-28 08:29:57.163683
2187,267,938.000,3.513,2026-06-28 08:29:57.163683
2188,2181,6112.000,2.802,2026-06-28 08:29:57.163683
2189,185,642.500,3.473,2026-06-28 08:29:57.163683
2190,306,872.000,2.850,2026-06-28 08:29:57.163683
2191,97,284.500,2.933,2026-06-28 08:29:57.163683
2192,56,171.000,3.054,2026-06-28 08:29:57.163683
2193,9217,31813.500,3.452,2026-06-28 08:29:57.163683
2194,15442,59984.500,3.885,2026-06-28 08:29:57.163683
2195,1100,3378.500,3.071,2026-06-28 08:29:57.163683
2196,320,687.500,2.148,2026-06-28 08:29:57.163683
2197,141,499.500,3.543,2026-06-28 08:29:57.163683
2198,58,205.500,3.543,2026-06-28 08:29:57.163683
2199,67,217.000,3.239,2026-06-28 08:29:57.163683
2200,89,239.000,2.685,2026-06-28 08:29:57.163683
2201,240,778.500,3.244,2026-06-28 08:29:57.163683
2202,1551,5994.000,3.865,2026-06-28 08:29:57.163683
2203,2199,9147.000,4.160,2026-06-28 08:29:57.163683
2204,749,2801.000,3.740,2026-06-28 08:29:57.163683
2205,641,2149.000,3.353,2026-06-28 08:29:57.163683
2206,1424,5594.000,3.928,2026-06-28 08:29:57.163683
2207,154,454.000,2.948,2026-06-28 08:29:57.163683
2208,2196,8974.000,4.087,2026-06-28 08:29:57.163683
2209,169,572.500,3.388,2026-06-28 08:29:57.163683
2210,552,2065.500,3.742,2026-06-28 08:29:57.163683
2211,246,842.000,3.423,2026-06-28 08:29:57.163683
2212,1284,4850.000,3.777,2026-06-28 08:29:57.163683
2213,17,30.500,1.794,2026-06-28 08:29:57.163683
2214,71,210.000,2.958,2026-06-28 08:29:57.163683
2215,81,240.000,2.963,2026-06-28 08:29:57.163683
2216,43,118.500,2.756,2026-06-28 08:29:57.163683
2217,8,12.000,1.500,2026-06-28 08:29:57.163683
2218,43,104.500,2.430,2026-06-28 08:29:57.163683
2219,127,406.000,3.197,2026-06-28 08:29:57.163683
2220,31,87.000,2.806,2026-06-28 08:29:57.163683
2221,192,673.500,3.508,2026-06-28 08:29:57.163683
2222,20,41.000,2.050,2026-06-28 08:29:57.163683
2223,37,102.000,2.757,2026-06-28 08:29:57.163683
2224,17,28.000,1.647,2026-06-28 08:29:57.163683
2225,37,98.000,2.649,2026-06-28 08:29:57.163683
2226,85,262.000,3.082,2026-06-28 08:29:57.163683
2227,216,774.000,3.583,2026-06-28 08:29:57.163683
2229,10,22.500,2.250,2026-06-28 08:29:57.163683
2231,6759,25193.500,3.727,2026-06-28 08:29:57.163683
2232,6090,21881.000,3.593,2026-06-28 08:29:57.163683
2233,53,152.000,2.868,2026-06-28 08:29:57.163683
2234,56,144.000,2.571,2026-06-28 08:29:57.163683
2235,32,78.000,2.438,2026-06-28 08:29:57.163683
2236,1817,6270.000,3.451,2026-06-28 08:29:57.163683
2237,400,1463.000,3.658,2026-06-28 08:29:57.163683
2238,594,2292.000,3.859,2026-06-28 08:29:57.163683
2239,685,2530.500,3.694,2026-06-28 08:29:57.163683
2240,1577,5389.000,3.417,2026-06-28 08:29:57.163683
2241,687,1877.500,2.733,2026-06-28 08:29:57.163683
2242,66,160.500,2.432,2026-06-28 08:29:57.163683
2243,5918,21884.500,3.698,2026-06-28 08:29:57.163683
2244,91,187.500,2.060,2026-06-28 08:29:57.163683
2245,4653,15573.000,3.347,2026-06-28 08:29:57.163683
2246,65,164.000,2.523,2026-06-28 08:29:57.163683
2247,2141,6653.000,3.107,2026-06-28 08:29:57.163683
2248,9082,35173.500,3.873,2026-06-28 08:29:57.163683
2249,1784,5582.000,3.129,2026-06-28 08:29:57.163683
2250,396,1277.000,3.225,2026-06-28 08:29:57.163683
2251,8,20.500,2.563,2026-06-28 08:29:57.163683
2252,1609,4907.500,3.050,2026-06-28 08:29:57.163683
2253,3724,10031.000,2.694,2026-06-28 08:29:57.163683
2254,10,30.500,3.050,2026-06-28 08:29:57.163683
2255,481,1256.000,2.611,2026-06-28 08:29:57.163683
2256,133,292.000,2.195,2026-06-28 08:29:57.163683
2257,124,348.000,2.806,2026-06-28 08:29:57.163683
2259,1411,3716.500,2.634,2026-06-28 08:29:57.163683
2260,271,677.500,2.500,2026-06-28 08:29:57.163683
2261,1104,3654.500,3.310,2026-06-28 08:29:57.163683
2262,2298,7081.500,3.082,2026-06-28 08:29:57.163683
2263,1413,4398.500,3.113,2026-06-28 08:29:57.163683
2264,597,1607.000,2.692,2026-06-28 08:29:57.163683
2265,661,1349.000,2.041,2026-06-28 08:29:57.163683
2266,1265,3599.000,2.845,2026-06-28 08:29:57.163683
2267,554,1682.000,3.036,2026-06-28 08:29:57.163683
2268,15211,57989.000,3.812,2026-06-28 08:29:57.163683
2269,3071,8562.500,2.788,2026-06-28 08:29:57.163683
2271,527,1697.500,3.221,2026-06-28 08:29:57.163683
2272,897,3125.000,3.484,2026-06-28 08:29:57.163683
2273,9388,31940.500,3.402,2026-06-28 08:29:57.163683
2274,12,31.000,2.583,2026-06-28 08:29:57.163683
2275,661,2231.500,3.376,2026-06-28 08:29:57.163683
2276,367,1277.500,3.481,2026-06-28 08:29:57.163683
2277,8,19.000,2.375,2026-06-28 08:29:57.163683
2278,9987,35627.000,3.567,2026-06-28 08:29:57.163683
2279,2495,6593.500,2.643,2026-06-28 08:29:57.163683
2280,877,2924.500,3.335,2026-06-28 08:29:57.163683
2281,99,314.000,3.172,2026-06-28 08:29:57.163683
2282,2282,7787.500,3.413,2026-06-28 08:29:57.163683
2283,494,1582.000,3.202,2026-06-28 08:29:57.163683
2284,353,1311.000,3.714,2026-06-28 08:29:57.163683
2285,612,2321.000,3.792,2026-06-28 08:29:57.163683
2286,249,622.000,2.498,2026-06-28 08:29:57.163683
2287,1528,5326.000,3.486,2026-06-28 08:29:57.163683
2288,8557,32490.500,3.797,2026-06-28 08:29:57.163683
2289,7846,31013.000,3.953,2026-06-28 08:29:57.163683
2290,989,3450.500,3.489,2026-06-28 08:29:57.163683
2291,21394,79737.500,3.727,2026-06-28 08:29:57.163683
2292,174,507.500,2.917,2026-06-28 08:29:57.163683
2293,84,282.500,3.363,2026-06-28 08:29:57.163683
2294,10163,33570.500,3.303,2026-06-28 08:29:57.163683
2295,507,1742.500,3.437,2026-06-28 08:29:57.163683
2296,2104,5574.000,2.649,2026-06-28 08:29:57.163683
2297,3930,12823.000,3.263,2026-06-28 08:29:57.163683
2298,152,349.000,2.296,2026-06-28 08:29:57.163683
2299,44,142.000,3.227,2026-06-28 08:29:57.163683
2300,6461,25314.500,3.918,2026-06-28 08:29:57.163683
2301,4313,15506.000,3.595,2026-06-28 08:29:57.163683
2302,13957,50014.000,3.583,2026-06-28 08:29:57.163683
2303,2295,8992.000,3.918,2026-06-28 08:29:57.163683
2304,104,357.000,3.433,2026-06-28 08:29:57.163683
2305,207,757.000,3.657,2026-06-28 08:29:57.163683
2306,896,2231.000,2.490,2026-06-28 08:29:57.163683
2307,202,531.500,2.631,2026-06-28 08:29:57.163683
2308,35,98.000,2.800,2026-06-28 08:29:57.163683
2309,44,148.000,3.364,2026-06-28 08:29:57.163683
2310,944,3388.000,3.589,2026-06-28 08:29:57.163683
2311,4143,14037.500,3.388,2026-06-28 08:29:57.163683
2312,2723,10137.500,3.723,2026-06-28 08:29:57.163683
2313,6813,26708.500,3.920,2026-06-28 08:29:57.163683
2314,649,1884.000,2.903,2026-06-28 08:29:57.163683
2315,1658,3553.500,2.143,2026-06-28 08:29:57.163683
2316,2537,7657.000,3.018,2026-06-28 08:29:57.163683
2317,66,161.500,2.447,2026-06-28 08:29:57.163683
2318,4335,16676.500,3.847,2026-06-28 08:29:57.163683
2319,17,48.500,2.853,2026-06-28 08:29:57.163683
2320,1728,5356.500,3.100,2026-06-28 08:29:57.163683
2321,13627,48748.000,3.577,2026-06-28 08:29:57.163683
2322,2181,6191.500,2.839,2026-06-28 08:29:57.163683
2323,234,857.500,3.665,2026-06-28 08:29:57.163683
2324,18156,75816.500,4.176,2026-06-28 08:29:57.163683
2325,1667,5149.500,3.089,2026-06-28 08:29:57.163683
2326,45,126.500,2.811,2026-06-28 08:29:57.163683
2327,660,1872.000,2.836,2026-06-28 08:29:57.163683
2328,1606,4456.500,2.775,2026-06-28 08:29:57.163683
2329,23309,96760.500,4.151,2026-06-28 08:29:57.163683
2330,823,3359.000,4.081,2026-06-28 08:29:57.163683
2331,1221,4090.000,3.350,2026-06-28 08:29:57.163683
2332,164,475.500,2.899,2026-06-28 08:29:57.163683
2333,4575,17466.000,3.818,2026-06-28 08:29:57.163683
2334,2960,9181.000,3.102,2026-06-28 08:29:57.163683
2335,5823,17021.000,2.923,2026-06-28 08:29:57.163683
2336,9009,35092.000,3.895,2026-06-28 08:29:57.163683
2337,1362,4554.500,3.344,2026-06-28 08:29:57.163683
2338,4220,8839.500,2.095,2026-06-28 08:29:57.163683
2339,326,835.500,2.563,2026-06-28 08:29:57.163683
2340,5210,17126.000,3.287,2026-06-28 08:29:57.163683
2341,289,929.500,3.216,2026-06-28 08:29:57.163683
2342,250,902.000,3.608,2026-06-28 08:29:57.163683
2343,19,61.500,3.237,2026-06-28 08:29:57.163683
2344,1676,5898.000,3.519,2026-06-28 08:29:57.163683
2345,254,891.500,3.510,2026-06-28 08:29:57.163683
2346,2173,7139.000,3.285,2026-06-28 08:29:57.163683
2347,634,2183.000,3.443,2026-06-28 08:29:57.163683
2348,2387,8469.000,3.548,2026-06-28 08:29:57.163683
2349,1470,5499.000,3.741,2026-06-28 08:29:57.163683
2350,134,358.000,2.672,2026-06-28 08:29:57.163683
2351,1152,4768.000,4.139,2026-06-28 08:29:57.163683
2352,6650,24860.500,3.738,2026-06-28 08:29:57.163683
2353,14217,50482.500,3.551,2026-06-28 08:29:57.163683
2354,1229,3225.000,2.624,2026-06-28 08:29:57.163683
2355,20465,73891.000,3.611,2026-06-28 08:29:57.163683
2356,1149,3406.500,2.965,2026-06-28 08:29:57.163683
2357,2390,9804.500,4.102,2026-06-28 08:29:57.163683
2358,119,415.500,3.492,2026-06-28 08:29:57.163683
2359,6610,25127.500,3.801,2026-06-28 08:29:57.163683
2360,2292,9450.500,4.123,2026-06-28 08:29:57.163683
2361,1197,3952.000,3.302,2026-06-28 08:29:57.163683
2362,379,1047.000,2.763,2026-06-28 08:29:57.163683
2363,2348,7516.000,3.201,2026-06-28 08:29:57.163683
2364,725,1927.000,2.658,2026-06-28 08:29:57.163683
2365,858,2352.500,2.742,2026-06-28 08:29:57.163683
2366,6627,23521.000,3.549,2026-06-28 08:29:57.163683
2367,2789,7731.000,2.772,2026-06-28 08:29:57.163683
2368,423,743.500,1.758,2026-06-28 08:29:57.163683
2369,5410,15869.500,2.933,2026-06-28 08:29:57.163683
2370,958,3260.500,3.403,2026-06-28 08:29:57.163683
2371,6298,21733.500,3.451,2026-06-28 08:29:57.163683
2372,1861,5342.500,2.871,2026-06-28 08:29:57.163683
2373,1666,4034.000,2.421,2026-06-28 08:29:57.163683
2374,1563,4516.000,2.889,2026-06-28 08:29:57.163683
2375,3768,10829.000,2.874,2026-06-28 08:29:57.163683
2376,3462,10998.500,3.177,2026-06-28 08:29:57.163683
2377,1080,3149.500,2.916,2026-06-28 08:29:57.163683
2378,5771,16832.500,2.917,2026-06-28 08:29:57.163683
2379,3373,8076.500,2.394,2026-06-28 08:29:57.163683
2380,2765,6006.000,2.172,2026-06-28 08:29:57.163683
2381,2722,5603.500,2.059,2026-06-28 08:29:57.163683
2382,2292,4327.500,1.888,2026-06-28 08:29:57.163683
2383,2155,3868.000,1.795,2026-06-28 08:29:57.163683
2384,5197,15506.000,2.984,2026-06-28 08:29:57.163683
2385,991,2512.000,2.535,2026-06-28 08:29:57.163683
2386,591,957.000,1.619,2026-06-28 08:29:57.163683
2387,2220,6265.500,2.822,2026-06-28 08:29:57.163683
2388,160,534.000,3.338,2026-06-28 08:29:57.163683
2389,2829,7777.500,2.749,2026-06-28 08:29:57.163683
2390,2542,9352.000,3.679,2026-06-28 08:29:57.163683
2391,6514,24245.000,3.722,2026-06-28 08:29:57.163683
2392,1520,3604.000,2.371,2026-06-28 08:29:57.163683
2393,8052,25785.000,3.202,2026-06-28 08:29:57.163683
2394,6312,21617.000,3.425,2026-06-28 08:29:57.163683
2395,13780,53089.000,3.853,2026-06-28 08:29:57.163683
2396,24521,94057.500,3.836,2026-06-28 08:29:57.163683
2397,162,540.000,3.333,2026-06-28 08:29:57.163683
2398,4783,17918.500,3.746,2026-06-28 08:29:57.163683
2399,1388,3784.500,2.727,2026-06-28 08:29:57.163683
2400,362,1022.000,2.823,2026-06-28 08:29:57.163683
2401,2646,9872.500,3.731,2026-06-28 08:29:57.163683
2402,4846,13446.500,2.775,2026-06-28 08:29:57.163683
2403,5291,18722.500,3.539,2026-06-28 08:29:57.163683
2404,3604,8629.000,2.394,2026-06-28 08:29:57.163683
2405,6111,19151.000,3.134,2026-06-28 08:29:57.163683
2406,13553,47206.000,3.483,2026-06-28 08:29:57.163683
2407,10666,35084.000,3.289,2026-06-28 08:29:57.163683
2408,1882,4664.000,2.478,2026-06-28 08:29:57.163683
2409,5397,16919.000,3.135,2026-06-28 08:29:57.163683
2410,5076,14742.500,2.904,2026-06-28 08:29:57.163683
2411,4873,13576.000,2.786,2026-06-28 08:29:57.163683
2412,3565,7852.000,2.203,2026-06-28 08:29:57.163683
2413,4418,15210.000,3.443,2026-06-28 08:29:57.163683
2414,2650,8924.500,3.368,2026-06-28 08:29:57.163683
2415,71,202.500,2.852,2026-06-28 08:29:57.163683
2416,2636,8031.500,3.047,2026-06-28 08:29:57.163683
2417,529,1556.500,2.942,2026-06-28 08:29:57.163683
2418,682,2048.500,3.004,2026-06-28 08:29:57.163683
2419,367,1167.000,3.180,2026-06-28 08:29:57.163683
2420,8234,27060.500,3.286,2026-06-28 08:29:57.163683
2421,5988,15591.000,2.604,2026-06-28 08:29:57.163683
2422,3683,7938.000,2.155,2026-06-28 08:29:57.163683
2423,5739,20625.000,3.594,2026-06-28 08:29:57.163683
2424,11286,35483.500,3.144,2026-06-28 08:29:57.163683
2425,586,2117.500,3.613,2026-06-28 08:29:57.163683
2426,162,523.000,3.228,2026-06-28 08:29:57.163683
2427,8238,28065.500,3.407,2026-06-28 08:29:57.163683
2428,5672,15995.000,2.820,2026-06-28 08:29:57.163683
2429,1424,3936.500,2.764,2026-06-28 08:29:57.163683
2430,955,2970.000,3.110,2026-06-28 08:29:57.163683
2431,6045,18798.000,3.110,2026-06-28 08:29:57.163683
2432,2026,6525.000,3.221,2026-06-28 08:29:57.163683
2433,3965,13236.500,3.338,2026-06-28 08:29:57.163683
2434,271,948.500,3.500,2026-06-28 08:29:57.163683
2435,667,1974.000,2.960,2026-06-28 08:29:57.163683
2436,1311,4458.500,3.401,2026-06-28 08:29:57.163683
2437,778,2763.500,3.552,2026-06-28 08:29:57.163683
2438,12,34.500,2.875,2026-06-28 08:29:57.163683
2439,1620,5806.000,3.584,2026-06-28 08:29:57.163683
2440,352,1123.000,3.190,2026-06-28 08:29:57.163683
2441,198,614.500,3.104,2026-06-28 08:29:57.163683
2442,1350,4975.000,3.685,2026-06-28 08:29:57.163683
2443,1235,4378.500,3.545,2026-06-28 08:29:57.163683
2444,78,269.000,3.449,2026-06-28 08:29:57.163683
2445,760,2143.000,2.820,2026-06-28 08:29:57.163683
2446,607,1633.000,2.690,2026-06-28 08:29:57.163683
2447,2866,8801.000,3.071,2026-06-28 08:29:57.163683
2448,1385,3240.000,2.339,2026-06-28 08:29:57.163683
2449,308,511.000,1.659,2026-06-28 08:29:57.163683
2450,3741,7952.500,2.126,2026-06-28 08:29:57.163683
2451,687,1816.500,2.644,2026-06-28 08:29:57.163683
2452,94,170.000,1.809,2026-06-28 08:29:57.163683
2453,1203,3730.000,3.101,2026-06-28 08:29:57.163683
2454,3481,11599.500,3.332,2026-06-28 08:29:57.163683
2455,10174,34573.500,3.398,2026-06-28 08:29:57.163683
2456,1788,4074.000,2.279,2026-06-28 08:29:57.163683
2457,1354,4533.500,3.348,2026-06-28 08:29:57.163683
2458,873,2179.500,2.497,2026-06-28 08:29:57.163683
2459,3026,9717.500,3.211,2026-06-28 08:29:57.163683
2460,809,1818.500,2.248,2026-06-28 08:29:57.163683
2461,403,791.000,1.963,2026-06-28 08:29:57.163683
2462,554,952.500,1.719,2026-06-28 08:29:57.163683
2463,3408,11578.000,3.397,2026-06-28 08:29:57.163683
2464,129,320.000,2.481,2026-06-28 08:29:57.163683
2465,240,538.500,2.244,2026-06-28 08:29:57.163683
2466,84,286.000,3.405,2026-06-28 08:29:57.163683
2467,5436,21024.000,3.868,2026-06-28 08:29:57.163683
2468,2944,8021.000,2.725,2026-06-28 08:29:57.163683
2469,3687,11706.000,3.175,2026-06-28 08:29:57.163683
2470,12297,38630.500,3.141,2026-06-28 08:29:57.163683
2471,5247,13366.000,2.547,2026-06-28 08:29:57.163683
2472,535,1565.500,2.926,2026-06-28 08:29:57.163683
2473,1265,3035.000,2.399,2026-06-28 08:29:57.163683
2474,3278,11251.000,3.432,2026-06-28 08:29:57.163683
2475,636,1998.500,3.142,2026-06-28 08:29:57.163683
2476,2045,6707.500,3.280,2026-06-28 08:29:57.163683
2477,312,753.500,2.415,2026-06-28 08:29:57.163683
2478,6485,20079.500,3.096,2026-06-28 08:29:57.163683
2479,308,742.000,2.409,2026-06-28 08:29:57.163683
2480,37,110.500,2.986,2026-06-28 08:29:57.163683
2481,446,1620.500,3.633,2026-06-28 08:29:57.163683
2482,344,1130.000,3.285,2026-06-28 08:29:57.163683
2483,306,1053.000,3.441,2026-06-28 08:29:57.163683
2484,14,28.000,2.000,2026-06-28 08:29:57.163683
2485,5498,16458.000,2.993,2026-06-28 08:29:57.163683
2486,66,163.500,2.477,2026-06-28 08:29:57.163683
2487,107,249.500,2.332,2026-06-28 08:29:57.163683
2488,1032,3945.500,3.823,2026-06-28 08:29:57.163683
2489,19,52.000,2.737,2026-06-28 08:29:57.163683
2490,8232,28091.500,3.412,2026-06-28 08:29:57.163683
2491,874,2371.000,2.713,2026-06-28 08:29:57.163683
2492,802,2239.500,2.792,2026-06-28 08:29:57.163683
2493,267,1000.500,3.747,2026-06-28 08:29:57.163683
2494,195,714.000,3.662,2026-06-28 08:29:57.163683
2495,845,3118.500,3.691,2026-06-28 08:29:57.163683
2496,3794,12181.500,3.211,2026-06-28 08:29:57.163683
2497,1852,5296.500,2.860,2026-06-28 08:29:57.163683
2498,865,2012.000,2.326,2026-06-28 08:29:57.163683
2499,384,1325.500,3.452,2026-06-28 08:29:57.163683
2500,1021,2703.000,2.647,2026-06-28 08:29:57.163683
2501,7378,28664.000,3.885,2026-06-28 08:29:57.163683
2502,20328,81015.000,3.985,2026-06-28 08:29:57.163683
2503,115,425.500,3.700,2026-06-28 08:29:57.163683
2504,1568,4569.500,2.914,2026-06-28 08:29:57.163683
2505,4087,12109.500,2.963,2026-06-28 08:29:57.163683
2506,1351,4239.000,3.138,2026-06-28 08:29:57.163683
2507,455,1190.000,2.615,2026-06-28 08:29:57.163683
2508,12,26.500,2.208,2026-06-28 08:29:57.163683
2509,161,469.500,2.916,2026-06-28 08:29:57.163683
2510,72,177.500,2.465,2026-06-28 08:29:57.163683
2511,1006,3872.000,3.849,2026-06-28 08:29:57.163683
2512,170,606.000,3.565,2026-06-28 08:29:57.163683
2513,3364,9973.000,2.965,2026-06-28 08:29:57.163683
2514,1003,2123.000,2.117,2026-06-28 08:29:57.163683
2515,449,822.500,1.832,2026-06-28 08:29:57.163683
2516,398,683.500,1.717,2026-06-28 08:29:57.163683
2517,2186,6619.000,3.028,2026-06-28 08:29:57.163683
2518,2066,6882.500,3.331,2026-06-28 08:29:57.163683
2519,785,2554.000,3.254,2026-06-28 08:29:57.163683
2520,1501,4564.000,3.041,2026-06-28 08:29:57.163683
2521,667,1690.500,2.534,2026-06-28 08:29:57.163683
2522,627,1526.000,2.434,2026-06-28 08:29:57.163683
2523,239,632.000,2.644,2026-06-28 08:29:57.163683
2524,1972,5903.000,2.993,2026-06-28 08:29:57.163683
2525,764,1767.500,2.313,2026-06-28 08:29:57.163683
2526,610,1474.000,2.416,2026-06-28 08:29:57.163683
2527,4163,14278.500,3.430,2026-06-28 08:29:57.163683
2528,5054,17388.000,3.440,2026-06-28 08:29:57.163683
2529,12702,45986.500,3.620,2026-06-28 08:29:57.163683
2530,2425,7013.000,2.892,2026-06-28 08:29:57.163683
2531,2044,5660.000,2.769,2026-06-28 08:29:57.163683
2532,2018,5667.500,2.808,2026-06-28 08:29:57.163683
2533,3421,10331.500,3.020,2026-06-28 08:29:57.163683
2534,89,200.000,2.247,2026-06-28 08:29:57.163683
2535,702,1886.000,2.687,2026-06-28 08:29:57.163683
2536,309,617.500,1.998,2026-06-28 08:29:57.163683
2537,284,559.500,1.970,2026-06-28 08:29:57.163683
2538,44,157.500,3.580,2026-06-28 08:29:57.163683
2539,9052,29276.000,3.234,2026-06-28 08:29:57.163683
2540,1068,3190.000,2.987,2026-06-28 08:29:57.163683
2541,8529,27887.500,3.270,2026-06-28 08:29:57.163683
2542,15325,61126.500,3.989,2026-06-28 08:29:57.163683
2543,49,137.000,2.796,2026-06-28 08:29:57.163683
2544,126,405.000,3.214,2026-06-28 08:29:57.163683
2545,129,421.000,3.264,2026-06-28 08:29:57.163683
2546,1032,3082.000,2.986,2026-06-28 08:29:57.163683
2547,9,25.000,2.778,2026-06-28 08:29:57.163683
2548,818,1811.000,2.214,2026-06-28 08:29:57.163683
2549,1607,3478.500,2.165,2026-06-28 08:29:57.163683
2550,1531,5532.000,3.613,2026-06-28 08:29:57.163683
2551,1785,6249.000,3.501,2026-06-28 08:29:57.163683
2552,288,665.500,2.311,2026-06-28 08:29:57.163683
2553,1429,4868.500,3.407,2026-06-28 08:29:57.163683
2554,756,2406.500,3.183,2026-06-28 08:29:57.163683
2555,1399,2382.500,1.703,2026-06-28 08:29:57.163683
2556,46,89.500,1.946,2026-06-28 08:29:57.163683
2557,212,800.500,3.776,2026-06-28 08:29:57.163683
2558,2027,5525.000,2.726,2026-06-28 08:29:57.163683
2559,364,942.000,2.588,2026-06-28 08:29:57.163683
2560,1527,4940.000,3.235,2026-06-28 08:29:57.163683
2561,1129,3498.500,3.099,2026-06-28 08:29:57.163683
2562,234,781.500,3.340,2026-06-28 08:29:57.163683
2563,885,3233.500,3.654,2026-06-28 08:29:57.163683
2564,19,49.500,2.605,2026-06-28 08:29:57.163683
2565,3726,14052.500,3.771,2026-06-28 08:29:57.163683
2566,277,627.000,2.264,2026-06-28 08:29:57.163683
2567,3913,11933.000,3.050,2026-06-28 08:29:57.163683
2568,1462,3141.000,2.148,2026-06-28 08:29:57.163683
2569,52,148.000,2.846,2026-06-28 08:29:57.163683
2570,772,2813.500,3.644,2026-06-28 08:29:57.163683
2571,51334,214945.000,4.187,2026-06-28 08:29:57.163683
2572,11613,40342.500,3.474,2026-06-28 08:29:57.163683
2573,318,1056.000,3.321,2026-06-28 08:29:57.163683
2574,1471,3866.000,2.628,2026-06-28 08:29:57.163683
2575,1372,5398.000,3.934,2026-06-28 08:29:57.163683
2576,32,85.500,2.672,2026-06-28 08:29:57.163683
2577,237,768.500,3.243,2026-06-28 08:29:57.163683
2578,96,291.000,3.031,2026-06-28 08:29:57.163683
2579,1305,4994.000,3.827,2026-06-28 08:29:57.163683
2580,8554,31620.500,3.697,2026-06-28 08:29:57.163683
2581,7237,22123.500,3.057,2026-06-28 08:29:57.163683
2582,525,1610.500,3.068,2026-06-28 08:29:57.163683
2583,1951,7065.500,3.621,2026-06-28 08:29:57.163683
2584,20,42.000,2.100,2026-06-28 08:29:57.163683
2585,597,2281.500,3.822,2026-06-28 08:29:57.163683
2586,168,449.500,2.676,2026-06-28 08:29:57.163683
2587,891,2606.500,2.925,2026-06-28 08:29:57.163683
2589,352,975.000,2.770,2026-06-28 08:29:57.163683
2590,604,1923.500,3.185,2026-06-28 08:29:57.163683
2591,31,93.000,3.000,2026-06-28 08:29:57.163683
2592,32,93.000,2.906,2026-06-28 08:29:57.163683
2593,504,1801.500,3.574,2026-06-28 08:29:57.163683
2594,2522,9802.500,3.887,2026-06-28 08:29:57.163683
2596,1517,5485.500,3.616,2026-06-28 08:29:57.163683
2597,486,1225.500,2.522,2026-06-28 08:29:57.163683
2598,3910,11764.000,3.009,2026-06-28 08:29:57.163683
2599,13756,52122.500,3.789,2026-06-28 08:29:57.163683
2600,5298,17660.500,3.333,2026-06-28 08:29:57.163683
2601,15,40.500,2.700,2026-06-28 08:29:57.163683
2602,54,148.000,2.741,2026-06-28 08:29:57.163683
2603,32,96.500,3.016,2026-06-28 08:29:57.163683
2604,29,94.000,3.241,2026-06-28 08:29:57.163683
2605,8202,25784.000,3.144,2026-06-28 08:29:57.163683
2606,1880,5187.500,2.759,2026-06-28 08:29:57.163683
2607,605,2305.500,3.811,2026-06-28 08:29:57.163683
2608,49,147.000,3.000,2026-06-28 08:29:57.163683
2609,487,1916.500,3.935,2026-06-28 08:29:57.163683
2610,393,1505.500,3.831,2026-06-28 08:29:57.163683
2611,1226,4717.500,3.848,2026-06-28 08:29:57.163683
2612,1103,4359.000,3.952,2026-06-28 08:29:57.163683
2613,1453,4416.500,3.040,2026-06-28 08:29:57.163683
2614,294,575.500,1.957,2026-06-28 08:29:57.163683
2615,1048,3077.000,2.936,2026-06-28 08:29:57.163683
2616,5982,16302.000,2.725,2026-06-28 08:29:57.163683
2617,16761,53080.000,3.167,2026-06-28 08:29:57.163683
2618,1214,4658.500,3.837,2026-06-28 08:29:57.163683
2619,11,23.500,2.136,2026-06-28 08:29:57.163683
2620,234,837.000,3.577,2026-06-28 08:29:57.163683
2621,414,1486.000,3.589,2026-06-28 08:29:57.163683
2622,3625,11939.000,3.294,2026-06-28 08:29:57.163683
2623,39,93.000,2.385,2026-06-28 08:29:57.163683
2624,762,3021.000,3.965,2026-06-28 08:29:57.163683
2625,636,1879.000,2.954,2026-06-28 08:29:57.163683
2626,268,972.500,3.629,2026-06-28 08:29:57.163683
2627,110,393.500,3.577,2026-06-28 08:29:57.163683
2628,29574,91117.000,3.081,2026-06-28 08:29:57.163683
2629,886,2393.000,2.701,2026-06-28 08:29:57.163683
2630,380,1341.000,3.529,2026-06-28 08:29:57.163683
2631,36,60.500,1.681,2026-06-28 08:29:57.163683
2632,129,469.500,3.640,2026-06-28 08:29:57.163683
2633,1717,5750.500,3.349,2026-06-28 08:29:57.163683
2634,638,1980.000,3.103,2026-06-28 08:29:57.163683
2635,176,537.000,3.051,2026-06-28 08:29:57.163683
2636,74,192.500,2.601,2026-06-28 08:29:57.163683
2637,169,457.500,2.707,2026-06-28 08:29:57.163683
2638,178,485.500,2.728,2026-06-28 08:29:57.163683
2639,1205,3792.000,3.147,2026-06-28 08:29:57.163683
2640,15089,51272.500,3.398,2026-06-28 08:29:57.163683
2641,8076,25104.000,3.108,2026-06-28 08:29:57.163683
2642,4826,11697.000,2.424,2026-06-28 08:29:57.163683
2643,3352,6707.000,2.001,2026-06-28 08:29:57.163683
2644,2074,7759.000,3.741,2026-06-28 08:29:57.163683
2646,207,598.500,2.891,2026-06-28 08:29:57.163683
2647,271,847.000,3.125,2026-06-28 08:29:57.163683
2648,3361,12972.000,3.860,2026-06-28 08:29:57.163683
2649,362,1171.500,3.236,2026-06-28 08:29:57.163683
2650,167,460.000,2.754,2026-06-28 08:29:57.163683
2651,410,1260.500,3.074,2026-06-28 08:29:57.163683
2652,241,755.500,3.135,2026-06-28 08:29:57.163683
2653,224,622.000,2.777,2026-06-28 08:29:57.163683
2654,881,3167.500,3.595,2026-06-28 08:29:57.163683
2655,287,492.000,1.714,2026-06-28 08:29:57.163683
2656,362,1004.000,2.773,2026-06-28 08:29:57.163683
2657,13482,44889.500,3.330,2026-06-28 08:29:57.163683
2658,43,123.500,2.872,2026-06-28 08:29:57.163683
2659,260,840.500,3.233,2026-06-28 08:29:57.163683
2660,1018,3766.000,3.699,2026-06-28 08:29:57.163683
2661,525,1690.500,3.220,2026-06-28 08:29:57.163683
2662,4827,17435.000,3.612,2026-06-28 08:29:57.163683
2663,227,687.500,3.029,2026-06-28 08:29:57.163683
2664,4642,17510.000,3.772,2026-06-28 08:29:57.163683
2665,364,1149.000,3.157,2026-06-28 08:29:57.163683
2666,108,308.500,2.856,2026-06-28 08:29:57.163683
2667,223,586.500,2.630,2026-06-28 08:29:57.163683
2668,1453,3719.500,2.560,2026-06-28 08:29:57.163683
2669,489,1732.500,3.543,2026-06-28 08:29:57.163683
2670,1306,5095.500,3.902,2026-06-28 08:29:57.163683
2671,12588,43478.000,3.454,2026-06-28 08:29:57.163683
2672,3925,12858.000,3.276,2026-06-28 08:29:57.163683
2673,108,353.500,3.273,2026-06-28 08:29:57.163683
2674,181,505.000,2.790,2026-06-28 08:29:57.163683
2675,92,303.000,3.293,2026-06-28 08:29:57.163683
2676,1972,6168.000,3.128,2026-06-28 08:29:57.163683
2677,2653,10489.000,3.954,2026-06-28 08:29:57.163683
2678,192,575.000,2.995,2026-06-28 08:29:57.163683
2679,52,140.500,2.702,2026-06-28 08:29:57.163683
2680,26,73.000,2.808,2026-06-28 08:29:57.163683
2681,452,1520.000,3.363,2026-06-28 08:29:57.163683
2682,770,2929.000,3.804,2026-06-28 08:29:57.163683
2683,24651,79157.500,3.211,2026-06-28 08:29:57.163683
2684,29,79.000,2.724,2026-06-28 08:29:57.163683
2685,55,177.500,3.227,2026-06-28 08:29:57.163683
2686,5834,22788.000,3.906,2026-06-28 08:29:57.163683
2687,5158,17866.500,3.464,2026-06-28 08:29:57.163683
2688,5742,17650.500,3.074,2026-06-28 08:29:57.163683
2689,228,732.000,3.211,2026-06-28 08:29:57.163683
2690,2920,10959.500,3.753,2026-06-28 08:29:57.163683
2691,602,2166.000,3.598,2026-06-28 08:29:57.163683
2692,17029,68547.000,4.025,2026-06-28 08:29:57.163683
2693,1825,6667.500,3.653,2026-06-28 08:29:57.163683
2694,8949,27900.000,3.118,2026-06-28 08:29:57.163683
2695,104,312.000,3.000,2026-06-28 08:29:57.163683
2696,1181,4499.500,3.810,2026-06-28 08:29:57.163683
2697,388,1405.000,3.621,2026-06-28 08:29:57.163683
2698,23,54.000,2.348,2026-06-28 08:29:57.163683
2699,13866,38646.000,2.787,2026-06-28 08:29:57.163683
2700,17371,62994.000,3.626,2026-06-28 08:29:57.163683
2701,11038,25307.000,2.293,2026-06-28 08:29:57.163683
2702,3153,9723.000,3.084,2026-06-28 08:29:57.163683
2703,32,97.000,3.031,2026-06-28 08:29:57.163683
2704,456,1568.000,3.439,2026-06-28 08:29:57.163683
2705,115,376.500,3.274,2026-06-28 08:29:57.163683
2706,23301,77627.500,3.332,2026-06-28 08:29:57.163683
2707,6821,23548.500,3.452,2026-06-28 08:29:57.163683
2708,528,1956.000,3.705,2026-06-28 08:29:57.163683
2709,1834,5698.500,3.107,2026-06-28 08:29:57.163683
2710,19111,55117.500,2.884,2026-06-28 08:29:57.163683
2711,303,1066.500,3.520,2026-06-28 08:29:57.163683
2712,14615,46916.500,3.210,2026-06-28 08:29:57.163683
2713,3742,9424.500,2.519,2026-06-28 08:29:57.163683
2714,583,1856.500,3.184,2026-06-28 08:29:57.163683
2715,131,303.500,2.317,2026-06-28 08:29:57.163683
2716,29381,110098.500,3.747,2026-06-28 08:29:57.163683
2717,8079,24075.500,2.980,2026-06-28 08:29:57.163683
2718,3038,9640.000,3.173,2026-06-28 08:29:57.163683
2719,4677,11439.500,2.446,2026-06-28 08:29:57.163683
2720,3847,8186.000,2.128,2026-06-28 08:29:57.163683
2721,640,2308.000,3.606,2026-06-28 08:29:57.163683
2722,7248,19448.000,2.683,2026-06-28 08:29:57.163683
2723,8239,25116.500,3.048,2026-06-28 08:29:57.163683
2724,8159,23316.000,2.858,2026-06-28 08:29:57.163683
2725,681,2432.000,3.571,2026-06-28 08:29:57.163683
2726,2100,8602.500,4.096,2026-06-28 08:29:57.163683
2727,347,1171.000,3.375,2026-06-28 08:29:57.163683
2728,5072,19562.500,3.857,2026-06-28 08:29:57.163683
2729,3033,11635.500,3.836,2026-06-28 08:29:57.163683
2730,2463,9339.500,3.792,2026-06-28 08:29:57.163683
2731,2851,11792.500,4.136,2026-06-28 08:29:57.163683
2732,1720,6856.500,3.986,2026-06-28 08:29:57.163683
2733,299,717.500,2.400,2026-06-28 08:29:57.163683
2734,2720,9003.500,3.310,2026-06-28 08:29:57.163683
2735,3871,11091.000,2.865,2026-06-28 08:29:57.163683
2736,1457,5020.500,3.446,2026-06-28 08:29:57.163683
2737,106,262.500,2.476,2026-06-28 08:29:57.163683
2738,518,1754.000,3.386,2026-06-28 08:29:57.163683
2739,5566,20810.500,3.739,2026-06-28 08:29:57.163683
2740,75,177.500,2.367,2026-06-28 08:29:57.163683
2741,317,912.500,2.879,2026-06-28 08:29:57.163683
2742,45,119.000,2.644,2026-06-28 08:29:57.163683
2743,93,309.500,3.328,2026-06-28 08:29:57.163683
2744,244,862.000,3.533,2026-06-28 08:29:57.163683
2745,2340,8919.500,3.812,2026-06-28 08:29:57.163683
2746,8347,27428.000,3.286,2026-06-28 08:29:57.163683
2747,2922,9452.500,3.235,2026-06-28 08:29:57.163683
2748,949,2103.000,2.216,2026-06-28 08:29:57.163683
2749,561,1772.500,3.160,2026-06-28 08:29:57.163683
2750,2225,8240.000,3.703,2026-06-28 08:29:57.163683
2751,331,994.000,3.003,2026-06-28 08:29:57.163683
2752,978,2839.500,2.903,2026-06-28 08:29:57.163683
2753,320,1021.500,3.192,2026-06-28 08:29:57.163683
2754,69,136.000,1.971,2026-06-28 08:29:57.163683
2755,176,449.000,2.551,2026-06-28 08:29:57.163683
2756,210,614.500,2.926,2026-06-28 08:29:57.163683
2757,767,2823.000,3.681,2026-06-28 08:29:57.163683
2758,208,617.500,2.969,2026-06-28 08:29:57.163683
2759,2858,9365.500,3.277,2026-06-28 08:29:57.163683
2760,45,148.500,3.300,2026-06-28 08:29:57.163683
2761,8407,32350.500,3.848,2026-06-28 08:29:57.163683
2762,39028,158258.500,4.055,2026-06-28 08:29:57.163683
2763,11879,41585.500,3.501,2026-06-28 08:29:57.163683
2764,2727,9656.500,3.541,2026-06-28 08:29:57.163683
2765,246,792.500,3.222,2026-06-28 08:29:57.163683
2766,270,878.500,3.254,2026-06-28 08:29:57.163683
2767,260,775.000,2.981,2026-06-28 08:29:57.163683
2768,74,217.500,2.939,2026-06-28 08:29:57.163683
2769,681,2131.500,3.130,2026-06-28 08:29:57.163683
2770,9667,29770.000,3.080,2026-06-28 08:29:57.163683
2771,1589,4734.500,2.980,2026-06-28 08:29:57.163683
2772,1996,6239.500,3.126,2026-06-28 08:29:57.163683
2773,92,277.000,3.011,2026-06-28 08:29:57.163683
2774,682,2272.500,3.332,2026-06-28 08:29:57.163683
2775,158,498.000,3.152,2026-06-28 08:29:57.163683
2776,122,428.500,3.512,2026-06-28 08:29:57.163683
2777,77,172.500,2.240,2026-06-28 08:29:57.163683
2778,180,448.000,2.489,2026-06-28 08:29:57.163683
2779,2307,8196.000,3.553,2026-06-28 08:29:57.163683
2780,436,1402.500,3.217,2026-06-28 08:29:57.163683
2781,349,1090.500,3.125,2026-06-28 08:29:57.163683
2782,661,2237.000,3.384,2026-06-28 08:29:57.163683
2783,113,345.500,3.058,2026-06-28 08:29:57.163683
2784,461,1548.000,3.358,2026-06-28 08:29:57.163683
2785,114,351.000,3.079,2026-06-28 08:29:57.163683
2786,380,956.000,2.516,2026-06-28 08:29:57.163683
2787,1072,3172.000,2.959,2026-06-28 08:29:57.163683
2788,5816,23200.500,3.989,2026-06-28 08:29:57.163683
2789,1285,3707.000,2.885,2026-06-28 08:29:57.163683
2790,534,1407.500,2.636,2026-06-28 08:29:57.163683
2791,18866,71658.000,3.798,2026-06-28 08:29:57.163683
2792,4284,13048.500,3.046,2026-06-28 08:29:57.163683
2793,2181,5771.000,2.646,2026-06-28 08:29:57.163683
2794,3183,9374.000,2.945,2026-06-28 08:29:57.163683
2795,5899,22337.500,3.787,2026-06-28 08:29:57.163683
2796,1340,3892.500,2.905,2026-06-28 08:29:57.163683
2797,19506,70655.000,3.622,2026-06-28 08:29:57.163683
2798,1703,3505.000,2.058,2026-06-28 08:29:57.163683
2799,1125,1980.000,1.760,2026-06-28 08:29:57.163683
2800,287,885.500,3.085,2026-06-28 08:29:57.163683
2801,853,2891.500,3.390,2026-06-28 08:29:57.163683
2802,2049,6174.500,3.013,2026-06-28 08:29:57.163683
2803,4705,15567.000,3.309,2026-06-28 08:29:57.163683
2804,12934,52135.500,4.031,2026-06-28 08:29:57.163683
2805,4582,13010.500,2.839,2026-06-28 08:29:57.163683
2806,1729,4237.500,2.451,2026-06-28 08:29:57.163683
2807,1238,2217.500,1.791,2026-06-28 08:29:57.163683
2808,4065,10383.500,2.554,2026-06-28 08:29:57.163683
2809,268,678.500,2.532,2026-06-28 08:29:57.163683
2810,1154,4380.500,3.796,2026-06-28 08:29:57.163683
2811,34,97.000,2.853,2026-06-28 08:29:57.163683
2812,312,938.000,3.006,2026-06-28 08:29:57.163683
2813,128,415.500,3.246,2026-06-28 08:29:57.163683
2814,84,218.000,2.595,2026-06-28 08:29:57.163683
2815,1747,4505.500,2.579,2026-06-28 08:29:57.163683
2816,976,1795.000,1.839,2026-06-28 08:29:57.163683
2817,726,1218.000,1.678,2026-06-28 08:29:57.163683
2818,459,731.000,1.593,2026-06-28 08:29:57.163683
2819,3440,13654.000,3.969,2026-06-28 08:29:57.163683
2820,334,1211.000,3.626,2026-06-28 08:29:57.163683
2821,28,82.000,2.929,2026-06-28 08:29:57.163683
2822,1898,5702.500,3.004,2026-06-28 08:29:57.163683
2823,41,115.500,2.817,2026-06-28 08:29:57.163683
2824,133,477.000,3.586,2026-06-28 08:29:57.163683
2825,58,170.000,2.931,2026-06-28 08:29:57.163683
2826,7478,23231.000,3.107,2026-06-28 08:29:57.163683
2827,2933,7227.000,2.464,2026-06-28 08:29:57.163683
2828,948,1897.000,2.001,2026-06-28 08:29:57.163683
2829,1564,4364.000,2.790,2026-06-28 08:29:57.163683
2830,135,467.000,3.459,2026-06-28 08:29:57.163683
2831,83,221.500,2.669,2026-06-28 08:29:57.163683
2832,31,92.500,2.984,2026-06-28 08:29:57.163683
2833,166,540.000,3.253,2026-06-28 08:29:57.163683
2834,192,635.500,3.310,2026-06-28 08:29:57.163683
2835,461,1069.500,2.320,2026-06-28 08:29:57.163683
2836,1235,4023.000,3.257,2026-06-28 08:29:57.163683
2837,192,636.000,3.313,2026-06-28 08:29:57.163683
2838,27,77.500,2.870,2026-06-28 08:29:57.163683
2839,179,668.500,3.735,2026-06-28 08:29:57.163683
2840,4919,14826.500,3.014,2026-06-28 08:29:57.163683
2841,4368,15394.500,3.524,2026-06-28 08:29:57.163683
2842,398,1273.000,3.198,2026-06-28 08:29:57.163683
2843,1335,5375.500,4.027,2026-06-28 08:29:57.163683
2844,544,1673.000,3.075,2026-06-28 08:29:57.163683
2845,43,104.500,2.430,2026-06-28 08:29:57.163683
2846,1518,4911.000,3.235,2026-06-28 08:29:57.163683
2847,362,1391.000,3.843,2026-06-28 08:29:57.163683
2848,394,1480.000,3.756,2026-06-28 08:29:57.163683
2849,199,576.500,2.897,2026-06-28 08:29:57.163683
2850,54,149.500,2.769,2026-06-28 08:29:57.163683
2852,1073,4063.500,3.787,2026-06-28 08:29:57.163683
2853,168,484.000,2.881,2026-06-28 08:29:57.163683
2854,68,159.500,2.346,2026-06-28 08:29:57.163683
2855,98,228.000,2.327,2026-06-28 08:29:57.163683
2856,480,1336.500,2.784,2026-06-28 08:29:57.163683
2857,4398,15776.000,3.587,2026-06-28 08:29:57.163683
2858,44987,186963.000,4.156,2026-06-28 08:29:57.163683
2859,2192,9050.500,4.129,2026-06-28 08:29:57.163683
2860,1745,5318.500,3.048,2026-06-28 08:29:57.163683
2861,2312,7180.500,3.106,2026-06-28 08:29:57.163683
2862,1023,2630.000,2.571,2026-06-28 08:29:57.163683
2863,4261,16360.000,3.839,2026-06-28 08:29:57.163683
2864,171,528.500,3.091,2026-06-28 08:29:57.163683
2865,134,394.500,2.944,2026-06-28 08:29:57.163683
2866,1407,5072.500,3.605,2026-06-28 08:29:57.163683
2867,2023,6732.500,3.328,2026-06-28 08:29:57.163683
2868,417,986.500,2.366,2026-06-28 08:29:57.163683
2869,51,159.500,3.127,2026-06-28 08:29:57.163683
2870,1298,4643.000,3.577,2026-06-28 08:29:57.163683
2871,8478,32376.500,3.819,2026-06-28 08:29:57.163683
2872,6376,22976.000,3.604,2026-06-28 08:29:57.163683
2873,212,631.000,2.976,2026-06-28 08:29:57.163683
2874,448,1505.000,3.359,2026-06-28 08:29:57.163683
2875,2054,6349.500,3.091,2026-06-28 08:29:57.163683
2876,434,1196.500,2.757,2026-06-28 08:29:57.163683
2877,1682,5161.500,3.069,2026-06-28 08:29:57.163683
2878,192,413.000,2.151,2026-06-28 08:29:57.163683
2879,1016,3375.000,3.322,2026-06-28 08:29:57.163683
2880,465,1495.500,3.216,2026-06-28 08:29:57.163683
2881,7448,23622.000,3.172,2026-06-28 08:29:57.163683
2882,952,2650.500,2.784,2026-06-28 08:29:57.163683
2883,1778,6118.500,3.441,2026-06-28 08:29:57.163683
2884,296,739.500,2.498,2026-06-28 08:29:57.163683
2885,531,1731.500,3.261,2026-06-28 08:29:57.163683
2886,377,865.000,2.294,2026-06-28 08:29:57.163683
2887,109,180.500,1.656,2026-06-28 08:29:57.163683
2888,1086,2990.500,2.754,2026-06-28 08:29:57.163683
2889,1877,6204.000,3.305,2026-06-28 08:29:57.163683
2890,12045,43497.000,3.611,2026-06-28 08:29:57.163683
2891,1341,4548.000,3.391,2026-06-28 08:29:57.163683
2892,146,360.500,2.469,2026-06-28 08:29:57.163683
2893,482,1443.000,2.994,2026-06-28 08:29:57.163683
2894,496,1372.500,2.767,2026-06-28 08:29:57.163683
2895,18,50.000,2.778,2026-06-28 08:29:57.163683
2896,102,306.000,3.000,2026-06-28 08:29:57.163683
2897,183,638.500,3.489,2026-06-28 08:29:57.163683
2898,674,1879.000,2.788,2026-06-28 08:29:57.163683
2899,677,2259.000,3.337,2026-06-28 08:29:57.163683
2900,908,2436.500,2.683,2026-06-28 08:29:57.163683
2901,1807,5725.000,3.168,2026-06-28 08:29:57.163683
2902,1093,2756.000,2.522,2026-06-28 08:29:57.163683
2903,729,1500.000,2.058,2026-06-28 08:29:57.163683
2904,147,527.500,3.588,2026-06-28 08:29:57.163683
2905,1209,4977.500,4.117,2026-06-28 08:29:57.163683
2906,1644,3963.000,2.411,2026-06-28 08:29:57.163683
2907,1547,3900.500,2.521,2026-06-28 08:29:57.163683
2908,7893,30061.000,3.809,2026-06-28 08:29:57.163683
2909,21,39.000,1.857,2026-06-28 08:29:57.163683
2910,53,153.000,2.887,2026-06-28 08:29:57.163683
2911,91,278.000,3.055,2026-06-28 08:29:57.163683
2912,3349,12158.500,3.630,2026-06-28 08:29:57.163683
2913,209,674.500,3.227,2026-06-28 08:29:57.163683
2914,129,303.000,2.349,2026-06-28 08:29:57.163683
2915,7902,27780.000,3.516,2026-06-28 08:29:57.163683
2916,20791,74175.500,3.568,2026-06-28 08:29:57.163683
2917,3816,15016.500,3.935,2026-06-28 08:29:57.163683
2918,23317,91954.500,3.944,2026-06-28 08:29:57.163683
2919,2830,11099.500,3.922,2026-06-28 08:29:57.163683
2920,1048,4315.000,4.117,2026-06-28 08:29:57.163683
2921,2555,9788.000,3.831,2026-06-28 08:29:57.163683
2922,1621,5895.500,3.637,2026-06-28 08:29:57.163683
2923,134,453.500,3.384,2026-06-28 08:29:57.163683
2924,1992,7601.500,3.816,2026-06-28 08:29:57.163683
2925,805,3263.500,4.054,2026-06-28 08:29:57.163683
2926,3320,11089.000,3.340,2026-06-28 08:29:57.163683
2927,913,3640.500,3.987,2026-06-28 08:29:57.163683
2928,524,1735.500,3.312,2026-06-28 08:29:57.163683
2929,1410,4946.500,3.508,2026-06-28 08:29:57.163683
2930,93,341.500,3.672,2026-06-28 08:29:57.163683
2931,345,1382.000,4.006,2026-06-28 08:29:57.163683
2932,1358,5392.500,3.971,2026-06-28 08:29:57.163683
2933,124,451.000,3.637,2026-06-28 08:29:57.163683
2934,38,124.500,3.276,2026-06-28 08:29:57.163683
2935,1398,5774.000,4.130,2026-06-28 08:29:57.163683
2936,1422,5765.500,4.055,2026-06-28 08:29:57.163683
2937,879,3593.000,4.088,2026-06-28 08:29:57.163683
2938,271,1053.000,3.886,2026-06-28 08:29:57.163683
2939,509,1764.500,3.467,2026-06-28 08:29:57.163683
2940,1008,3955.500,3.924,2026-06-28 08:29:57.163683
2941,2033,7184.000,3.534,2026-06-28 08:29:57.163683
2942,3690,10844.500,2.939,2026-06-28 08:29:57.163683
2943,1070,3943.500,3.686,2026-06-28 08:29:57.163683
2944,7140,27501.500,3.852,2026-06-28 08:29:57.163683
2945,145,403.500,2.783,2026-06-28 08:29:57.163683
2946,2062,7700.500,3.734,2026-06-28 08:29:57.163683
2947,11240,42086.000,3.744,2026-06-28 08:29:57.163683
2948,7182,26593.000,3.703,2026-06-28 08:29:57.163683
2949,7183,26492.000,3.688,2026-06-28 08:29:57.163683
2950,3674,9219.000,2.509,2026-06-28 08:29:57.163683
2951,6591,25938.000,3.935,2026-06-28 08:29:57.163683
2952,1783,6650.000,3.730,2026-06-28 08:29:57.163683
2953,6880,17193.500,2.499,2026-06-28 08:29:57.163683
2954,17,37.500,2.206,2026-06-28 08:29:57.163683
2955,29,48.500,1.672,2026-06-28 08:29:57.163683
2956,915,2884.500,3.152,2026-06-28 08:29:57.163683
2957,20,62.500,3.125,2026-06-28 08:29:57.163683
2958,7,18.000,2.571,2026-06-28 08:29:57.163683
2959,40106,169533.000,4.227,2026-06-28 08:29:57.163683
2960,86,268.500,3.122,2026-06-28 08:29:57.163683
2961,1852,5319.000,2.872,2026-06-28 08:29:57.163683
2962,460,1524.000,3.313,2026-06-28 08:29:57.163683
2963,122,394.500,3.234,2026-06-28 08:29:57.163683
2964,223,687.500,3.083,2026-06-28 08:29:57.163683
2965,413,826.500,2.001,2026-06-28 08:29:57.163683
2966,3691,14597.000,3.955,2026-06-28 08:29:57.163683
2967,834,3092.500,3.708,2026-06-28 08:29:57.163683
2968,8595,30897.500,3.595,2026-06-28 08:29:57.163683
2969,642,2470.000,3.847,2026-06-28 08:29:57.163683
2970,1279,5049.000,3.948,2026-06-28 08:29:57.163683
2971,2268,8540.000,3.765,2026-06-28 08:29:57.163683
2972,507,1975.000,3.895,2026-06-28 08:29:57.163683
2973,3946,15873.500,4.023,2026-06-28 08:29:57.163683
2974,622,1113.000,1.789,2026-06-28 08:29:57.163683
2975,601,1899.000,3.160,2026-06-28 08:29:57.163683
2976,3614,11477.000,3.176,2026-06-28 08:29:57.163683
2977,403,1088.000,2.700,2026-06-28 08:29:57.163683
2978,997,2898.500,2.907,2026-06-28 08:29:57.163683
2979,321,748.000,2.330,2026-06-28 08:29:57.163683
2980,17,34.000,2.000,2026-06-28 08:29:57.163683
2981,56,193.500,3.455,2026-06-28 08:29:57.163683
2982,186,421.500,2.266,2026-06-28 08:29:57.163683
2983,699,2670.500,3.820,2026-06-28 08:29:57.163683
2984,137,509.500,3.719,2026-06-28 08:29:57.163683
2985,14157,46844.000,3.309,2026-06-28 08:29:57.163683
2986,4975,12099.500,2.432,2026-06-28 08:29:57.163683
2987,21739,76732.000,3.530,2026-06-28 08:29:57.163683
2988,710,2575.500,3.627,2026-06-28 08:29:57.163683
2989,4005,13800.500,3.446,2026-06-28 08:29:57.163683
2990,4090,13087.500,3.200,2026-06-28 08:29:57.163683
2991,4892,17064.000,3.488,2026-06-28 08:29:57.163683
2992,202,465.500,2.304,2026-06-28 08:29:57.163683
2993,4210,15248.500,3.622,2026-06-28 08:29:57.163683
2994,76,243.000,3.197,2026-06-28 08:29:57.163683
2995,2882,7271.000,2.523,2026-06-28 08:29:57.163683
2996,742,2479.000,3.341,2026-06-28 08:29:57.163683
2997,27160,107369.000,3.953,2026-06-28 08:29:57.163683
2998,78,257.500,3.301,2026-06-28 08:29:57.163683
2999,86,275.500,3.203,2026-06-28 08:29:57.163683
3000,9564,39177.000,4.096,2026-06-28 08:29:57.163683
3001,73,143.500,1.966,2026-06-28 08:29:57.163683
3002,364,1399.000,3.843,2026-06-28 08:29:57.163683
3003,166,562.500,3.389,2026-06-28 08:29:57.163683
3004,1648,4151.000,2.519,2026-06-28 08:29:57.163683
3005,6487,21293.000,3.282,2026-06-28 08:29:57.163683
3006,8802,34603.000,3.931,2026-06-28 08:29:57.163683
3007,2052,8026.500,3.912,2026-06-28 08:29:57.163683
3008,701,2646.000,3.775,2026-06-28 08:29:57.163683
3009,25,64.500,2.580,2026-06-28 08:29:57.163683
3010,324,1143.000,3.528,2026-06-28 08:29:57.163683
3011,1072,3943.000,3.678,2026-06-28 08:29:57.163683
3012,89,315.500,3.545,2026-06-28 08:29:57.163683
3013,464,1341.500,2.891,2026-06-28 08:29:57.163683
3014,243,688.000,2.831,2026-06-28 08:29:57.163683
3015,1031,3426.000,3.323,2026-06-28 08:29:57.163683
3016,2735,8716.000,3.187,2026-06-28 08:29:57.163683
3017,685,1834.000,2.677,2026-06-28 08:29:57.163683
3018,1979,6880.000,3.477,2026-06-28 08:29:57.163683
3019,3772,14555.500,3.859,2026-06-28 08:29:57.163683
3020,6313,22562.500,3.574,2026-06-28 08:29:57.163683
3021,228,582.000,2.553,2026-06-28 08:29:57.163683
3022,2224,9258.000,4.163,2026-06-28 08:29:57.163683
3023,30,93.000,3.100,2026-06-28 08:29:57.163683
3024,976,2242.000,2.297,2026-06-28 08:29:57.163683
3025,57,163.500,2.868,2026-06-28 08:29:57.163683
3026,73,142.000,1.945,2026-06-28 08:29:57.163683
3028,928,3368.500,3.630,2026-06-28 08:29:57.163683
3029,812,2500.500,3.079,2026-06-28 08:29:57.163683
3030,3559,14989.500,4.212,2026-06-28 08:29:57.163683
3031,348,782.500,2.249,2026-06-28 08:29:57.163683
3032,1666,5717.500,3.432,2026-06-28 08:29:57.163683
3033,11536,39243.500,3.402,2026-06-28 08:29:57.163683
3034,4525,16650.500,3.680,2026-06-28 08:29:57.163683
3035,2522,10220.000,4.052,2026-06-28 08:29:57.163683
3036,1124,3665.500,3.261,2026-06-28 08:29:57.163683
3037,4033,16052.500,3.980,2026-06-28 08:29:57.163683
3038,608,2461.500,4.049,2026-06-28 08:29:57.163683
3039,9191,34336.000,3.736,2026-06-28 08:29:57.163683
3040,2021,6412.500,3.173,2026-06-28 08:29:57.163683
3041,467,823.500,1.763,2026-06-28 08:29:57.163683
3042,395,623.500,1.578,2026-06-28 08:29:57.163683
3043,221,365.000,1.652,2026-06-28 08:29:57.163683
3044,3845,14434.500,3.754,2026-06-28 08:29:57.163683
3045,822,2657.000,3.232,2026-06-28 08:29:57.163683
3046,598,2065.500,3.454,2026-06-28 08:29:57.163683
3047,89,316.000,3.551,2026-06-28 08:29:57.163683
3048,332,829.000,2.497,2026-06-28 08:29:57.163683
3049,233,727.000,3.120,2026-06-28 08:29:57.163683
3050,129,345.500,2.678,2026-06-28 08:29:57.163683
3051,1199,3626.000,3.024,2026-06-28 08:29:57.163683
3052,15753,56983.000,3.617,2026-06-28 08:29:57.163683
3053,2648,8078.500,3.051,2026-06-28 08:29:57.163683
3054,1478,3042.000,2.058,2026-06-28 08:29:57.163683
3055,612,2121.000,3.466,2026-06-28 08:29:57.163683
3056,111,328.500,2.959,2026-06-28 08:29:57.163683
3057,52,153.500,2.952,2026-06-28 08:29:57.163683
3058,61,133.500,2.189,2026-06-28 08:29:57.163683
3059,19,53.000,2.789,2026-06-28 08:29:57.163683
3060,5235,19761.500,3.775,2026-06-28 08:29:57.163683
3061,1656,6360.500,3.841,2026-06-28 08:29:57.163683
3062,2779,10863.000,3.909,2026-06-28 08:29:57.163683
3063,1136,2934.500,2.583,2026-06-28 08:29:57.163683
3064,442,959.500,2.171,2026-06-28 08:29:57.163683
3065,40,130.000,3.250,2026-06-28 08:29:57.163683
3066,1950,7168.000,3.676,2026-06-28 08:29:57.163683
3067,2849,11094.000,3.894,2026-06-28 08:29:57.163683
3068,2383,9225.000,3.871,2026-06-28 08:29:57.163683
3069,238,870.000,3.655,2026-06-28 08:29:57.163683
3070,3770,12698.500,3.368,2026-06-28 08:29:57.163683
3071,2573,9642.000,3.747,2026-06-28 08:29:57.163683
3072,7458,27222.000,3.650,2026-06-28 08:29:57.163683
3073,168,558.500,3.324,2026-06-28 08:29:57.163683
3074,1439,5420.500,3.767,2026-06-28 08:29:57.163683
3075,1119,4339.000,3.878,2026-06-28 08:29:57.163683
3076,605,2156.500,3.564,2026-06-28 08:29:57.163683
3077,1120,4558.500,4.070,2026-06-28 08:29:57.163683
3078,791,2790.000,3.527,2026-06-28 08:29:57.163683
3079,1358,5121.000,3.771,2026-06-28 08:29:57.163683
3080,8,15.500,1.938,2026-06-28 08:29:57.163683
3081,13162,46647.500,3.544,2026-06-28 08:29:57.163683
3082,8462,27092.000,3.202,2026-06-28 08:29:57.163683
3083,4332,17381.000,4.012,2026-06-28 08:29:57.163683
3084,21,46.500,2.214,2026-06-28 08:29:57.163683
3085,34,97.500,2.868,2026-06-28 08:29:57.163683
3086,452,1615.000,3.573,2026-06-28 08:29:57.163683
3087,5293,18308.500,3.459,2026-06-28 08:29:57.163683
3088,3471,13959.000,4.022,2026-06-28 08:29:57.163683
3089,3186,13201.500,4.144,2026-06-28 08:29:57.163683
3090,1128,4588.500,4.068,2026-06-28 08:29:57.163683
3091,1333,5405.000,4.055,2026-06-28 08:29:57.163683
3092,135,488.500,3.619,2026-06-28 08:29:57.163683
3093,1409,5371.500,3.812,2026-06-28 08:29:57.163683
3094,653,2460.500,3.768,2026-06-28 08:29:57.163683
3095,3674,14722.000,4.007,2026-06-28 08:29:57.163683
3096,655,2566.000,3.918,2026-06-28 08:29:57.163683
3097,1637,6555.000,4.004,2026-06-28 08:29:57.163683
3098,4964,18877.500,3.803,2026-06-28 08:29:57.163683
3099,1373,4467.500,3.254,2026-06-28 08:29:57.163683
3100,5534,20447.000,3.695,2026-06-28 08:29:57.163683
3101,9759,33393.500,3.422,2026-06-28 08:29:57.163683
3102,1470,5290.000,3.599,2026-06-28 08:29:57.163683
3103,404,1251.000,3.097,2026-06-28 08:29:57.163683
3104,5351,20407.000,3.814,2026-06-28 08:29:57.163683
3105,6711,25264.500,3.765,2026-06-28 08:29:57.163683
3106,98,319.000,3.255,2026-06-28 08:29:57.163683
3107,7750,25692.000,3.315,2026-06-28 08:29:57.163683
3108,7729,27954.000,3.617,2026-06-28 08:29:57.163683
3109,341,1063.500,3.119,2026-06-28 08:29:57.163683
3110,200,666.000,3.330,2026-06-28 08:29:57.163683
3111,1264,4732.500,3.744,2026-06-28 08:29:57.163683
3112,354,1221.000,3.449,2026-06-28 08:29:57.163683
3113,5181,13657.500,2.636,2026-06-28 08:29:57.163683
3114,22770,87479.000,3.842,2026-06-28 08:29:57.163683
3115,647,2083.500,3.220,2026-06-28 08:29:57.163683
3116,43,117.500,2.733,2026-06-28 08:29:57.163683
3117,551,1818.500,3.300,2026-06-28 08:29:57.163683
3118,378,1302.500,3.446,2026-06-28 08:29:57.163683
3119,70,212.000,3.029,2026-06-28 08:29:57.163683
3120,929,2739.000,2.948,2026-06-28 08:29:57.163683
3121,147,512.500,3.486,2026-06-28 08:29:57.163683
3122,146,468.500,3.209,2026-06-28 08:29:57.163683
3123,35,72.500,2.071,2026-06-28 08:29:57.163683
3124,148,474.500,3.206,2026-06-28 08:29:57.163683
3125,1223,4404.000,3.601,2026-06-28 08:29:57.163683
3126,66,216.500,3.280,2026-06-28 08:29:57.163683
3127,587,1746.500,2.975,2026-06-28 08:29:57.163683
3128,305,996.500,3.267,2026-06-28 08:29:57.163683
3129,1748,6439.000,3.684,2026-06-28 08:29:57.163683
3130,1084,2645.000,2.440,2026-06-28 08:29:57.163683
3131,18,57.500,3.194,2026-06-28 08:29:57.163683
3132,151,518.500,3.434,2026-06-28 08:29:57.163683
3133,233,843.500,3.620,2026-06-28 08:29:57.163683
3134,1594,6616.500,4.151,2026-06-28 08:29:57.163683
3135,1481,5699.000,3.848,2026-06-28 08:29:57.163683
3136,39,109.000,2.795,2026-06-28 08:29:57.163683
3137,127,412.000,3.244,2026-06-28 08:29:57.163683
3138,350,1115.500,3.187,2026-06-28 08:29:57.163683
3139,123,358.500,2.915,2026-06-28 08:29:57.163683
3140,109,395.000,3.624,2026-06-28 08:29:57.163683
3141,540,1614.000,2.989,2026-06-28 08:29:57.163683
3142,1118,3811.500,3.409,2026-06-28 08:29:57.163683
3143,192,675.500,3.518,2026-06-28 08:29:57.163683
3144,249,769.500,3.090,2026-06-28 08:29:57.163683
3145,1144,3791.500,3.314,2026-06-28 08:29:57.163683
3146,3443,9032.500,2.623,2026-06-28 08:29:57.163683
3147,21080,83954.500,3.983,2026-06-28 08:29:57.163683
3148,6861,25449.500,3.709,2026-06-28 08:29:57.163683
3149,57,135.500,2.377,2026-06-28 08:29:57.163683
3150,318,1145.500,3.602,2026-06-28 08:29:57.163683
3151,18,49.500,2.750,2026-06-28 08:29:57.163683
3152,2732,10914.500,3.995,2026-06-28 08:29:57.163683
3153,1564,5633.500,3.602,2026-06-28 08:29:57.163683
3154,48,157.000,3.271,2026-06-28 08:29:57.163683
3155,3403,11552.000,3.395,2026-06-28 08:29:57.163683
3156,3644,11077.500,3.040,2026-06-28 08:29:57.163683
3157,4836,14102.500,2.916,2026-06-28 08:29:57.163683
3158,368,1330.500,3.615,2026-06-28 08:29:57.163683
3159,4066,14375.500,3.536,2026-06-28 08:29:57.163683
3160,11684,45079.500,3.858,2026-06-28 08:29:57.163683
3161,182,608.500,3.343,2026-06-28 08:29:57.163683
3162,93,226.000,2.430,2026-06-28 08:29:57.163683
3163,1548,5668.500,3.662,2026-06-28 08:29:57.163683
3164,10,27.000,2.700,2026-06-28 08:29:57.163683
3165,366,945.500,2.583,2026-06-28 08:29:57.163683
3166,88,152.000,1.727,2026-06-28 08:29:57.163683
3167,1100,3910.500,3.555,2026-06-28 08:29:57.163683
3168,5328,19752.000,3.707,2026-06-28 08:29:57.163683
3169,1719,6116.000,3.558,2026-06-28 08:29:57.163683
3170,8,15.500,1.938,2026-06-28 08:29:57.163683
3171,161,623.500,3.873,2026-06-28 08:29:57.163683
3172,47,155.500,3.309,2026-06-28 08:29:57.163683
3173,4078,12953.500,3.176,2026-06-28 08:29:57.163683
3174,7718,27232.500,3.528,2026-06-28 08:29:57.163683
3175,13945,50212.000,3.601,2026-06-28 08:29:57.163683
3176,13563,47254.000,3.484,2026-06-28 08:29:57.163683
3177,1236,3474.000,2.811,2026-06-28 08:29:57.163683
3178,4408,16554.000,3.755,2026-06-28 08:29:57.163683
3179,1525,5346.500,3.506,2026-06-28 08:29:57.163683
3180,363,885.500,2.439,2026-06-28 08:29:57.163683
3181,1353,4933.000,3.646,2026-06-28 08:29:57.163683
3182,944,3683.500,3.902,2026-06-28 08:29:57.163683
3183,202,702.000,3.475,2026-06-28 08:29:57.163683
3184,42,123.000,2.929,2026-06-28 08:29:57.163683
3185,2078,6945.000,3.342,2026-06-28 08:29:57.163683
3186,4750,16901.500,3.558,2026-06-28 08:29:57.163683
3187,29,71.500,2.466,2026-06-28 08:29:57.163683
3188,321,1179.500,3.674,2026-06-28 08:29:57.163683
3189,1754,6167.000,3.516,2026-06-28 08:29:57.163683
3190,1020,2326.000,2.280,2026-06-28 08:29:57.163683
3191,5,14.000,2.800,2026-06-28 08:29:57.163683
3192,143,528.000,3.692,2026-06-28 08:29:57.163683
3194,1159,4005.500,3.456,2026-06-28 08:29:57.163683
3195,6,20.000,3.333,2026-06-28 08:29:57.163683
3196,2829,11614.500,4.106,2026-06-28 08:29:57.163683
3197,1221,3829.000,3.136,2026-06-28 08:29:57.163683
3198,4483,17781.000,3.966,2026-06-28 08:29:57.163683
3199,288,970.500,3.370,2026-06-28 08:29:57.163683
3200,1150,4477.500,3.893,2026-06-28 08:29:57.163683
3201,2132,8340.500,3.912,2026-06-28 08:29:57.163683
3202,122,446.000,3.656,2026-06-28 08:29:57.163683
3203,3277,11802.000,3.601,2026-06-28 08:29:57.163683
3204,1366,4847.000,3.548,2026-06-28 08:29:57.163683
3205,173,599.500,3.465,2026-06-28 08:29:57.163683
3206,765,2293.000,2.997,2026-06-28 08:29:57.163683
3207,70,210.500,3.007,2026-06-28 08:29:57.163683
3208,1836,5040.500,2.745,2026-06-28 08:29:57.163683
3209,11,28.000,2.545,2026-06-28 08:29:57.163683
3210,7968,29251.500,3.671,2026-06-28 08:29:57.163683
3211,364,1252.500,3.441,2026-06-28 08:29:57.163683
3212,19,51.500,2.711,2026-06-28 08:29:57.163683
3213,1757,6124.500,3.486,2026-06-28 08:29:57.163683
3214,406,1353.500,3.334,2026-06-28 08:29:57.163683
3215,64,208.000,3.250,2026-06-28 08:29:57.163683
3216,108,311.000,2.880,2026-06-28 08:29:57.163683
3217,433,1532.500,3.539,2026-06-28 08:29:57.163683
3218,164,513.500,3.131,2026-06-28 08:29:57.163683
3219,2338,7555.500,3.232,2026-06-28 08:29:57.163683
3220,13,40.000,3.077,2026-06-28 08:29:57.163683
3221,399,1448.000,3.629,2026-06-28 08:29:57.163683
3222,160,594.500,3.716,2026-06-28 08:29:57.163683
3223,318,1136.000,3.572,2026-06-28 08:29:57.163683
3224,648,2597.500,4.008,2026-06-28 08:29:57.163683
3225,897,2372.000,2.644,2026-06-28 08:29:57.163683
3227,11,24.000,2.182,2026-06-28 08:29:57.163683
3228,24,50.500,2.104,2026-06-28 08:29:57.163683
3229,24,80.000,3.333,2026-06-28 08:29:57.163683
3230,497,1817.000,3.656,2026-06-28 08:29:57.163683
3231,18,52.000,2.889,2026-06-28 08:29:57.163683
3232,165,646.000,3.915,2026-06-28 08:29:57.163683
3233,12,35.500,2.958,2026-06-28 08:29:57.163683
3235,453,1426.500,3.149,2026-06-28 08:29:57.163683
3236,23,64.000,2.783,2026-06-28 08:29:57.163683
3237,8,20.500,2.563,2026-06-28 08:29:57.163683
3238,1254,2929.500,2.336,2026-06-28 08:29:57.163683
3239,205,465.500,2.271,2026-06-28 08:29:57.163683
3240,194,609.000,3.139,2026-06-28 08:29:57.163683
3241,352,1269.500,3.607,2026-06-28 08:29:57.163683
3242,56,187.000,3.339,2026-06-28 08:29:57.163683
3243,2494,6397.500,2.565,2026-06-28 08:29:57.163683
3244,1451,5251.500,3.619,2026-06-28 08:29:57.163683
3245,167,626.000,3.749,2026-06-28 08:29:57.163683
3246,4481,17019.000,3.798,2026-06-28 08:29:57.163683
3247,7095,21071.500,2.970,2026-06-28 08:29:57.163683
3248,2546,6351.500,2.495,2026-06-28 08:29:57.163683
3249,2591,7993.500,3.085,2026-06-28 08:29:57.163683
3250,2738,9383.000,3.427,2026-06-28 08:29:57.163683
3251,1350,4541.000,3.364,2026-06-28 08:29:57.163683
3252,7414,27730.000,3.740,2026-06-28 08:29:57.163683
3253,13124,45422.000,3.461,2026-06-28 08:29:57.163683
3254,5122,14986.500,2.926,2026-06-28 08:29:57.163683
3255,10026,35050.000,3.496,2026-06-28 08:29:57.163683
3256,8961,32412.000,3.617,2026-06-28 08:29:57.163683
3257,6161,17011.000,2.761,2026-06-28 08:29:57.163683
3258,3401,9807.500,2.884,2026-06-28 08:29:57.163683
3259,2986,9749.500,3.265,2026-06-28 08:29:57.163683
3260,2914,10999.000,3.775,2026-06-28 08:29:57.163683
3261,2772,9523.000,3.435,2026-06-28 08:29:57.163683
3262,2219,7686.000,3.464,2026-06-28 08:29:57.163683
3263,5600,17440.500,3.114,2026-06-28 08:29:57.163683
3264,4753,13924.500,2.930,2026-06-28 08:29:57.163683
3265,2782,11066.500,3.978,2026-06-28 08:29:57.163683
3266,1486,5582.500,3.757,2026-06-28 08:29:57.163683
3267,4381,15918.500,3.634,2026-06-28 08:29:57.163683
3268,1835,3245.000,1.768,2026-06-28 08:29:57.163683
3269,3054,9383.500,3.073,2026-06-28 08:29:57.163683
3270,1454,4887.500,3.361,2026-06-28 08:29:57.163683
3271,3556,13238.500,3.723,2026-06-28 08:29:57.163683
3272,1286,4256.500,3.310,2026-06-28 08:29:57.163683
3273,6051,14895.000,2.462,2026-06-28 08:29:57.163683
3274,2754,8430.500,3.061,2026-06-28 08:29:57.163683
3275,8027,31685.500,3.947,2026-06-28 08:29:57.163683
3276,297,869.000,2.926,2026-06-28 08:29:57.163683
3278,5,15.500,3.100,2026-06-28 08:29:57.163683
3279,20,41.000,2.050,2026-06-28 08:29:57.163683
3280,23,61.000,2.652,2026-06-28 08:29:57.163683
3281,334,1227.000,3.674,2026-06-28 08:29:57.163683
3282,104,366.500,3.524,2026-06-28 08:29:57.163683
3283,93,315.500,3.392,2026-06-28 08:29:57.163683
3284,235,850.000,3.617,2026-06-28 08:29:57.163683
3285,5404,16226.000,3.003,2026-06-28 08:29:57.163683
3286,774,1720.500,2.223,2026-06-28 08:29:57.163683
3287,847,2442.000,2.883,2026-06-28 08:29:57.163683
3288,26,68.000,2.615,2026-06-28 08:29:57.163683
3289,386,1443.500,3.740,2026-06-28 08:29:57.163683
3291,24,41.500,1.729,2026-06-28 08:29:57.163683
3292,104,385.000,3.702,2026-06-28 08:29:57.163683
3293,28,76.000,2.714,2026-06-28 08:29:57.163683
3294,47,115.000,2.447,2026-06-28 08:29:57.163683
3295,90,335.000,3.722,2026-06-28 08:29:57.163683
3296,1710,6486.500,3.793,2026-06-28 08:29:57.163683
3297,6,11.500,1.917,2026-06-28 08:29:57.163683
3298,4451,15545.500,3.493,2026-06-28 08:29:57.163683
3299,852,1985.000,2.330,2026-06-28 08:29:57.163683
3300,7154,24302.000,3.397,2026-06-28 08:29:57.163683
3301,6606,22079.000,3.342,2026-06-28 08:29:57.163683
3302,260,893.000,3.435,2026-06-28 08:29:57.163683
3303,79,280.000,3.544,2026-06-28 08:29:57.163683
3304,305,1125.000,3.689,2026-06-28 08:29:57.163683
3305,44,129.500,2.943,2026-06-28 08:29:57.163683
3306,354,1384.500,3.911,2026-06-28 08:29:57.163683
3307,2593,10823.500,4.174,2026-06-28 08:29:57.163683
3308,1153,3639.000,3.156,2026-06-28 08:29:57.163683
3309,156,563.000,3.609,2026-06-28 08:29:57.163683
3310,1020,3996.000,3.918,2026-06-28 08:29:57.163683
3311,227,835.500,3.681,2026-06-28 08:29:57.163683
3312,5,9.000,1.800,2026-06-28 08:29:57.163683
3313,99,226.500,2.288,2026-06-28 08:29:57.163683
3314,35,107.500,3.071,2026-06-28 08:29:57.163683
3315,14,38.000,2.714,2026-06-28 08:29:57.163683
3316,2369,6278.000,2.650,2026-06-28 08:29:57.163683
3317,6586,24677.000,3.747,2026-06-28 08:29:57.163683
3318,194,634.000,3.268,2026-06-28 08:29:57.163683
3319,138,440.500,3.192,2026-06-28 08:29:57.163683
3320,415,1471.000,3.545,2026-06-28 08:29:57.163683
3321,10,24.500,2.450,2026-06-28 08:29:57.163683
3322,68,158.500,2.331,2026-06-28 08:29:57.163683
3323,81,248.500,3.068,2026-06-28 08:29:57.163683
3324,1047,2824.000,2.697,2026-06-28 08:29:57.163683
3325,921,2164.000,2.350,2026-06-28 08:29:57.163683
3326,962,2645.500,2.750,2026-06-28 08:29:57.163683
3327,735,2620.500,3.565,2026-06-28 08:29:57.163683
3328,4293,16032.000,3.734,2026-06-28 08:29:57.163683
3329,229,884.000,3.860,2026-06-28 08:29:57.163683
3330,683,2587.500,3.788,2026-06-28 08:29:57.163683
3331,193,449.000,2.326,2026-06-28 08:29:57.163683
3332,5,15.500,3.100,2026-06-28 08:29:57.163683
3333,80,270.000,3.375,2026-06-28 08:29:57.163683
3334,2817,11303.500,4.013,2026-06-28 08:29:57.163683
3335,60,151.500,2.525,2026-06-28 08:29:57.163683
3336,17,53.000,3.118,2026-06-28 08:29:57.163683
3337,13,37.500,2.885,2026-06-28 08:29:57.163683
3338,256,1017.000,3.973,2026-06-28 08:29:57.163683
3339,625,2327.000,3.723,2026-06-28 08:29:57.163683
3340,285,746.500,2.619,2026-06-28 08:29:57.163683
3341,935,3624.000,3.876,2026-06-28 08:29:57.163683
3342,1368,5212.000,3.810,2026-06-28 08:29:57.163683
3343,210,496.500,2.364,2026-06-28 08:29:57.163683
3344,143,410.500,2.871,2026-06-28 08:29:57.163683
3345,114,369.000,3.237,2026-06-28 08:29:57.163683
3346,30,80.000,2.667,2026-06-28 08:29:57.163683
3347,1315,5183.500,3.942,2026-06-28 08:29:57.163683
3348,21,68.500,3.262,2026-06-28 08:29:57.163683
3349,95,310.000,3.263,2026-06-28 08:29:57.163683
3350,862,3340.000,3.875,2026-06-28 08:29:57.163683
3351,103,297.000,2.883,2026-06-28 08:29:57.163683
3352,27,67.000,2.481,2026-06-28 08:29:57.163683
3353,35,109.000,3.114,2026-06-28 08:29:57.163683
3354,6365,16713.000,2.626,2026-06-28 08:29:57.163683
3355,3475,11069.500,3.185,2026-06-28 08:29:57.163683
3357,516,1925.500,3.732,2026-06-28 08:29:57.163683
3358,2213,7963.000,3.598,2026-06-28 08:29:57.163683
3359,3174,12763.000,4.021,2026-06-28 08:29:57.163683
3360,4747,18355.500,3.867,2026-06-28 08:29:57.163683
3361,7077,26224.500,3.706,2026-06-28 08:29:57.163683
3362,7045,28064.000,3.984,2026-06-28 08:29:57.163683
3363,7485,28472.000,3.804,2026-06-28 08:29:57.163683
3364,1048,4077.000,3.890,2026-06-28 08:29:57.163683
3365,2128,8497.000,3.993,2026-06-28 08:29:57.163683
3367,196,676.000,3.449,2026-06-28 08:29:57.163683
3368,349,1309.000,3.751,2026-06-28 08:29:57.163683
3369,12,31.000,2.583,2026-06-28 08:29:57.163683
3370,320,1060.500,3.314,2026-06-28 08:29:57.163683
3371,233,843.000,3.618,2026-06-28 08:29:57.163683
3372,325,1117.000,3.437,2026-06-28 08:29:57.163683
3373,41,123.000,3.000,2026-06-28 08:29:57.163683
3374,87,270.000,3.103,2026-06-28 08:29:57.163683
3375,201,659.000,3.279,2026-06-28 08:29:57.163683
3376,6,14.500,2.417,2026-06-28 08:29:57.163683
3377,37,124.000,3.351,2026-06-28 08:29:57.163683
3378,55,179.000,3.255,2026-06-28 08:29:57.163683
3379,553,2091.500,3.782,2026-06-28 08:29:57.163683
3380,32,96.000,3.000,2026-06-28 08:29:57.163683
3381,6,19.000,3.167,2026-06-28 08:29:57.163683
3382,5,17.000,3.400,2026-06-28 08:29:57.163683
3384,1677,6376.000,3.802,2026-06-28 08:29:57.163683
3385,637,1664.000,2.612,2026-06-28 08:29:57.163683
3386,7527,27609.000,3.668,2026-06-28 08:29:57.163683
3387,1069,2911.000,2.723,2026-06-28 08:29:57.163683
3388,1970,5281.500,2.681,2026-06-28 08:29:57.163683
3389,121,298.500,2.467,2026-06-28 08:29:57.163683
3390,231,350.000,1.515,2026-06-28 08:29:57.163683
3391,678,1490.500,2.198,2026-06-28 08:29:57.163683
3392,1013,2214.500,2.186,2026-06-28 08:29:57.163683
3393,217,502.000,2.313,2026-06-28 08:29:57.163683
3394,1167,3081.000,2.640,2026-06-28 08:29:57.163683
3395,267,709.500,2.657,2026-06-28 08:29:57.163683
3396,6793,25002.500,3.681,2026-06-28 08:29:57.163683
3397,2406,8694.000,3.613,2026-06-28 08:29:57.163683
3398,2470,8563.500,3.467,2026-06-28 08:29:57.163683
3399,551,1684.000,3.056,2026-06-28 08:29:57.163683
3400,277,742.000,2.679,2026-06-28 08:29:57.163683
3401,589,1312.000,2.228,2026-06-28 08:29:57.163683
3402,127,444.000,3.496,2026-06-28 08:29:57.163683
3403,198,510.500,2.578,2026-06-28 08:29:57.163683
3404,1733,5647.500,3.259,2026-06-28 08:29:57.163683
3405,734,2811.000,3.830,2026-06-28 08:29:57.163683
3406,426,1579.000,3.707,2026-06-28 08:29:57.163683
3407,20,50.000,2.500,2026-06-28 08:29:57.163683
3408,15909,57119.500,3.590,2026-06-28 08:29:57.163683
3409,5088,15883.000,3.122,2026-06-28 08:29:57.163683
3410,51,176.500,3.461,2026-06-28 08:29:57.163683
3411,5,13.000,2.600,2026-06-28 08:29:57.163683
3412,999,3446.000,3.449,2026-06-28 08:29:57.163683
3413,40,122.000,3.050,2026-06-28 08:29:57.163683
3414,229,764.500,3.338,2026-06-28 08:29:57.163683
3415,504,2013.500,3.995,2026-06-28 08:29:57.163683
3417,378,1376.000,3.640,2026-06-28 08:29:57.163683
3418,12258,43900.500,3.581,2026-06-28 08:29:57.163683
3419,50,176.000,3.520,2026-06-28 08:29:57.163683
3420,1136,4107.500,3.616,2026-06-28 08:29:57.163683
3421,11347,43403.500,3.825,2026-06-28 08:29:57.163683
3422,938,3209.000,3.421,2026-06-28 08:29:57.163683
3423,343,982.000,2.863,2026-06-28 08:29:57.163683
3424,6081,23395.500,3.847,2026-06-28 08:29:57.163683
3425,436,1426.000,3.271,2026-06-28 08:29:57.163683
3426,1108,3515.000,3.172,2026-06-28 08:29:57.163683
3427,338,1122.500,3.321,2026-06-28 08:29:57.163683
3428,308,944.500,3.067,2026-06-28 08:29:57.163683
3429,2585,10652.000,4.121,2026-06-28 08:29:57.163683
3430,1101,3501.000,3.180,2026-06-28 08:29:57.163683
3431,474,1141.500,2.408,2026-06-28 08:29:57.163683
3432,430,934.500,2.173,2026-06-28 08:29:57.163683
3433,267,497.000,1.861,2026-06-28 08:29:57.163683
3434,213,406.000,1.906,2026-06-28 08:29:57.163683
3435,4909,20737.000,4.224,2026-06-28 08:29:57.163683
3436,772,2141.000,2.773,2026-06-28 08:29:57.163683
3437,139,231.500,1.665,2026-06-28 08:29:57.163683
3438,4951,13929.000,2.813,2026-06-28 08:29:57.163683
3439,2614,6483.500,2.480,2026-06-28 08:29:57.163683
3440,1931,4169.000,2.159,2026-06-28 08:29:57.163683
3441,2807,8965.000,3.194,2026-06-28 08:29:57.163683
3442,168,402.000,2.393,2026-06-28 08:29:57.163683
3443,60,147.500,2.458,2026-06-28 08:29:57.163683
3444,1736,5457.000,3.143,2026-06-28 08:29:57.163683
3445,591,1876.000,3.174,2026-06-28 08:29:57.163683
3446,274,971.500,3.546,2026-06-28 08:29:57.163683
3447,357,1332.000,3.731,2026-06-28 08:29:57.163683
3448,11548,42295.500,3.663,2026-06-28 08:29:57.163683
3449,152,460.000,3.026,2026-06-28 08:29:57.163683
3450,5588,18652.500,3.338,2026-06-28 08:29:57.163683
3451,2601,10028.000,3.855,2026-06-28 08:29:57.163683
3452,4037,12077.500,2.992,2026-06-28 08:29:57.163683
3453,613,1576.000,2.571,2026-06-28 08:29:57.163683
3454,359,992.500,2.765,2026-06-28 08:29:57.163683
3455,17,50.000,2.941,2026-06-28 08:29:57.163683
3456,396,1531.500,3.867,2026-06-28 08:29:57.163683
3457,577,1814.000,3.144,2026-06-28 08:29:57.163683
3458,20,51.000,2.550,2026-06-28 08:29:57.163683
3459,372,1013.500,2.724,2026-06-28 08:29:57.163683
3460,6,15.500,2.583,2026-06-28 08:29:57.163683
3461,2733,9694.500,3.547,2026-06-28 08:29:57.163683
3462,3732,15462.000,4.143,2026-06-28 08:29:57.163683
3463,68,123.000,1.809,2026-06-28 08:29:57.163683
3464,97,215.500,2.222,2026-06-28 08:29:57.163683
3465,80,218.500,2.731,2026-06-28 08:29:57.163683
3466,1081,3728.500,3.449,2026-06-28 08:29:57.163683
3467,1530,6078.000,3.973,2026-06-28 08:29:57.163683
3468,3955,16313.000,4.125,2026-06-28 08:29:57.163683
3469,1938,7926.500,4.090,2026-06-28 08:29:57.163683
3470,969,3949.500,4.076,2026-06-28 08:29:57.163683
3471,14155,53580.500,3.785,2026-06-28 08:29:57.163683
3472,62,194.500,3.137,2026-06-28 08:29:57.163683
3473,112,393.500,3.513,2026-06-28 08:29:57.163683
3474,99,285.500,2.884,2026-06-28 08:29:57.163683
3475,753,2954.500,3.924,2026-06-28 08:29:57.163683
3476,5005,18401.000,3.677,2026-06-28 08:29:57.163683
3477,2752,9287.500,3.375,2026-06-28 08:29:57.163683
3478,1936,6267.500,3.237,2026-06-28 08:29:57.163683
3479,3747,13386.000,3.572,2026-06-28 08:29:57.163683
3480,1014,3491.000,3.443,2026-06-28 08:29:57.163683
3481,15887,60968.500,3.838,2026-06-28 08:29:57.163683
3483,1935,6155.500,3.181,2026-06-28 08:29:57.163683
3484,2224,6125.000,2.754,2026-06-28 08:29:57.163683
3485,22,59.000,2.682,2026-06-28 08:29:57.163683
3486,59,145.500,2.466,2026-06-28 08:29:57.163683
3487,487,1764.500,3.623,2026-06-28 08:29:57.163683
3488,69,141.500,2.051,2026-06-28 08:29:57.163683
3489,8362,26473.500,3.166,2026-06-28 08:29:57.163683
3490,120,357.500,2.979,2026-06-28 08:29:57.163683
3491,211,569.000,2.697,2026-06-28 08:29:57.163683
3492,79,261.000,3.304,2026-06-28 08:29:57.163683
3493,35,98.500,2.814,2026-06-28 08:29:57.163683
3494,1794,6522.500,3.636,2026-06-28 08:29:57.163683
3495,59,186.500,3.161,2026-06-28 08:29:57.163683
3496,241,782.000,3.245,2026-06-28 08:29:57.163683
3497,398,1234.000,3.101,2026-06-28 08:29:57.163683
3498,2980,11628.500,3.902,2026-06-28 08:29:57.163683
3499,9136,34266.500,3.751,2026-06-28 08:29:57.163683
3500,725,1909.000,2.633,2026-06-28 08:29:57.163683
3501,918,3198.000,3.484,2026-06-28 08:29:57.163683
3502,553,1875.500,3.392,2026-06-28 08:29:57.163683
3503,2148,8137.500,3.788,2026-06-28 08:29:57.163683
3504,5206,20940.000,4.022,2026-06-28 08:29:57.163683
3505,2677,10105.500,3.775,2026-06-28 08:29:57.163683
3506,708,2301.000,3.250,2026-06-28 08:29:57.163683
3507,3130,12226.000,3.906,2026-06-28 08:29:57.163683
3508,3258,12818.500,3.934,2026-06-28 08:29:57.163683
3509,410,1180.000,2.878,2026-06-28 08:29:57.163683
3510,7836,27996.000,3.573,2026-06-28 08:29:57.163683
3511,482,1184.000,2.456,2026-06-28 08:29:57.163683
3512,2645,9415.500,3.560,2026-06-28 08:29:57.163683
3513,2464,8110.500,3.292,2026-06-28 08:29:57.163683
3514,250,822.500,3.290,2026-06-28 08:29:57.163683
3515,1153,3614.500,3.135,2026-06-28 08:29:57.163683
3516,934,3432.000,3.675,2026-06-28 08:29:57.163683
3517,21,62.000,2.952,2026-06-28 08:29:57.163683
3518,249,729.000,2.928,2026-06-28 08:29:57.163683
3519,1021,3378.000,3.309,2026-06-28 08:29:57.163683
3520,135,307.500,2.278,2026-06-28 08:29:57.163683
3521,1427,5561.500,3.897,2026-06-28 08:29:57.163683
3522,43,149.000,3.465,2026-06-28 08:29:57.163683
3523,46,135.000,2.935,2026-06-28 08:29:57.163683
3524,2952,9754.000,3.304,2026-06-28 08:29:57.163683
3525,1898,5819.500,3.066,2026-06-28 08:29:57.163683
3526,4921,17696.500,3.596,2026-06-28 08:29:57.163683
3527,14537,52628.500,3.620,2026-06-28 08:29:57.163683
3528,1672,5145.500,3.077,2026-06-28 08:29:57.163683
3529,1004,3385.000,3.372,2026-06-28 08:29:57.163683
3530,45,149.000,3.311,2026-06-28 08:29:57.163683
3531,126,386.500,3.067,2026-06-28 08:29:57.163683
3533,67,233.000,3.478,2026-06-28 08:29:57.163683
3534,4670,14440.000,3.092,2026-06-28 08:29:57.163683
3535,8593,30108.000,3.504,2026-06-28 08:29:57.163683
3536,4033,13952.000,3.459,2026-06-28 08:29:57.163683
3537,272,845.000,3.107,2026-06-28 08:29:57.163683
3538,1234,4387.500,3.556,2026-06-28 08:29:57.163683
3539,439,1647.500,3.753,2026-06-28 08:29:57.163683
3540,146,431.000,2.952,2026-06-28 08:29:57.163683
3541,10,25.500,2.550,2026-06-28 08:29:57.163683
3542,16,39.500,2.469,2026-06-28 08:29:57.163683
3543,3655,14237.000,3.895,2026-06-28 08:29:57.163683
3544,441,1244.500,2.822,2026-06-28 08:29:57.163683
3545,3087,11999.000,3.887,2026-06-28 08:29:57.163683
3546,1494,5647.500,3.780,2026-06-28 08:29:57.163683
3547,460,1702.500,3.701,2026-06-28 08:29:57.163683
3548,1333,5191.500,3.895,2026-06-28 08:29:57.163683
3549,1637,6139.000,3.750,2026-06-28 08:29:57.163683
3550,992,3350.000,3.377,2026-06-28 08:29:57.163683
3551,3547,13728.000,3.870,2026-06-28 08:29:57.163683
3552,8832,32651.500,3.697,2026-06-28 08:29:57.163683
3553,607,1704.000,2.807,2026-06-28 08:29:57.163683
3554,1017,3489.500,3.431,2026-06-28 08:29:57.163683
3555,6791,22684.500,3.340,2026-06-28 08:29:57.163683
3556,6298,22995.500,3.651,2026-06-28 08:29:57.163683
3557,654,1922.500,2.940,2026-06-28 08:29:57.163683
3558,11,28.500,2.591,2026-06-28 08:29:57.163683
3559,338,1265.500,3.744,2026-06-28 08:29:57.163683
3560,37,123.500,3.338,2026-06-28 08:29:57.163683
3562,154,415.000,2.695,2026-06-28 08:29:57.163683
3563,432,970.000,2.245,2026-06-28 08:29:57.163683
3564,1482,2707.000,1.827,2026-06-28 08:29:57.163683
3565,1826,5999.500,3.286,2026-06-28 08:29:57.163683
3566,1433,4710.000,3.287,2026-06-28 08:29:57.163683
3567,180,621.500,3.453,2026-06-28 08:29:57.163683
3568,101,319.500,3.163,2026-06-28 08:29:57.163683
3569,821,2910.000,3.544,2026-06-28 08:29:57.163683
3570,40,126.500,3.163,2026-06-28 08:29:57.163683
3571,606,1935.000,3.193,2026-06-28 08:29:57.163683
3572,368,607.000,1.649,2026-06-28 08:29:57.163683
3573,167,242.500,1.452,2026-06-28 08:29:57.163683
3574,139,172.000,1.237,2026-06-28 08:29:57.163683
3575,47,162.500,3.457,2026-06-28 08:29:57.163683
3576,1194,4272.000,3.578,2026-06-28 08:29:57.163683
3577,291,722.000,2.481,2026-06-28 08:29:57.163683
3578,32878,129942.000,3.952,2026-06-28 08:29:57.163683
3579,300,746.500,2.488,2026-06-28 08:29:57.163683
3580,190,569.500,2.997,2026-06-28 08:29:57.163683
3581,864,3169.500,3.668,2026-06-28 08:29:57.163683
3584,515,1443.000,2.802,2026-06-28 08:29:57.163683
3585,77,255.000,3.312,2026-06-28 08:29:57.163683
3586,108,371.500,3.440,2026-06-28 08:29:57.163683
3587,246,756.500,3.075,2026-06-28 08:29:57.163683
3588,208,700.000,3.365,2026-06-28 08:29:57.163683
3589,26,71.500,2.750,2026-06-28 08:29:57.163683
3590,283,811.000,2.866,2026-06-28 08:29:57.163683
3591,2892,9429.000,3.260,2026-06-28 08:29:57.163683
3592,55,178.500,3.245,2026-06-28 08:29:57.163683
3593,3973,6359.000,1.601,2026-06-28 08:29:57.163683
3594,1273,4146.500,3.257,2026-06-28 08:29:57.163683
3595,55,126.000,2.291,2026-06-28 08:29:57.163683
3596,321,816.500,2.544,2026-06-28 08:29:57.163683
3597,411,1052.500,2.561,2026-06-28 08:29:57.163683
3598,1168,4015.500,3.438,2026-06-28 08:29:57.163683
3599,513,1844.500,3.596,2026-06-28 08:29:57.163683
3600,440,1190.500,2.706,2026-06-28 08:29:57.163683
3601,34,102.000,3.000,2026-06-28 08:29:57.163683
3602,180,485.500,2.697,2026-06-28 08:29:57.163683
3603,18,41.000,2.278,2026-06-28 08:29:57.163683
3604,535,1927.500,3.603,2026-06-28 08:29:57.163683
3605,212,615.500,2.903,2026-06-28 08:29:57.163683
3606,929,3621.000,3.898,2026-06-28 08:29:57.163683
3607,13,40.000,3.077,2026-06-28 08:29:57.163683
3608,5662,18589.500,3.283,2026-06-28 08:29:57.163683
3609,70,251.000,3.586,2026-06-28 08:29:57.163683
3610,103,265.500,2.578,2026-06-28 08:29:57.163683
3611,114,333.000,2.921,2026-06-28 08:29:57.163683
3612,138,473.500,3.431,2026-06-28 08:29:57.163683
3613,333,1210.000,3.634,2026-06-28 08:29:57.163683
3614,2090,6545.500,3.132,2026-06-28 08:29:57.163683
3615,2310,7160.500,3.100,2026-06-28 08:29:57.163683
3616,1385,3637.500,2.626,2026-06-28 08:29:57.163683
3617,7292,23180.500,3.179,2026-06-28 08:29:57.163683
3618,2051,6808.500,3.320,2026-06-28 08:29:57.163683
3619,272,842.000,3.096,2026-06-28 08:29:57.163683
3620,245,755.000,3.082,2026-06-28 08:29:57.163683
3621,129,443.500,3.438,2026-06-28 08:29:57.163683
3622,323,1149.000,3.557,2026-06-28 08:29:57.163683
3623,16230,48063.000,2.961,2026-06-28 08:29:57.163683
3624,7550,25102.000,3.325,2026-06-28 08:29:57.163683
3625,71,237.500,3.345,2026-06-28 08:29:57.163683
3626,277,776.000,2.801,2026-06-28 08:29:57.163683
3627,601,2084.500,3.468,2026-06-28 08:29:57.163683
3628,324,1090.000,3.364,2026-06-28 08:29:57.163683
3629,2032,8307.000,4.088,2026-06-28 08:29:57.163683
3630,44,111.000,2.523,2026-06-28 08:29:57.163683
3631,33,103.000,3.121,2026-06-28 08:29:57.163683
3632,369,1378.000,3.734,2026-06-28 08:29:57.163683
3633,2688,9155.000,3.406,2026-06-28 08:29:57.163683
3634,895,3598.500,4.021,2026-06-28 08:29:57.163683
3635,4179,14800.000,3.542,2026-06-28 08:29:57.163683
3636,53,154.000,2.906,2026-06-28 08:29:57.163683
3637,158,595.000,3.766,2026-06-28 08:29:57.163683
3638,4680,14731.000,3.148,2026-06-28 08:29:57.163683
3639,3846,13398.500,3.484,2026-06-28 08:29:57.163683
3640,96,317.500,3.307,2026-06-28 08:29:57.163683
3641,71,245.000,3.451,2026-06-28 08:29:57.163683
3642,45,130.000,2.889,2026-06-28 08:29:57.163683
3643,287,951.000,3.314,2026-06-28 08:29:57.163683
3644,64,202.500,3.164,2026-06-28 08:29:57.163683
3645,249,956.000,3.839,2026-06-28 08:29:57.163683
3646,2394,5749.500,2.402,2026-06-28 08:29:57.163683
3647,7,17.500,2.500,2026-06-28 08:29:57.163683
3648,82,231.000,2.817,2026-06-28 08:29:57.163683
3649,1397,4271.500,3.058,2026-06-28 08:29:57.163683
3650,27,80.000,2.963,2026-06-28 08:29:57.163683
3651,26,61.500,2.365,2026-06-28 08:29:57.163683
3652,141,429.000,3.043,2026-06-28 08:29:57.163683
3653,707,2682.000,3.793,2026-06-28 08:29:57.163683
3654,3476,13258.000,3.814,2026-06-28 08:29:57.163683
3655,327,1189.000,3.636,2026-06-28 08:29:57.163683
3656,21,65.000,3.095,2026-06-28 08:29:57.163683
3657,29,96.500,3.328,2026-06-28 08:29:57.163683
3658,386,1428.000,3.699,2026-06-28 08:29:57.163683
3659,154,513.000,3.331,2026-06-28 08:29:57.163683
3660,650,1798.500,2.767,2026-06-28 08:29:57.163683
3661,335,728.000,2.173,2026-06-28 08:29:57.163683
3662,323,688.000,2.130,2026-06-28 08:29:57.163683
3663,222,425.500,1.917,2026-06-28 08:29:57.163683
3664,213,376.500,1.768,2026-06-28 08:29:57.163683
3665,162,297.500,1.836,2026-06-28 08:29:57.163683
3666,97,174.000,1.794,2026-06-28 08:29:57.163683
3667,133,248.500,1.868,2026-06-28 08:29:57.163683
3668,2815,10275.000,3.650,2026-06-28 08:29:57.163683
3669,384,963.500,2.509,2026-06-28 08:29:57.163683
3670,96,331.000,3.448,2026-06-28 08:29:57.163683
3671,10519,40775.000,3.876,2026-06-28 08:29:57.163683
3672,845,2435.500,2.882,2026-06-28 08:29:57.163683
3673,236,553.500,2.345,2026-06-28 08:29:57.163683
3674,212,540.000,2.547,2026-06-28 08:29:57.163683
3675,1894,7183.500,3.793,2026-06-28 08:29:57.163683
3676,2587,9319.500,3.602,2026-06-28 08:29:57.163683
3677,1440,5833.500,4.051,2026-06-28 08:29:57.163683
3678,416,1530.500,3.679,2026-06-28 08:29:57.163683
3679,426,1674.500,3.931,2026-06-28 08:29:57.163683
3680,311,1169.500,3.760,2026-06-28 08:29:57.163683
3681,4638,18427.000,3.973,2026-06-28 08:29:57.163683
3682,1472,5284.000,3.590,2026-06-28 08:29:57.163683
3683,5053,20380.500,4.033,2026-06-28 08:29:57.163683
3684,1832,6110.000,3.335,2026-06-28 08:29:57.163683
3685,2271,8158.000,3.592,2026-06-28 08:29:57.163683
3686,3699,11983.500,3.240,2026-06-28 08:29:57.163683
3687,51,163.000,3.196,2026-06-28 08:29:57.163683
3688,2312,6251.000,2.704,2026-06-28 08:29:57.163683
3689,924,1905.000,2.062,2026-06-28 08:29:57.163683
3690,769,1571.500,2.044,2026-06-28 08:29:57.163683
3691,205,516.500,2.520,2026-06-28 08:29:57.163683
3692,306,722.000,2.359,2026-06-28 08:29:57.163683
3693,1136,3176.000,2.796,2026-06-28 08:29:57.163683
3694,377,860.500,2.282,2026-06-28 08:29:57.163683
3695,309,622.000,2.013,2026-06-28 08:29:57.163683
3696,403,1154.500,2.865,2026-06-28 08:29:57.163683
3697,5385,15261.500,2.834,2026-06-28 08:29:57.163683
3698,6624,21130.500,3.190,2026-06-28 08:29:57.163683
3699,4055,13852.000,3.416,2026-06-28 08:29:57.163683
3700,1053,3735.000,3.547,2026-06-28 08:29:57.163683
3701,2316,7300.000,3.152,2026-06-28 08:29:57.163683
3702,8825,31221.000,3.538,2026-06-28 08:29:57.163683
3703,8756,31935.000,3.647,2026-06-28 08:29:57.163683
3704,5436,16857.000,3.101,2026-06-28 08:29:57.163683
3705,2043,5482.500,2.684,2026-06-28 08:29:57.163683
3706,2692,9622.000,3.574,2026-06-28 08:29:57.163683
3707,1719,5095.000,2.964,2026-06-28 08:29:57.163683
3708,1342,3999.000,2.980,2026-06-28 08:29:57.163683
3709,659,1569.500,2.382,2026-06-28 08:29:57.163683
3710,781,1764.500,2.259,2026-06-28 08:29:57.163683
3711,143,444.500,3.108,2026-06-28 08:29:57.163683
3712,1478,4783.000,3.236,2026-06-28 08:29:57.163683
3713,392,1482.500,3.782,2026-06-28 08:29:57.163683
3714,214,654.500,3.058,2026-06-28 08:29:57.163683
3715,299,714.000,2.388,2026-06-28 08:29:57.163683
3716,219,506.000,2.311,2026-06-28 08:29:57.163683
3717,9543,29263.500,3.066,2026-06-28 08:29:57.163683
3718,399,1342.500,3.365,2026-06-28 08:29:57.163683
3719,313,934.500,2.986,2026-06-28 08:29:57.163683
3720,620,2251.000,3.631,2026-06-28 08:29:57.163683
3721,115,299.000,2.600,2026-06-28 08:29:57.163683
3722,61,136.500,2.238,2026-06-28 08:29:57.163683
3723,2001,7176.000,3.586,2026-06-28 08:29:57.163683
3724,818,3029.500,3.704,2026-06-28 08:29:57.163683
3725,387,1192.000,3.080,2026-06-28 08:29:57.163683
3726,971,3442.000,3.545,2026-06-28 08:29:57.163683
3727,1105,4009.000,3.628,2026-06-28 08:29:57.163683
3728,813,3125.500,3.844,2026-06-28 08:29:57.163683
3729,1221,4003.500,3.279,2026-06-28 08:29:57.163683
3730,3856,15768.000,4.089,2026-06-28 08:29:57.163683
3731,218,766.500,3.516,2026-06-28 08:29:57.163683
3732,385,1178.500,3.061,2026-06-28 08:29:57.163683
3733,1557,5943.500,3.817,2026-06-28 08:29:57.163683
3734,288,1037.500,3.602,2026-06-28 08:29:57.163683
3735,4123,16184.000,3.925,2026-06-28 08:29:57.163683
3736,509,2012.500,3.954,2026-06-28 08:29:57.163683
3737,194,734.000,3.784,2026-06-28 08:29:57.163683
3738,384,1318.500,3.434,2026-06-28 08:29:57.163683
3739,388,1541.500,3.973,2026-06-28 08:29:57.163683
3740,4999,17273.000,3.455,2026-06-28 08:29:57.163683
3741,2140,8656.000,4.045,2026-06-28 08:29:57.163683
3742,1813,7063.500,3.896,2026-06-28 08:29:57.163683
3743,590,1574.000,2.668,2026-06-28 08:29:57.163683
3744,4037,12022.000,2.978,2026-06-28 08:29:57.163683
3745,5430,17695.500,3.259,2026-06-28 08:29:57.163683
3746,367,1384.500,3.772,2026-06-28 08:29:57.163683
3747,827,3004.500,3.633,2026-06-28 08:29:57.163683
3748,29,96.000,3.310,2026-06-28 08:29:57.163683
3749,130,423.500,3.258,2026-06-28 08:29:57.163683
3750,5,12.000,2.400,2026-06-28 08:29:57.163683
3751,16472,58992.000,3.581,2026-06-28 08:29:57.163683
3752,8134,24267.000,2.983,2026-06-28 08:29:57.163683
3753,12946,44836.500,3.463,2026-06-28 08:29:57.163683
3754,1564,3537.500,2.262,2026-06-28 08:29:57.163683
3755,9876,30344.000,3.072,2026-06-28 08:29:57.163683
3756,249,772.500,3.102,2026-06-28 08:29:57.163683
3757,83,242.500,2.922,2026-06-28 08:29:57.163683
3758,410,1169.500,2.852,2026-06-28 08:29:57.163683
3759,171,542.500,3.173,2026-06-28 08:29:57.163683
3760,1476,5031.000,3.409,2026-06-28 08:29:57.163683
3761,410,1500.500,3.660,2026-06-28 08:29:57.163683
3762,12,28.500,2.375,2026-06-28 08:29:57.163683
3763,3335,11465.500,3.438,2026-06-28 08:29:57.163683
3764,987,2660.500,2.696,2026-06-28 08:29:57.163683
3765,309,944.000,3.055,2026-06-28 08:29:57.163683
3766,760,1891.000,2.488,2026-06-28 08:29:57.163683
3767,464,973.000,2.097,2026-06-28 08:29:57.163683
3768,376,789.000,2.098,2026-06-28 08:29:57.163683
3769,681,2317.000,3.402,2026-06-28 08:29:57.163683
3770,1276,4287.000,3.360,2026-06-28 08:29:57.163683
3771,588,2036.500,3.463,2026-06-28 08:29:57.163683
3772,31,78.000,2.516,2026-06-28 08:29:57.163683
3773,674,1881.000,2.791,2026-06-28 08:29:57.163683
3774,324,665.500,2.054,2026-06-28 08:29:57.163683
3775,109,352.500,3.234,2026-06-28 08:29:57.163683
3776,128,412.500,3.223,2026-06-28 08:29:57.163683
3777,143,407.500,2.850,2026-06-28 08:29:57.163683
3778,25,78.000,3.120,2026-06-28 08:29:57.163683
3779,8,19.500,2.438,2026-06-28 08:29:57.163683
3780,126,326.000,2.587,2026-06-28 08:29:57.163683
3781,111,295.500,2.662,2026-06-28 08:29:57.163683
3782,150,405.000,2.700,2026-06-28 08:29:57.163683
3783,2046,7813.500,3.819,2026-06-28 08:29:57.163683
3784,1414,4436.000,3.137,2026-06-28 08:29:57.163683
3785,8706,24110.000,2.769,2026-06-28 08:29:57.163683
3786,1844,6205.000,3.365,2026-06-28 08:29:57.163683
3787,500,1914.000,3.828,2026-06-28 08:29:57.163683
3788,1741,6729.500,3.865,2026-06-28 08:29:57.163683
3789,652,2611.500,4.005,2026-06-28 08:29:57.163683
3790,279,931.500,3.339,2026-06-28 08:29:57.163683
3791,3383,10457.000,3.091,2026-06-28 08:29:57.163683
3792,249,830.500,3.335,2026-06-28 08:29:57.163683
3793,26846,96619.000,3.599,2026-06-28 08:29:57.163683
3794,826,2702.500,3.272,2026-06-28 08:29:57.163683
3795,262,915.000,3.492,2026-06-28 08:29:57.163683
3796,145,447.000,3.083,2026-06-28 08:29:57.163683
3797,259,588.500,2.272,2026-06-28 08:29:57.163683
3798,6052,19516.000,3.225,2026-06-28 08:29:57.163683
3799,1071,2003.000,1.870,2026-06-28 08:29:57.163683
3800,43,120.000,2.791,2026-06-28 08:29:57.163683
3801,1702,6911.000,4.061,2026-06-28 08:29:57.163683
3802,1489,3764.500,2.528,2026-06-28 08:29:57.163683
3803,35,109.500,3.129,2026-06-28 08:29:57.163683
3804,153,345.000,2.255,2026-06-28 08:29:57.163683
3805,128,386.500,3.020,2026-06-28 08:29:57.163683
3806,170,525.000,3.088,2026-06-28 08:29:57.163683
3807,448,1425.000,3.181,2026-06-28 08:29:57.163683
3808,250,967.500,3.870,2026-06-28 08:29:57.163683
3809,5736,19461.000,3.393,2026-06-28 08:29:57.163683
3810,323,954.500,2.955,2026-06-28 08:29:57.163683
3811,1793,7232.000,4.033,2026-06-28 08:29:57.163683
3812,2095,7423.000,3.543,2026-06-28 08:29:57.163683
3813,545,1918.000,3.519,2026-06-28 08:29:57.163683
3814,1684,6690.000,3.973,2026-06-28 08:29:57.163683
3816,278,1059.500,3.811,2026-06-28 08:29:57.163683
3817,74,229.500,3.101,2026-06-28 08:29:57.163683
3818,39,100.500,2.577,2026-06-28 08:29:57.163683
3819,1746,7128.000,4.082,2026-06-28 08:29:57.163683
3820,201,365.000,1.816,2026-06-28 08:29:57.163683
3821,2727,6163.000,2.260,2026-06-28 08:29:57.163683
3822,585,2232.000,3.815,2026-06-28 08:29:57.163683
3823,409,1471.000,3.597,2026-06-28 08:29:57.163683
3824,1447,3394.500,2.346,2026-06-28 08:29:57.163683
3825,4077,11136.000,2.731,2026-06-28 08:29:57.163683
3826,7228,18249.500,2.525,2026-06-28 08:29:57.163683
3827,5088,15751.500,3.096,2026-06-28 08:29:57.163683
3828,6,18.000,3.000,2026-06-28 08:29:57.163683
3829,41,118.000,2.878,2026-06-28 08:29:57.163683
3830,327,914.000,2.795,2026-06-28 08:29:57.163683
3831,1564,5727.500,3.662,2026-06-28 08:29:57.163683
3832,144,496.500,3.448,2026-06-28 08:29:57.163683
3833,314,743.000,2.366,2026-06-28 08:29:57.163683
3834,520,1465.000,2.817,2026-06-28 08:29:57.163683
3835,869,2268.000,2.610,2026-06-28 08:29:57.163683
3836,2151,8174.000,3.800,2026-06-28 08:29:57.163683
3837,402,1109.000,2.759,2026-06-28 08:29:57.163683
3838,210,514.500,2.450,2026-06-28 08:29:57.163683
3839,194,484.500,2.497,2026-06-28 08:29:57.163683
3840,539,1394.500,2.587,2026-06-28 08:29:57.163683
3841,1659,4587.000,2.765,2026-06-28 08:29:57.163683
3843,283,801.000,2.830,2026-06-28 08:29:57.163683
3844,3141,11027.500,3.511,2026-06-28 08:29:57.163683
3845,175,562.500,3.214,2026-06-28 08:29:57.163683
3846,417,1252.500,3.004,2026-06-28 08:29:57.163683
3847,165,448.500,2.718,2026-06-28 08:29:57.163683
3848,97,283.500,2.923,2026-06-28 08:29:57.163683
3849,262,981.500,3.746,2026-06-28 08:29:57.163683
3850,40,112.000,2.800,2026-06-28 08:29:57.163683
3851,410,1534.000,3.741,2026-06-28 08:29:57.163683
3852,1797,6294.000,3.503,2026-06-28 08:29:57.163683
3853,51,160.500,3.147,2026-06-28 08:29:57.163683
3854,291,1058.500,3.637,2026-06-28 08:29:57.163683
3855,363,1335.000,3.678,2026-06-28 08:29:57.163683
3856,5,11.000,2.200,2026-06-28 08:29:57.163683
3857,745,1947.500,2.614,2026-06-28 08:29:57.163683
3858,772,2297.000,2.975,2026-06-28 08:29:57.163683
3859,436,1584.500,3.634,2026-06-28 08:29:57.163683
3860,66,200.500,3.038,2026-06-28 08:29:57.163683
3861,2651,8292.500,3.128,2026-06-28 08:29:57.163683
3862,285,895.500,3.142,2026-06-28 08:29:57.163683
3863,8023,24316.000,3.031,2026-06-28 08:29:57.163683
3864,1364,3407.500,2.498,2026-06-28 08:29:57.163683
3865,970,3182.000,3.280,2026-06-28 08:29:57.163683
3866,29,78.500,2.707,2026-06-28 08:29:57.163683
3867,87,242.500,2.787,2026-06-28 08:29:57.163683
3868,7338,26257.500,3.578,2026-06-28 08:29:57.163683
3869,4654,14587.000,3.134,2026-06-28 08:29:57.163683
3870,214,741.500,3.465,2026-06-28 08:29:57.163683
3871,1769,6675.500,3.774,2026-06-28 08:29:57.163683
3872,480,1799.500,3.749,2026-06-28 08:29:57.163683
3873,1325,4755.000,3.589,2026-06-28 08:29:57.163683
3874,101,320.500,3.173,2026-06-28 08:29:57.163683
3875,105,348.000,3.314,2026-06-28 08:29:57.163683
3876,54,166.000,3.074,2026-06-28 08:29:57.163683
3877,1211,2544.000,2.101,2026-06-28 08:29:57.163683
3878,60,175.500,2.925,2026-06-28 08:29:57.163683
3879,1394,4028.000,2.890,2026-06-28 08:29:57.163683
3880,104,369.000,3.548,2026-06-28 08:29:57.163683
3881,66,235.500,3.568,2026-06-28 08:29:57.163683
3882,4547,13859.500,3.048,2026-06-28 08:29:57.163683
3883,59,158.500,2.686,2026-06-28 08:29:57.163683
3884,244,575.500,2.359,2026-06-28 08:29:57.163683
3885,202,646.000,3.198,2026-06-28 08:29:57.163683
3886,203,634.000,3.123,2026-06-28 08:29:57.163683
3887,27,84.000,3.111,2026-06-28 08:29:57.163683
3888,57,186.500,3.272,2026-06-28 08:29:57.163683
3889,1246,3058.000,2.454,2026-06-28 08:29:57.163683
3890,7,14.500,2.071,2026-06-28 08:29:57.163683
3891,28,53.500,1.911,2026-06-28 08:29:57.163683
3892,318,945.500,2.973,2026-06-28 08:29:57.163683
3893,4637,14857.000,3.204,2026-06-28 08:29:57.163683
3894,156,551.500,3.535,2026-06-28 08:29:57.163683
3895,771,1937.000,2.512,2026-06-28 08:29:57.163683
3896,1524,4986.000,3.272,2026-06-28 08:29:57.163683
3897,18434,71070.500,3.855,2026-06-28 08:29:57.163683
3898,433,1200.500,2.773,2026-06-28 08:29:57.163683
3899,55,147.000,2.673,2026-06-28 08:29:57.163683
3900,154,440.000,2.857,2026-06-28 08:29:57.163683
3901,753,2141.500,2.844,2026-06-28 08:29:57.163683
3902,90,263.500,2.928,2026-06-28 08:29:57.163683
3903,255,848.500,3.327,2026-06-28 08:29:57.163683
3904,8,11.000,1.375,2026-06-28 08:29:57.163683
3905,134,435.500,3.250,2026-06-28 08:29:57.163683
3906,405,1284.500,3.172,2026-06-28 08:29:57.163683
3907,20,60.000,3.000,2026-06-28 08:29:57.163683
3908,1107,2372.000,2.143,2026-06-28 08:29:57.163683
3909,643,1806.500,2.809,2026-06-28 08:29:57.163683
3910,3862,14845.500,3.844,2026-06-28 08:29:57.163683
3911,10246,39313.500,3.837,2026-06-28 08:29:57.163683
3912,265,657.000,2.479,2026-06-28 08:29:57.163683
3913,126,395.000,3.135,2026-06-28 08:29:57.163683
3914,333,1142.500,3.431,2026-06-28 08:29:57.163683
3915,771,2719.500,3.527,2026-06-28 08:29:57.163683
3916,7562,28626.500,3.786,2026-06-28 08:29:57.163683
3917,2418,7994.500,3.306,2026-06-28 08:29:57.163683
3918,1246,3637.000,2.919,2026-06-28 08:29:57.163683
3919,730,1784.500,2.445,2026-06-28 08:29:57.163683
3920,335,1210.500,3.613,2026-06-28 08:29:57.163683
3921,144,368.000,2.556,2026-06-28 08:29:57.163683
3922,115,282.000,2.452,2026-06-28 08:29:57.163683
3923,343,861.000,2.510,2026-06-28 08:29:57.163683
3924,78,220.500,2.827,2026-06-28 08:29:57.163683
3925,1100,4292.500,3.902,2026-06-28 08:29:57.163683
3926,558,1830.500,3.280,2026-06-28 08:29:57.163683
3927,1614,5662.500,3.508,2026-06-28 08:29:57.163683
3928,959,3279.000,3.419,2026-06-28 08:29:57.163683
3929,703,2744.500,3.904,2026-06-28 08:29:57.163683
3930,1046,3423.500,3.273,2026-06-28 08:29:57.163683
3931,169,316.500,1.873,2026-06-28 08:29:57.163683
3932,1456,5207.000,3.576,2026-06-28 08:29:57.163683
3933,130,277.500,2.135,2026-06-28 08:29:57.163683
3934,85,248.500,2.924,2026-06-28 08:29:57.163683
3936,542,1897.500,3.501,2026-06-28 08:29:57.163683
3937,614,1808.500,2.945,2026-06-28 08:29:57.163683
3938,164,355.000,2.165,2026-06-28 08:29:57.163683
3939,141,258.000,1.830,2026-06-28 08:29:57.163683
3940,101,161.000,1.594,2026-06-28 08:29:57.163683
3941,110,208.500,1.895,2026-06-28 08:29:57.163683
3942,114,187.500,1.645,2026-06-28 08:29:57.163683
3943,728,2290.500,3.146,2026-06-28 08:29:57.163683
3944,76,196.000,2.579,2026-06-28 08:29:57.163683
3945,448,815.500,1.820,2026-06-28 08:29:57.163683
3946,1105,2602.000,2.355,2026-06-28 08:29:57.163683
3947,685,2432.000,3.550,2026-06-28 08:29:57.163683
3948,15713,54230.000,3.451,2026-06-28 08:29:57.163683
3949,14515,58547.500,4.034,2026-06-28 08:29:57.163683
3950,1294,4574.000,3.535,2026-06-28 08:29:57.163683
3951,217,798.500,3.680,2026-06-28 08:29:57.163683
3952,2550,9236.500,3.622,2026-06-28 08:29:57.163683
3953,1336,3025.000,2.264,2026-06-28 08:29:57.163683
3954,48,133.500,2.781,2026-06-28 08:29:57.163683
3955,958,2439.000,2.546,2026-06-28 08:29:57.163683
3956,599,1412.500,2.358,2026-06-28 08:29:57.163683
3957,617,1830.000,2.966,2026-06-28 08:29:57.163683
3958,135,261.000,1.933,2026-06-28 08:29:57.163683
3959,2869,10613.500,3.699,2026-06-28 08:29:57.163683
3960,138,404.000,2.928,2026-06-28 08:29:57.163683
3961,510,1142.000,2.239,2026-06-28 08:29:57.163683
3962,273,428.500,1.570,2026-06-28 08:29:57.163683
3963,489,1619.000,3.311,2026-06-28 08:29:57.163683
3964,634,2234.000,3.524,2026-06-28 08:29:57.163683
3965,219,808.500,3.692,2026-06-28 08:29:57.163683
3966,407,1537.000,3.776,2026-06-28 08:29:57.163683
3967,7581,28843.000,3.805,2026-06-28 08:29:57.163683
3968,3845,11049.000,2.874,2026-06-28 08:29:57.163683
3969,5186,17308.500,3.338,2026-06-28 08:29:57.163683
3970,205,682.000,3.327,2026-06-28 08:29:57.163683
3971,154,487.500,3.166,2026-06-28 08:29:57.163683
3972,2946,10985.000,3.729,2026-06-28 08:29:57.163683
3973,1435,2852.000,1.987,2026-06-28 08:29:57.163683
3974,253,614.500,2.429,2026-06-28 08:29:57.163683
3975,477,1103.000,2.312,2026-06-28 08:29:57.163683
3976,62,168.500,2.718,2026-06-28 08:29:57.163683
3977,15977,44852.000,2.807,2026-06-28 08:29:57.163683
3978,2866,9147.500,3.192,2026-06-28 08:29:57.163683
3979,3061,7658.500,2.502,2026-06-28 08:29:57.163683
3980,3214,11565.000,3.598,2026-06-28 08:29:57.163683
3981,3458,9524.000,2.754,2026-06-28 08:29:57.163683
3982,199,681.000,3.422,2026-06-28 08:29:57.163683
3983,2903,11771.000,4.055,2026-06-28 08:29:57.163683
3984,4357,15303.000,3.512,2026-06-28 08:29:57.163683
3985,705,2541.500,3.605,2026-06-28 08:29:57.163683
3986,4700,13918.000,2.961,2026-06-28 08:29:57.163683
3987,1824,5385.000,2.952,2026-06-28 08:29:57.163683
3988,5614,16312.000,2.906,2026-06-28 08:29:57.163683
3989,581,2310.500,3.977,2026-06-28 08:29:57.163683
3990,684,1745.000,2.551,2026-06-28 08:29:57.163683
3991,1577,3773.000,2.393,2026-06-28 08:29:57.163683
3992,789,2833.500,3.591,2026-06-28 08:29:57.163683
3993,2621,9271.000,3.537,2026-06-28 08:29:57.163683
3994,13555,47196.500,3.482,2026-06-28 08:29:57.163683
3995,29,88.500,3.052,2026-06-28 08:29:57.163683
3996,25090,97932.500,3.903,2026-06-28 08:29:57.163683
3997,2047,4238.000,2.070,2026-06-28 08:29:57.163683
3998,2326,7364.500,3.166,2026-06-28 08:29:57.163683
3999,3147,8854.500,2.814,2026-06-28 08:29:57.163683
4000,596,2076.000,3.483,2026-06-28 08:29:57.163683
4001,146,396.000,2.712,2026-06-28 08:29:57.163683
4002,7024,25157.500,3.582,2026-06-28 08:29:57.163683
4003,824,2365.500,2.871,2026-06-28 08:29:57.163683
4004,21,62.500,2.976,2026-06-28 08:29:57.163683
4005,1990,6481.000,3.257,2026-06-28 08:29:57.163683
4006,2836,9182.500,3.238,2026-06-28 08:29:57.163683
4007,4627,17210.500,3.720,2026-06-28 08:29:57.163683
4008,3932,13485.500,3.430,2026-06-28 08:29:57.163683
4009,787,2755.000,3.501,2026-06-28 08:29:57.163683
4010,1723,5264.500,3.055,2026-06-28 08:29:57.163683
4011,17617,71210.500,4.042,2026-06-28 08:29:57.163683
4012,552,1527.500,2.767,2026-06-28 08:29:57.163683
4013,39,81.000,2.077,2026-06-28 08:29:57.163683
4014,10207,38221.000,3.745,2026-06-28 08:29:57.163683
4015,5010,12558.000,2.507,2026-06-28 08:29:57.163683
4016,5504,19706.000,3.580,2026-06-28 08:29:57.163683
4017,2018,7269.000,3.602,2026-06-28 08:29:57.163683
4018,8554,26833.000,3.137,2026-06-28 08:29:57.163683
4019,5887,21671.500,3.681,2026-06-28 08:29:57.163683
4020,2525,8560.500,3.390,2026-06-28 08:29:57.163683
4021,982,3663.000,3.730,2026-06-28 08:29:57.163683
4022,18913,68398.000,3.616,2026-06-28 08:29:57.163683
4023,4548,15203.500,3.343,2026-06-28 08:29:57.163683
4024,655,2239.000,3.418,2026-06-28 08:29:57.163683
4025,9075,27506.000,3.031,2026-06-28 08:29:57.163683
4026,59,182.500,3.093,2026-06-28 08:29:57.163683
4027,19459,75717.500,3.891,2026-06-28 08:29:57.163683
4028,348,1263.500,3.631,2026-06-28 08:29:57.163683
4029,2940,10364.000,3.525,2026-06-28 08:29:57.163683
4030,1186,3036.500,2.560,2026-06-28 08:29:57.163683
4031,1047,3028.000,2.892,2026-06-28 08:29:57.163683
4032,81,244.000,3.012,2026-06-28 08:29:57.163683
4033,3366,12393.500,3.682,2026-06-28 08:29:57.163683
4034,16379,62686.500,3.827,2026-06-28 08:29:57.163683
4035,326,1057.000,3.242,2026-06-28 08:29:57.163683
4036,2389,8222.000,3.442,2026-06-28 08:29:57.163683
4037,1970,7816.500,3.968,2026-06-28 08:29:57.163683
4038,119,380.000,3.193,2026-06-28 08:29:57.163683
4039,2324,7427.000,3.196,2026-06-28 08:29:57.163683
4040,1882,5020.000,2.667,2026-06-28 08:29:57.163683
4041,3507,12335.000,3.517,2026-06-28 08:29:57.163683
4042,623,2070.500,3.323,2026-06-28 08:29:57.163683
4043,365,1291.000,3.537,2026-06-28 08:29:57.163683
4044,57,111.500,1.956,2026-06-28 08:29:57.163683
4045,132,428.500,3.246,2026-06-28 08:29:57.163683
4046,312,1196.000,3.833,2026-06-28 08:29:57.163683
4047,1613,6107.000,3.786,2026-06-28 08:29:57.163683
4048,64,203.500,3.180,2026-06-28 08:29:57.163683
4049,85,286.500,3.371,2026-06-28 08:29:57.163683
4050,43,94.500,2.198,2026-06-28 08:29:57.163683
4052,1934,5973.500,3.089,2026-06-28 08:29:57.163683
4053,315,850.500,2.700,2026-06-28 08:29:57.163683
4054,2980,9466.500,3.177,2026-06-28 08:29:57.163683
4055,757,2645.500,3.495,2026-06-28 08:29:57.163683
4056,1509,5026.500,3.331,2026-06-28 08:29:57.163683
4057,15,36.500,2.433,2026-06-28 08:29:57.163683
4058,23,72.500,3.152,2026-06-28 08:29:57.163683
4059,22,51.000,2.318,2026-06-28 08:29:57.163683
4060,96,304.500,3.172,2026-06-28 08:29:57.163683
4061,1209,4252.000,3.517,2026-06-28 08:29:57.163683
4062,2000,6624.000,3.312,2026-06-28 08:29:57.163683
4063,642,1788.500,2.786,2026-06-28 08:29:57.163683
4064,156,536.000,3.436,2026-06-28 08:29:57.163683
4065,221,713.500,3.229,2026-06-28 08:29:57.163683
4066,1100,3743.000,3.403,2026-06-28 08:29:57.163683
4067,844,2702.000,3.201,2026-06-28 08:29:57.163683
4068,726,2005.500,2.762,2026-06-28 08:29:57.163683
4069,3883,10927.500,2.814,2026-06-28 08:29:57.163683
4070,33,104.000,3.152,2026-06-28 08:29:57.163683
4072,140,474.000,3.386,2026-06-28 08:29:57.163683
4073,91,243.000,2.670,2026-06-28 08:29:57.163683
4074,82,278.000,3.390,2026-06-28 08:29:57.163683
4075,6,10.500,1.750,2026-06-28 08:29:57.163683
4076,34,101.000,2.971,2026-06-28 08:29:57.163683
4077,712,2568.500,3.607,2026-06-28 08:29:57.163683
4078,126,394.500,3.131,2026-06-28 08:29:57.163683
4079,874,2892.000,3.309,2026-06-28 08:29:57.163683
4080,705,2179.500,3.091,2026-06-28 08:29:57.163683
4081,238,579.000,2.433,2026-06-28 08:29:57.163683
4082,760,2597.500,3.418,2026-06-28 08:29:57.163683
4083,127,415.500,3.272,2026-06-28 08:29:57.163683
4084,4220,12911.000,3.059,2026-06-28 08:29:57.163683
4085,10516,37404.500,3.557,2026-06-28 08:29:57.163683
4086,1436,5117.500,3.564,2026-06-28 08:29:57.163683
4087,59,157.500,2.669,2026-06-28 08:29:57.163683
4088,37,113.000,3.054,2026-06-28 08:29:57.163683
4089,511,1415.000,2.769,2026-06-28 08:29:57.163683
4090,1344,4576.000,3.405,2026-06-28 08:29:57.163683
4091,1346,4370.000,3.247,2026-06-28 08:29:57.163683
4092,436,1171.000,2.686,2026-06-28 08:29:57.163683
4093,88,259.500,2.949,2026-06-28 08:29:57.163683
4094,79,172.000,2.177,2026-06-28 08:29:57.163683
4095,632,2429.000,3.843,2026-06-28 08:29:57.163683
4096,43,86.000,2.000,2026-06-28 08:29:57.163683
4097,126,376.500,2.988,2026-06-28 08:29:57.163683
4098,254,939.000,3.697,2026-06-28 08:29:57.163683
4099,54,136.500,2.528,2026-06-28 08:29:57.163683
4100,215,454.000,2.112,2026-06-28 08:29:57.163683
4101,40,132.000,3.300,2026-06-28 08:29:57.163683
4102,2193,8040.000,3.666,2026-06-28 08:29:57.163683
4103,3338,12769.000,3.825,2026-06-28 08:29:57.163683
4104,1044,2250.500,2.156,2026-06-28 08:29:57.163683
4105,5128,18915.500,3.689,2026-06-28 08:29:57.163683
4106,136,404.000,2.971,2026-06-28 08:29:57.163683
4107,44,150.000,3.409,2026-06-28 08:29:57.163683
4108,95,307.000,3.232,2026-06-28 08:29:57.163683
4109,426,1062.500,2.494,2026-06-28 08:29:57.163683
4110,180,582.000,3.233,2026-06-28 08:29:57.163683
4111,223,744.000,3.336,2026-06-28 08:29:57.163683
4112,37,102.500,2.770,2026-06-28 08:29:57.163683
4113,231,810.500,3.509,2026-06-28 08:29:57.163683
4114,46,149.000,3.239,2026-06-28 08:29:57.163683
4115,158,455.500,2.883,2026-06-28 08:29:57.163683
4116,508,1845.500,3.633,2026-06-28 08:29:57.163683
4117,1272,4970.500,3.908,2026-06-28 08:29:57.163683
4118,84,233.000,2.774,2026-06-28 08:29:57.163683
4119,207,783.500,3.785,2026-06-28 08:29:57.163683
4120,47,111.500,2.372,2026-06-28 08:29:57.163683
4121,2946,9581.500,3.252,2026-06-28 08:29:57.163683
4122,214,671.000,3.136,2026-06-28 08:29:57.163683
4123,510,1051.500,2.062,2026-06-28 08:29:57.163683
4124,1245,2327.500,1.869,2026-06-28 08:29:57.163683
4125,455,700.000,1.538,2026-06-28 08:29:57.163683
4126,601,1818.000,3.025,2026-06-28 08:29:57.163683
4127,305,711.500,2.333,2026-06-28 08:29:57.163683
4128,5532,19759.500,3.572,2026-06-28 08:29:57.163683
4129,163,490.000,3.006,2026-06-28 08:29:57.163683
4130,451,1067.500,2.367,2026-06-28 08:29:57.163683
4131,307,805.000,2.622,2026-06-28 08:29:57.163683
4132,1760,4643.000,2.638,2026-06-28 08:29:57.163683
4133,1319,3102.000,2.352,2026-06-28 08:29:57.163683
4134,18,42.000,2.333,2026-06-28 08:29:57.163683
4135,491,1528.000,3.112,2026-06-28 08:29:57.163683
4136,68,252.500,3.713,2026-06-28 08:29:57.163683
4137,80,199.500,2.494,2026-06-28 08:29:57.163683
4138,113,230.000,2.035,2026-06-28 08:29:57.163683
4139,74,246.500,3.331,2026-06-28 08:29:57.163683
4140,79,249.500,3.158,2026-06-28 08:29:57.163683
4141,522,1492.500,2.859,2026-06-28 08:29:57.163683
4142,452,1071.000,2.369,2026-06-28 08:29:57.163683
4143,661,1433.000,2.168,2026-06-28 08:29:57.163683
4144,2096,8439.500,4.026,2026-06-28 08:29:57.163683
4145,20,52.500,2.625,2026-06-28 08:29:57.163683
4146,489,1411.000,2.885,2026-06-28 08:29:57.163683
4147,148,504.500,3.409,2026-06-28 08:29:57.163683
4148,7018,21981.000,3.132,2026-06-28 08:29:57.163683
4149,2008,5619.500,2.799,2026-06-28 08:29:57.163683
4150,24,66.500,2.771,2026-06-28 08:29:57.163683
4151,355,1280.000,3.606,2026-06-28 08:29:57.163683
4152,185,632.000,3.416,2026-06-28 08:29:57.163683
4153,797,2199.000,2.759,2026-06-28 08:29:57.163683
4154,333,959.000,2.880,2026-06-28 08:29:57.163683
4155,1438,4221.500,2.936,2026-06-28 08:29:57.163683
4156,59,141.000,2.390,2026-06-28 08:29:57.163683
4157,64,204.500,3.195,2026-06-28 08:29:57.163683
4158,935,2119.500,2.267,2026-06-28 08:29:57.163683
4159,1508,4133.500,2.741,2026-06-28 08:29:57.163683
4160,346,1275.500,3.686,2026-06-28 08:29:57.163683
4161,4313,13160.000,3.051,2026-06-28 08:29:57.163683
4162,187,433.000,2.316,2026-06-28 08:29:57.163683
4163,37,75.500,2.041,2026-06-28 08:29:57.163683
4164,246,730.500,2.970,2026-06-28 08:29:57.163683
4165,78,259.000,3.321,2026-06-28 08:29:57.163683
4166,636,2283.500,3.590,2026-06-28 08:29:57.163683
4167,1636,4880.000,2.983,2026-06-28 08:29:57.163683
4168,537,1627.000,3.030,2026-06-28 08:29:57.163683
4169,284,916.500,3.227,2026-06-28 08:29:57.163683
4170,14,37.500,2.679,2026-06-28 08:29:57.163683
4171,31,104.500,3.371,2026-06-28 08:29:57.163683
4172,22,61.500,2.795,2026-06-28 08:29:57.163683
4173,50,166.500,3.330,2026-06-28 08:29:57.163683
4174,721,2658.000,3.687,2026-06-28 08:29:57.163683
4175,238,853.500,3.586,2026-06-28 08:29:57.163683
4176,89,306.500,3.444,2026-06-28 08:29:57.163683
4177,152,469.500,3.089,2026-06-28 08:29:57.163683
4178,980,3701.500,3.777,2026-06-28 08:29:57.163683
4179,175,676.000,3.863,2026-06-28 08:29:57.163683
4180,69,180.000,2.609,2026-06-28 08:29:57.163683
4181,244,784.500,3.215,2026-06-28 08:29:57.163683
4182,61,156.500,2.566,2026-06-28 08:29:57.163683
4183,244,940.500,3.855,2026-06-28 08:29:57.163683
4184,566,2139.500,3.780,2026-06-28 08:29:57.163683
4185,110,367.500,3.341,2026-06-28 08:29:57.163683
4186,387,1395.500,3.606,2026-06-28 08:29:57.163683
4187,821,3251.500,3.960,2026-06-28 08:29:57.163683
4188,372,1309.500,3.520,2026-06-28 08:29:57.163683
4189,237,770.500,3.251,2026-06-28 08:29:57.163683
4190,559,2166.000,3.875,2026-06-28 08:29:57.163683
4191,726,2611.000,3.596,2026-06-28 08:29:57.163683
4192,78,230.000,2.949,2026-06-28 08:29:57.163683
4193,86,258.000,3.000,2026-06-28 08:29:57.163683
4194,232,909.500,3.920,2026-06-28 08:29:57.163683
4195,446,1540.000,3.453,2026-06-28 08:29:57.163683
4196,60,164.000,2.733,2026-06-28 08:29:57.163683
4197,172,625.500,3.637,2026-06-28 08:29:57.163683
4198,292,787.500,2.697,2026-06-28 08:29:57.163683
4199,147,356.500,2.425,2026-06-28 08:29:57.163683
4200,591,1367.500,2.314,2026-06-28 08:29:57.163683
4201,169,525.000,3.107,2026-06-28 08:29:57.163683
4202,21,58.500,2.786,2026-06-28 08:29:57.163683
4203,635,1658.500,2.612,2026-06-28 08:29:57.163683
4204,139,311.000,2.237,2026-06-28 08:29:57.163683
4205,1155,3673.500,3.181,2026-06-28 08:29:57.163683
4206,214,670.500,3.133,2026-06-28 08:29:57.163683
4207,1041,2823.500,2.712,2026-06-28 08:29:57.163683
4208,100,330.500,3.305,2026-06-28 08:29:57.163683
4209,133,374.000,2.812,2026-06-28 08:29:57.163683
4210,1908,6819.000,3.574,2026-06-28 08:29:57.163683
4211,1218,4627.500,3.799,2026-06-28 08:29:57.163683
4212,594,2086.500,3.513,2026-06-28 08:29:57.163683
4213,368,914.500,2.485,2026-06-28 08:29:57.163683
4214,3198,10139.000,3.170,2026-06-28 08:29:57.163683
4215,1074,2395.500,2.230,2026-06-28 08:29:57.163683
4216,466,1761.500,3.780,2026-06-28 08:29:57.163683
4217,323,1231.000,3.811,2026-06-28 08:29:57.163683
4218,857,3132.500,3.655,2026-06-28 08:29:57.163683
4219,470,1436.000,3.055,2026-06-28 08:29:57.163683
4220,1213,4278.500,3.527,2026-06-28 08:29:57.163683
4221,548,1550.500,2.829,2026-06-28 08:29:57.163683
4222,270,634.000,2.348,2026-06-28 08:29:57.163683
4223,7185,26627.000,3.706,2026-06-28 08:29:57.163683
4224,789,2070.000,2.624,2026-06-28 08:29:57.163683
4225,1767,6578.500,3.723,2026-06-28 08:29:57.163683
4226,30443,127207.500,4.179,2026-06-28 08:29:57.163683
4227,155,484.500,3.126,2026-06-28 08:29:57.163683
4228,1557,4730.000,3.038,2026-06-28 08:29:57.163683
4229,490,1194.500,2.438,2026-06-28 08:29:57.163683
4230,17,50.000,2.941,2026-06-28 08:29:57.163683
4231,996,3061.500,3.074,2026-06-28 08:29:57.163683
4232,3682,10449.500,2.838,2026-06-28 08:29:57.163683
4233,634,1562.500,2.465,2026-06-28 08:29:57.163683
4234,1534,4550.500,2.966,2026-06-28 08:29:57.163683
4235,5511,22137.000,4.017,2026-06-28 08:29:57.163683
4236,127,434.000,3.417,2026-06-28 08:29:57.163683
4237,244,902.000,3.697,2026-06-28 08:29:57.163683
4238,2795,9067.500,3.244,2026-06-28 08:29:57.163683
4239,7341,27359.000,3.727,2026-06-28 08:29:57.163683
4240,391,1088.000,2.783,2026-06-28 08:29:57.163683
4241,571,898.000,1.573,2026-06-28 08:29:57.163683
4242,213,663.000,3.113,2026-06-28 08:29:57.163683
4243,96,329.500,3.432,2026-06-28 08:29:57.163683
4244,65,206.500,3.177,2026-06-28 08:29:57.163683
4245,82,285.500,3.482,2026-06-28 08:29:57.163683
4246,11986,41510.500,3.463,2026-06-28 08:29:57.163683
4247,2012,5355.000,2.662,2026-06-28 08:29:57.163683
4248,1307,3295.000,2.521,2026-06-28 08:29:57.163683
4249,79,180.500,2.285,2026-06-28 08:29:57.163683
4250,149,440.500,2.956,2026-06-28 08:29:57.163683
4251,768,2785.000,3.626,2026-06-28 08:29:57.163683
4252,138,470.500,3.409,2026-06-28 08:29:57.163683
4253,51,160.000,3.137,2026-06-28 08:29:57.163683
4254,1567,3402.000,2.171,2026-06-28 08:29:57.163683
4255,1550,3309.500,2.135,2026-06-28 08:29:57.163683
4256,245,753.500,3.076,2026-06-28 08:29:57.163683
4257,15,34.000,2.267,2026-06-28 08:29:57.163683
4258,22,55.000,2.500,2026-06-28 08:29:57.163683
4259,291,985.000,3.385,2026-06-28 08:29:57.163683
4260,43,129.500,3.012,2026-06-28 08:29:57.163683
4261,53,194.000,3.660,2026-06-28 08:29:57.163683
4262,10494,41378.000,3.943,2026-06-28 08:29:57.163683
4263,640,2498.000,3.903,2026-06-28 08:29:57.163683
4265,1212,2775.000,2.290,2026-06-28 08:29:57.163683
4266,254,668.500,2.632,2026-06-28 08:29:57.163683
4267,999,2843.500,2.846,2026-06-28 08:29:57.163683
4268,226,468.500,2.073,2026-06-28 08:29:57.163683
4269,18,55.500,3.083,2026-06-28 08:29:57.163683
4270,7686,22575.500,2.937,2026-06-28 08:29:57.163683
4271,96,348.500,3.630,2026-06-28 08:29:57.163683
4272,145,523.000,3.607,2026-06-28 08:29:57.163683
4273,350,1258.000,3.594,2026-06-28 08:29:57.163683
4274,532,1806.000,3.395,2026-06-28 08:29:57.163683
4275,1220,3505.000,2.873,2026-06-28 08:29:57.163683
4276,723,2572.000,3.557,2026-06-28 08:29:57.163683
4277,369,1190.000,3.225,2026-06-28 08:29:57.163683
4278,558,2120.000,3.799,2026-06-28 08:29:57.163683
4279,248,853.000,3.440,2026-06-28 08:29:57.163683
4280,2758,9783.000,3.547,2026-06-28 08:29:57.163683
4281,58,168.500,2.905,2026-06-28 08:29:57.163683
4282,344,1082.500,3.147,2026-06-28 08:29:57.163683
4283,222,824.000,3.712,2026-06-28 08:29:57.163683
4284,157,455.000,2.898,2026-06-28 08:29:57.163683
4285,840,2649.500,3.154,2026-06-28 08:29:57.163683
4286,112,359.500,3.210,2026-06-28 08:29:57.163683
4287,111,345.000,3.108,2026-06-28 08:29:57.163683
4288,63,182.000,2.889,2026-06-28 08:29:57.163683
4289,101,318.500,3.153,2026-06-28 08:29:57.163683
4290,356,1008.000,2.831,2026-06-28 08:29:57.163683
4291,2006,6557.000,3.269,2026-06-28 08:29:57.163683
4292,1141,4202.000,3.683,2026-06-28 08:29:57.163683
4293,585,1713.500,2.929,2026-06-28 08:29:57.163683
4294,351,1246.000,3.550,2026-06-28 08:29:57.163683
4295,49,125.000,2.551,2026-06-28 08:29:57.163683
4296,959,3043.500,3.174,2026-06-28 08:29:57.163683
4297,349,1326.000,3.799,2026-06-28 08:29:57.163683
4298,758,3095.000,4.083,2026-06-28 08:29:57.163683
4299,5578,18090.000,3.243,2026-06-28 08:29:57.163683
4300,188,657.000,3.495,2026-06-28 08:29:57.163683
4301,77,259.000,3.364,2026-06-28 08:29:57.163683
4302,62,202.000,3.258,2026-06-28 08:29:57.163683
4303,60,198.000,3.300,2026-06-28 08:29:57.163683
4304,1069,3916.000,3.663,2026-06-28 08:29:57.163683
4305,923,2488.000,2.696,2026-06-28 08:29:57.163683
4306,31972,122888.000,3.844,2026-06-28 08:29:57.163683
4307,54,157.500,2.917,2026-06-28 08:29:57.163683
4308,11580,41470.000,3.581,2026-06-28 08:29:57.163683
4309,9,21.500,2.389,2026-06-28 08:29:57.163683
4310,8198,23125.000,2.821,2026-06-28 08:29:57.163683
4311,16,31.500,1.969,2026-06-28 08:29:57.163683
4312,308,1206.000,3.916,2026-06-28 08:29:57.163683
4313,274,829.000,3.026,2026-06-28 08:29:57.163683
4314,57,188.500,3.307,2026-06-28 08:29:57.163683
4315,24,54.000,2.250,2026-06-28 08:29:57.163683
4316,278,794.500,2.858,2026-06-28 08:29:57.163683
4317,994,2685.500,2.702,2026-06-28 08:29:57.163683
4318,772,2492.500,3.229,2026-06-28 08:29:57.163683
4319,63,199.000,3.159,2026-06-28 08:29:57.163683
4320,96,274.000,2.854,2026-06-28 08:29:57.163683
4321,7008,23259.500,3.319,2026-06-28 08:29:57.163683
4322,1803,6779.000,3.760,2026-06-28 08:29:57.163683
4323,209,749.500,3.586,2026-06-28 08:29:57.163683
4324,66,214.500,3.250,2026-06-28 08:29:57.163683
4325,211,822.500,3.898,2026-06-28 08:29:57.163683
4326,4002,15423.500,3.854,2026-06-28 08:29:57.163683
4327,3875,15249.500,3.935,2026-06-28 08:29:57.163683
4328,147,425.500,2.895,2026-06-28 08:29:57.163683
4329,1332,5163.000,3.876,2026-06-28 08:29:57.163683
4330,139,521.500,3.752,2026-06-28 08:29:57.163683
4331,228,698.500,3.064,2026-06-28 08:29:57.163683
4332,352,1197.000,3.401,2026-06-28 08:29:57.163683
4333,2321,6794.000,2.927,2026-06-28 08:29:57.163683
4334,640,2504.500,3.913,2026-06-28 08:29:57.163683
4335,84,274.000,3.262,2026-06-28 08:29:57.163683
4336,506,1812.000,3.581,2026-06-28 08:29:57.163683
4337,437,1624.000,3.716,2026-06-28 08:29:57.163683
4338,627,2442.500,3.896,2026-06-28 08:29:57.163683
4339,650,2352.000,3.618,2026-06-28 08:29:57.163683
4340,1507,3398.000,2.255,2026-06-28 08:29:57.163683
4341,377,947.000,2.512,2026-06-28 08:29:57.163683
4342,188,666.000,3.543,2026-06-28 08:29:57.163683
4343,4666,13291.000,2.848,2026-06-28 08:29:57.163683
4344,5788,17757.000,3.068,2026-06-28 08:29:57.163683
4345,1011,3503.000,3.465,2026-06-28 08:29:57.163683
4346,31,71.000,2.290,2026-06-28 08:29:57.163683
4347,219,822.500,3.756,2026-06-28 08:29:57.163683
4348,32,106.000,3.313,2026-06-28 08:29:57.163683
4349,1432,5290.500,3.694,2026-06-28 08:29:57.163683
4350,386,1443.000,3.738,2026-06-28 08:29:57.163683
4351,3854,12800.500,3.321,2026-06-28 08:29:57.163683
4352,216,674.500,3.123,2026-06-28 08:29:57.163683
4353,349,1108.000,3.175,2026-06-28 08:29:57.163683
4354,528,1579.000,2.991,2026-06-28 08:29:57.163683
4355,424,1209.000,2.851,2026-06-28 08:29:57.163683
4356,1385,5131.000,3.705,2026-06-28 08:29:57.163683
4357,768,2788.000,3.630,2026-06-28 08:29:57.163683
4358,32,79.000,2.469,2026-06-28 08:29:57.163683
4359,1475,5495.500,3.726,2026-06-28 08:29:57.163683
4360,226,751.000,3.323,2026-06-28 08:29:57.163683
4361,8015,29269.000,3.652,2026-06-28 08:29:57.163683
4362,35,99.500,2.843,2026-06-28 08:29:57.163683
4363,61,190.500,3.123,2026-06-28 08:29:57.163683
4364,7,15.500,2.214,2026-06-28 08:29:57.163683
4365,16,42.000,2.625,2026-06-28 08:29:57.163683
4366,2515,8019.000,3.188,2026-06-28 08:29:57.163683
4367,7131,19667.500,2.758,2026-06-28 08:29:57.163683
4368,1735,4319.000,2.489,2026-06-28 08:29:57.163683
4369,6789,19446.500,2.864,2026-06-28 08:29:57.163683
4370,11196,35984.500,3.214,2026-06-28 08:29:57.163683
4371,322,921.500,2.862,2026-06-28 08:29:57.163683
4372,1294,4039.500,3.122,2026-06-28 08:29:57.163683
4373,481,1215.500,2.527,2026-06-28 08:29:57.163683
4374,19,46.000,2.421,2026-06-28 08:29:57.163683
4375,63,201.000,3.190,2026-06-28 08:29:57.163683
4376,71,258.500,3.641,2026-06-28 08:29:57.163683
4377,32,97.500,3.047,2026-06-28 08:29:57.163683
4378,2672,9631.500,3.605,2026-06-28 08:29:57.163683
4379,26,49.500,1.904,2026-06-28 08:29:57.163683
4380,1042,3980.000,3.820,2026-06-28 08:29:57.163683
4381,722,2726.500,3.776,2026-06-28 08:29:57.163683
4382,40,117.000,2.925,2026-06-28 08:29:57.163683
4383,817,2810.000,3.439,2026-06-28 08:29:57.163683
4384,119,427.000,3.588,2026-06-28 08:29:57.163683
4385,17,55.500,3.265,2026-06-28 08:29:57.163683
4386,2003,5392.000,2.692,2026-06-28 08:29:57.163683
4387,1597,5182.000,3.245,2026-06-28 08:29:57.163683
4388,3724,8905.500,2.391,2026-06-28 08:29:57.163683
4389,358,1230.500,3.437,2026-06-28 08:29:57.163683
4390,342,881.000,2.576,2026-06-28 08:29:57.163683
4391,146,526.000,3.603,2026-06-28 08:29:57.163683
4392,371,1268.000,3.418,2026-06-28 08:29:57.163683
4393,219,807.500,3.687,2026-06-28 08:29:57.163683
4394,250,661.500,2.646,2026-06-28 08:29:57.163683
4395,143,544.500,3.808,2026-06-28 08:29:57.163683
4396,1667,4830.500,2.898,2026-06-28 08:29:57.163683
4397,597,1340.500,2.245,2026-06-28 08:29:57.163683
4398,257,469.500,1.827,2026-06-28 08:29:57.163683
4399,161,571.500,3.550,2026-06-28 08:29:57.163683
4400,65,186.500,2.869,2026-06-28 08:29:57.163683
4401,259,894.000,3.452,2026-06-28 08:29:57.163683
4402,61,149.000,2.443,2026-06-28 08:29:57.163683
4403,271,909.000,3.354,2026-06-28 08:29:57.163683
4404,267,1015.000,3.801,2026-06-28 08:29:57.163683
4405,260,1013.500,3.898,2026-06-28 08:29:57.163683
4406,1848,7345.500,3.975,2026-06-28 08:29:57.163683
4407,775,2906.000,3.750,2026-06-28 08:29:57.163683
4408,117,365.500,3.124,2026-06-28 08:29:57.163683
4409,316,967.000,3.060,2026-06-28 08:29:57.163683
4410,809,2889.000,3.571,2026-06-28 08:29:57.163683
4411,350,1212.000,3.463,2026-06-28 08:29:57.163683
4412,138,273.000,1.978,2026-06-28 08:29:57.163683
4413,45,97.000,2.156,2026-06-28 08:29:57.163683
4414,233,759.500,3.260,2026-06-28 08:29:57.163683
4415,477,1423.000,2.983,2026-06-28 08:29:57.163683
4416,143,490.000,3.427,2026-06-28 08:29:57.163683
4417,87,261.500,3.006,2026-06-28 08:29:57.163683
4418,68,201.000,2.956,2026-06-28 08:29:57.163683
4419,298,1148.000,3.852,2026-06-28 08:29:57.163683
4420,180,603.500,3.353,2026-06-28 08:29:57.163683
4421,30,73.000,2.433,2026-06-28 08:29:57.163683
4422,644,2556.000,3.969,2026-06-28 08:29:57.163683
4423,132,497.500,3.769,2026-06-28 08:29:57.163683
4424,1152,4495.500,3.902,2026-06-28 08:29:57.163683
4425,208,338.000,1.625,2026-06-28 08:29:57.163683
4426,483,1893.500,3.920,2026-06-28 08:29:57.163683
4427,1633,6614.000,4.050,2026-06-28 08:29:57.163683
4428,285,1025.500,3.598,2026-06-28 08:29:57.163683
4429,418,1511.000,3.615,2026-06-28 08:29:57.163683
4430,75,180.000,2.400,2026-06-28 08:29:57.163683
4431,47,158.500,3.372,2026-06-28 08:29:57.163683
4432,789,3216.500,4.077,2026-06-28 08:29:57.163683
4433,216,818.000,3.787,2026-06-28 08:29:57.163683
4434,91,295.500,3.247,2026-06-28 08:29:57.163683
4435,49,166.500,3.398,2026-06-28 08:29:57.163683
4436,162,554.000,3.420,2026-06-28 08:29:57.163683
4437,910,3289.000,3.614,2026-06-28 08:29:57.163683
4438,399,1480.500,3.711,2026-06-28 08:29:57.163683
4439,237,855.500,3.610,2026-06-28 08:29:57.163683
4440,489,1753.500,3.586,2026-06-28 08:29:57.163683
4441,244,791.000,3.242,2026-06-28 08:29:57.163683
4442,280,885.500,3.163,2026-06-28 08:29:57.163683
4443,1033,3490.000,3.379,2026-06-28 08:29:57.163683
4444,601,2222.500,3.698,2026-06-28 08:29:57.163683
4445,115,281.500,2.448,2026-06-28 08:29:57.163683
4446,6362,19946.500,3.135,2026-06-28 08:29:57.163683
4447,8859,28115.500,3.174,2026-06-28 08:29:57.163683
4448,4130,14364.000,3.478,2026-06-28 08:29:57.163683
4449,26,80.000,3.077,2026-06-28 08:29:57.163683
4450,852,2926.500,3.435,2026-06-28 08:29:57.163683
4451,97,339.500,3.500,2026-06-28 08:29:57.163683
4452,1006,3254.500,3.235,2026-06-28 08:29:57.163683
4453,158,485.500,3.073,2026-06-28 08:29:57.163683
4454,181,702.500,3.881,2026-06-28 08:29:57.163683
4455,10,31.500,3.150,2026-06-28 08:29:57.163683
4456,17,50.000,2.941,2026-06-28 08:29:57.163683
4457,9,27.500,3.056,2026-06-28 08:29:57.163683
4458,197,755.000,3.832,2026-06-28 08:29:57.163683
4459,89,306.500,3.444,2026-06-28 08:29:57.163683
4460,30,76.000,2.533,2026-06-28 08:29:57.163683
4461,32,62.500,1.953,2026-06-28 08:29:57.163683
4462,301,739.000,2.455,2026-06-28 08:29:57.163683
4463,124,337.000,2.718,2026-06-28 08:29:57.163683
4464,1317,4534.500,3.443,2026-06-28 08:29:57.163683
4465,1705,6366.500,3.734,2026-06-28 08:29:57.163683
4466,624,1750.000,2.804,2026-06-28 08:29:57.163683
4467,3377,12184.500,3.608,2026-06-28 08:29:57.163683
4468,194,687.500,3.544,2026-06-28 08:29:57.163683
4469,66,209.500,3.174,2026-06-28 08:29:57.163683
4470,236,876.500,3.714,2026-06-28 08:29:57.163683
4471,432,847.000,1.961,2026-06-28 08:29:57.163683
4472,77,181.500,2.357,2026-06-28 08:29:57.163683
4473,322,1054.500,3.275,2026-06-28 08:29:57.163683
4474,1337,4197.000,3.139,2026-06-28 08:29:57.163683
4475,179,625.500,3.494,2026-06-28 08:29:57.163683
4476,324,962.000,2.969,2026-06-28 08:29:57.163683
4477,830,2029.000,2.445,2026-06-28 08:29:57.163683
4478,1100,3683.500,3.349,2026-06-28 08:29:57.163683
4479,333,1203.000,3.613,2026-06-28 08:29:57.163683
4480,764,2059.500,2.696,2026-06-28 08:29:57.163683
4481,72,224.000,3.111,2026-06-28 08:29:57.163683
4482,341,933.000,2.736,2026-06-28 08:29:57.163683
4483,731,1524.000,2.085,2026-06-28 08:29:57.163683
4484,237,866.000,3.654,2026-06-28 08:29:57.163683
4485,278,660.000,2.374,2026-06-28 08:29:57.163683
4486,283,945.000,3.339,2026-06-28 08:29:57.163683
4487,2241,6220.000,2.776,2026-06-28 08:29:57.163683
4488,1057,3533.500,3.343,2026-06-28 08:29:57.163683
4489,4308,15055.000,3.495,2026-06-28 08:29:57.163683
4490,141,375.500,2.663,2026-06-28 08:29:57.163683
4491,58,171.500,2.957,2026-06-28 08:29:57.163683
4492,794,2173.500,2.737,2026-06-28 08:29:57.163683
4493,352,789.500,2.243,2026-06-28 08:29:57.163683
4494,267,526.500,1.972,2026-06-28 08:29:57.163683
4495,556,2034.500,3.659,2026-06-28 08:29:57.163683
4496,568,1817.500,3.200,2026-06-28 08:29:57.163683
4497,173,439.000,2.538,2026-06-28 08:29:57.163683
4498,930,2937.000,3.158,2026-06-28 08:29:57.163683
4499,3999,14701.500,3.676,2026-06-28 08:29:57.163683
4500,325,1226.500,3.774,2026-06-28 08:29:57.163683
4501,413,1103.500,2.672,2026-06-28 08:29:57.163683
4502,732,1498.000,2.046,2026-06-28 08:29:57.163683
4503,159,467.000,2.937,2026-06-28 08:29:57.163683
4504,203,510.000,2.512,2026-06-28 08:29:57.163683
4505,155,429.000,2.768,2026-06-28 08:29:57.163683
4506,1029,3467.000,3.369,2026-06-28 08:29:57.163683
4507,48,86.500,1.802,2026-06-28 08:29:57.163683
4508,1427,4985.000,3.493,2026-06-28 08:29:57.163683
4509,813,2643.000,3.251,2026-06-28 08:29:57.163683
4510,63,166.500,2.643,2026-06-28 08:29:57.163683
4511,170,441.500,2.597,2026-06-28 08:29:57.163683
4512,148,316.000,2.135,2026-06-28 08:29:57.163683
4513,67,206.000,3.075,2026-06-28 08:29:57.163683
4514,135,254.500,1.885,2026-06-28 08:29:57.163683
4515,429,1609.500,3.752,2026-06-28 08:29:57.163683
4516,272,625.500,2.300,2026-06-28 08:29:57.163683
4517,304,1033.500,3.400,2026-06-28 08:29:57.163683
4518,521,1521.500,2.920,2026-06-28 08:29:57.163683
4519,1936,6285.000,3.246,2026-06-28 08:29:57.163683
4520,468,1224.500,2.616,2026-06-28 08:29:57.163683
4521,183,572.000,3.126,2026-06-28 08:29:57.163683
4522,154,504.500,3.276,2026-06-28 08:29:57.163683
4523,499,1810.000,3.627,2026-06-28 08:29:57.163683
4524,343,1008.500,2.940,2026-06-28 08:29:57.163683
4525,129,364.500,2.826,2026-06-28 08:29:57.163683
4526,968,2400.500,2.480,2026-06-28 08:29:57.163683
4527,157,360.000,2.293,2026-06-28 08:29:57.163683
4528,54,157.000,2.907,2026-06-28 08:29:57.163683
4529,664,2450.500,3.691,2026-06-28 08:29:57.163683
4530,55,168.000,3.055,2026-06-28 08:29:57.163683
4531,879,2466.500,2.806,2026-06-28 08:29:57.163683
4532,366,1002.500,2.739,2026-06-28 08:29:57.163683
4533,1081,3642.000,3.369,2026-06-28 08:29:57.163683
4534,275,894.000,3.251,2026-06-28 08:29:57.163683
4535,1099,4094.500,3.726,2026-06-28 08:29:57.163683
4536,53,178.500,3.368,2026-06-28 08:29:57.163683
4537,519,1930.000,3.719,2026-06-28 08:29:57.163683
4538,51,174.000,3.412,2026-06-28 08:29:57.163683
4539,42,84.500,2.012,2026-06-28 08:29:57.163683
4540,120,291.500,2.429,2026-06-28 08:29:57.163683
4541,771,2480.500,3.217,2026-06-28 08:29:57.163683
4542,46,120.500,2.620,2026-06-28 08:29:57.163683
4543,281,921.500,3.279,2026-06-28 08:29:57.163683
4544,1541,3856.000,2.502,2026-06-28 08:29:57.163683
4545,3194,10001.500,3.131,2026-06-28 08:29:57.163683
4546,1355,5380.500,3.971,2026-06-28 08:29:57.163683
4547,84,268.000,3.190,2026-06-28 08:29:57.163683
4548,56,152.000,2.714,2026-06-28 08:29:57.163683
4549,38,112.000,2.947,2026-06-28 08:29:57.163683
4550,86,224.500,2.610,2026-06-28 08:29:57.163683
4551,41,75.000,1.829,2026-06-28 08:29:57.163683
4552,479,1650.500,3.446,2026-06-28 08:29:57.163683
4553,1568,5590.000,3.565,2026-06-28 08:29:57.163683
4554,18,56.000,3.111,2026-06-28 08:29:57.163683
4555,434,1664.000,3.834,2026-06-28 08:29:57.163683
4556,52,150.000,2.885,2026-06-28 08:29:57.163683
4557,906,3124.500,3.449,2026-06-28 08:29:57.163683
4558,2984,8372.500,2.806,2026-06-28 08:29:57.163683
4559,344,864.500,2.513,2026-06-28 08:29:57.163683
4560,133,328.000,2.466,2026-06-28 08:29:57.163683
4561,207,587.500,2.838,2026-06-28 08:29:57.163683
4562,307,1079.500,3.516,2026-06-28 08:29:57.163683
4563,848,2217.000,2.614,2026-06-28 08:29:57.163683
4564,1072,3523.500,3.287,2026-06-28 08:29:57.163683
4565,564,1324.000,2.348,2026-06-28 08:29:57.163683
4566,268,541.500,2.021,2026-06-28 08:29:57.163683
4567,183,355.000,1.940,2026-06-28 08:29:57.163683
4568,294,871.500,2.964,2026-06-28 08:29:57.163683
4569,147,349.500,2.378,2026-06-28 08:29:57.163683
4570,296,981.500,3.316,2026-06-28 08:29:57.163683
4571,8420,28331.000,3.365,2026-06-28 08:29:57.163683
4572,1145,3579.000,3.126,2026-06-28 08:29:57.163683
4573,195,609.500,3.126,2026-06-28 08:29:57.163683
4574,340,1011.500,2.975,2026-06-28 08:29:57.163683
4575,69,219.500,3.181,2026-06-28 08:29:57.163683
4576,66,129.500,1.962,2026-06-28 08:29:57.163683
4577,732,2456.000,3.355,2026-06-28 08:29:57.163683
4578,433,1397.500,3.227,2026-06-28 08:29:57.163683
4579,66,177.000,2.682,2026-06-28 08:29:57.163683
4580,525,1201.000,2.288,2026-06-28 08:29:57.163683
4581,116,370.000,3.190,2026-06-28 08:29:57.163683
4582,77,190.500,2.474,2026-06-28 08:29:57.163683
4583,93,277.000,2.978,2026-06-28 08:29:57.163683
4584,244,651.000,2.668,2026-06-28 08:29:57.163683
4585,459,1476.500,3.217,2026-06-28 08:29:57.163683
4586,115,397.500,3.457,2026-06-28 08:29:57.163683
4587,1500,4106.000,2.737,2026-06-28 08:29:57.163683
4588,138,310.500,2.250,2026-06-28 08:29:57.163683
4589,528,1668.000,3.159,2026-06-28 08:29:57.163683
4590,130,463.000,3.562,2026-06-28 08:29:57.163683
4591,544,1777.500,3.267,2026-06-28 08:29:57.163683
4592,69,152.000,2.203,2026-06-28 08:29:57.163683
4593,277,783.000,2.827,2026-06-28 08:29:57.163683
4594,60,175.000,2.917,2026-06-28 08:29:57.163683
4595,296,1004.500,3.394,2026-06-28 08:29:57.163683
4596,38,106.500,2.803,2026-06-28 08:29:57.163683
4597,310,859.000,2.771,2026-06-28 08:29:57.163683
4598,114,242.500,2.127,2026-06-28 08:29:57.163683
4599,585,1762.500,3.013,2026-06-28 08:29:57.163683
4600,333,1011.000,3.036,2026-06-28 08:29:57.163683
4601,61,210.000,3.443,2026-06-28 08:29:57.163683
4602,455,1240.000,2.725,2026-06-28 08:29:57.163683
4603,418,1076.000,2.574,2026-06-28 08:29:57.163683
4604,16,38.500,2.406,2026-06-28 08:29:57.163683
4605,401,1434.000,3.576,2026-06-28 08:29:57.163683
4606,54,163.000,3.019,2026-06-28 08:29:57.163683
4607,82,261.000,3.183,2026-06-28 08:29:57.163683
4608,132,406.500,3.080,2026-06-28 08:29:57.163683
4609,128,422.000,3.297,2026-06-28 08:29:57.163683
4610,251,707.500,2.819,2026-06-28 08:29:57.163683
4611,138,370.500,2.685,2026-06-28 08:29:57.163683
4612,576,2187.500,3.798,2026-06-28 08:29:57.163683
4613,770,1955.500,2.540,2026-06-28 08:29:57.163683
4614,617,1726.000,2.797,2026-06-28 08:29:57.163683
4615,199,676.500,3.399,2026-06-28 08:29:57.163683
4616,1678,6247.000,3.723,2026-06-28 08:29:57.163683
4617,237,772.000,3.257,2026-06-28 08:29:57.163683
4618,596,1572.000,2.638,2026-06-28 08:29:57.163683
4619,360,995.500,2.765,2026-06-28 08:29:57.163683
4620,215,576.000,2.679,2026-06-28 08:29:57.163683
4621,3513,9319.000,2.653,2026-06-28 08:29:57.163683
4622,294,793.000,2.697,2026-06-28 08:29:57.163683
4623,3662,12761.000,3.485,2026-06-28 08:29:57.163683
4624,827,2790.000,3.374,2026-06-28 08:29:57.163683
4625,342,945.000,2.763,2026-06-28 08:29:57.163683
4626,269,939.500,3.493,2026-06-28 08:29:57.163683
4627,195,627.500,3.218,2026-06-28 08:29:57.163683
4628,627,2082.000,3.321,2026-06-28 08:29:57.163683
4629,316,783.500,2.479,2026-06-28 08:29:57.163683
4630,196,387.500,1.977,2026-06-28 08:29:57.163683
4631,53,145.500,2.745,2026-06-28 08:29:57.163683
4632,180,578.000,3.211,2026-06-28 08:29:57.163683
4633,217,692.500,3.191,2026-06-28 08:29:57.163683
4634,228,720.500,3.160,2026-06-28 08:29:57.163683
4635,402,938.000,2.333,2026-06-28 08:29:57.163683
4636,608,1425.000,2.344,2026-06-28 08:29:57.163683
4637,188,401.000,2.133,2026-06-28 08:29:57.163683
4638,6668,17641.000,2.646,2026-06-28 08:29:57.163683
4639,3841,10952.000,2.851,2026-06-28 08:29:57.163683
4640,583,2073.000,3.556,2026-06-28 08:29:57.163683
4641,6035,22809.500,3.780,2026-06-28 08:29:57.163683
4642,2505,9520.000,3.800,2026-06-28 08:29:57.163683
4643,8524,23298.500,2.733,2026-06-28 08:29:57.163683
4644,599,2248.500,3.754,2026-06-28 08:29:57.163683
4645,202,699.500,3.463,2026-06-28 08:29:57.163683
4646,389,1424.000,3.661,2026-06-28 08:29:57.163683
4647,29,76.000,2.621,2026-06-28 08:29:57.163683
4648,14,38.000,2.714,2026-06-28 08:29:57.163683
4649,772,2621.500,3.396,2026-06-28 08:29:57.163683
4650,58,154.500,2.664,2026-06-28 08:29:57.163683
4651,59,135.500,2.297,2026-06-28 08:29:57.163683
4652,213,418.500,1.965,2026-06-28 08:29:57.163683
4653,103,301.000,2.922,2026-06-28 08:29:57.163683
4654,1158,3170.500,2.738,2026-06-28 08:29:57.163683
4655,173,640.000,3.699,2026-06-28 08:29:57.163683
4656,40,128.500,3.213,2026-06-28 08:29:57.163683
4657,82,193.500,2.360,2026-06-28 08:29:57.163683
4658,335,1224.500,3.655,2026-06-28 08:29:57.163683
4659,181,580.500,3.207,2026-06-28 08:29:57.163683
4660,94,286.500,3.048,2026-06-28 08:29:57.163683
4661,1081,3788.500,3.505,2026-06-28 08:29:57.163683
4662,733,2284.000,3.116,2026-06-28 08:29:57.163683
4663,204,497.000,2.436,2026-06-28 08:29:57.163683
4664,474,1706.500,3.600,2026-06-28 08:29:57.163683
4665,282,686.500,2.434,2026-06-28 08:29:57.163683
4666,171,433.500,2.535,2026-06-28 08:29:57.163683
4667,47,129.500,2.755,2026-06-28 08:29:57.163683
4668,43,154.000,3.581,2026-06-28 08:29:57.163683
4669,136,287.000,2.110,2026-06-28 08:29:57.163683
4670,352,1106.500,3.143,2026-06-28 08:29:57.163683
4671,104,342.500,3.293,2026-06-28 08:29:57.163683
4672,344,1152.000,3.349,2026-06-28 08:29:57.163683
4673,1942,5274.000,2.716,2026-06-28 08:29:57.163683
4674,88,263.000,2.989,2026-06-28 08:29:57.163683
4675,454,1269.500,2.796,2026-06-28 08:29:57.163683
4676,791,1831.000,2.315,2026-06-28 08:29:57.163683
4677,2461,7067.000,2.872,2026-06-28 08:29:57.163683
4678,1872,6512.500,3.479,2026-06-28 08:29:57.163683
4679,2638,8618.500,3.267,2026-06-28 08:29:57.163683
4680,226,664.000,2.938,2026-06-28 08:29:57.163683
4681,2202,6944.500,3.154,2026-06-28 08:29:57.163683
4682,656,1833.500,2.795,2026-06-28 08:29:57.163683
4683,375,1058.500,2.823,2026-06-28 08:29:57.163683
4684,58,142.500,2.457,2026-06-28 08:29:57.163683
4685,187,449.000,2.401,2026-06-28 08:29:57.163683
4686,992,1953.000,1.969,2026-06-28 08:29:57.163683
4687,167,609.500,3.650,2026-06-28 08:29:57.163683
4688,551,2012.000,3.652,2026-06-28 08:29:57.163683
4689,85,256.000,3.012,2026-06-28 08:29:57.163683
4690,558,1772.500,3.177,2026-06-28 08:29:57.163683
4691,102,238.500,2.338,2026-06-28 08:29:57.163683
4692,342,1012.000,2.959,2026-06-28 08:29:57.163683
4693,35,110.000,3.143,2026-06-28 08:29:57.163683
4694,53,170.500,3.217,2026-06-28 08:29:57.163683
4695,110,392.500,3.568,2026-06-28 08:29:57.163683
4696,414,1212.500,2.929,2026-06-28 08:29:57.163683
4697,305,853.500,2.798,2026-06-28 08:29:57.163683
4698,52,167.500,3.221,2026-06-28 08:29:57.163683
4699,779,2237.000,2.872,2026-06-28 08:29:57.163683
4700,2803,8800.000,3.139,2026-06-28 08:29:57.163683
4701,5486,17637.000,3.215,2026-06-28 08:29:57.163683
4702,56,177.500,3.170,2026-06-28 08:29:57.163683
4703,1780,6605.000,3.711,2026-06-28 08:29:57.163683
4704,316,1124.500,3.559,2026-06-28 08:29:57.163683
4705,886,3364.500,3.797,2026-06-28 08:29:57.163683
4706,163,493.000,3.025,2026-06-28 08:29:57.163683
4707,56,169.000,3.018,2026-06-28 08:29:57.163683
4708,189,713.500,3.775,2026-06-28 08:29:57.163683
4709,562,1806.000,3.214,2026-06-28 08:29:57.163683
4710,685,2531.000,3.695,2026-06-28 08:29:57.163683
4711,246,931.500,3.787,2026-06-28 08:29:57.163683
4712,140,522.000,3.729,2026-06-28 08:29:57.163683
4713,1510,5244.500,3.473,2026-06-28 08:29:57.163683
4714,561,1584.000,2.824,2026-06-28 08:29:57.163683
4715,113,316.500,2.801,2026-06-28 08:29:57.163683
4716,88,290.500,3.301,2026-06-28 08:29:57.163683
4717,114,354.500,3.110,2026-06-28 08:29:57.163683
4718,8268,24706.000,2.988,2026-06-28 08:29:57.163683
4719,1075,3083.500,2.868,2026-06-28 08:29:57.163683
4720,10055,37291.000,3.709,2026-06-28 08:29:57.163683
4721,435,1241.500,2.854,2026-06-28 08:29:57.163683
4722,173,601.000,3.474,2026-06-28 08:29:57.163683
4723,808,2839.500,3.514,2026-06-28 08:29:57.163683
4724,31,110.500,3.565,2026-06-28 08:29:57.163683
4725,970,3255.500,3.356,2026-06-28 08:29:57.163683
4726,13,43.000,3.308,2026-06-28 08:29:57.163683
4727,1025,2905.500,2.835,2026-06-28 08:29:57.163683
4728,3284,10227.000,3.114,2026-06-28 08:29:57.163683
4729,138,487.000,3.529,2026-06-28 08:29:57.163683
4731,148,515.000,3.480,2026-06-28 08:29:57.163683
4732,835,2144.000,2.568,2026-06-28 08:29:57.163683
4733,1196,3838.500,3.209,2026-06-28 08:29:57.163683
4734,6178,20343.500,3.293,2026-06-28 08:29:57.163683
4735,1300,3010.500,2.316,2026-06-28 08:29:57.163683
4736,537,1324.500,2.466,2026-06-28 08:29:57.163683
4737,173,613.500,3.546,2026-06-28 08:29:57.163683
4738,467,1701.000,3.642,2026-06-28 08:29:57.163683
4739,39,107.500,2.756,2026-06-28 08:29:57.163683
4740,114,338.000,2.965,2026-06-28 08:29:57.163683
4741,955,3696.500,3.871,2026-06-28 08:29:57.163683
4742,8,22.500,2.813,2026-06-28 08:29:57.163683
4743,513,1778.000,3.466,2026-06-28 08:29:57.163683
4744,1830,4743.000,2.592,2026-06-28 08:29:57.163683
4745,889,2744.500,3.087,2026-06-28 08:29:57.163683
4746,64,170.500,2.664,2026-06-28 08:29:57.163683
4747,21,63.500,3.024,2026-06-28 08:29:57.163683
4748,1046,2403.000,2.297,2026-06-28 08:29:57.163683
4749,626,1214.000,1.939,2026-06-28 08:29:57.163683
4750,471,844.500,1.793,2026-06-28 08:29:57.163683
4751,77,233.000,3.026,2026-06-28 08:29:57.163683
4752,99,276.000,2.788,2026-06-28 08:29:57.163683
4753,117,300.000,2.564,2026-06-28 08:29:57.163683
4754,1583,5891.000,3.721,2026-06-28 08:29:57.163683
4755,64,209.000,3.266,2026-06-28 08:29:57.163683
4756,740,1922.500,2.598,2026-06-28 08:29:57.163683
4757,1277,3780.000,2.960,2026-06-28 08:29:57.163683
4758,247,588.000,2.381,2026-06-28 08:29:57.163683
4759,124,363.500,2.931,2026-06-28 08:29:57.163683
4760,22,69.500,3.159,2026-06-28 08:29:57.163683
4761,129,456.500,3.539,2026-06-28 08:29:57.163683
4763,57,198.000,3.474,2026-06-28 08:29:57.163683
4764,54,176.500,3.269,2026-06-28 08:29:57.163683
4765,497,1792.000,3.606,2026-06-28 08:29:57.163683
4766,125,385.000,3.080,2026-06-28 08:29:57.163683
4767,384,1190.500,3.100,2026-06-28 08:29:57.163683
4768,147,532.000,3.619,2026-06-28 08:29:57.163683
4769,234,895.500,3.827,2026-06-28 08:29:57.163683
4770,858,2410.000,2.809,2026-06-28 08:29:57.163683
4771,447,1377.000,3.081,2026-06-28 08:29:57.163683
4772,246,905.000,3.679,2026-06-28 08:29:57.163683
4773,177,538.000,3.040,2026-06-28 08:29:57.163683
4774,570,1857.000,3.258,2026-06-28 08:29:57.163683
4775,685,770.000,1.124,2026-06-28 08:29:57.163683
4776,8087,29740.500,3.678,2026-06-28 08:29:57.163683
4777,106,355.500,3.354,2026-06-28 08:29:57.163683
4778,53,205.500,3.877,2026-06-28 08:29:57.163683
4779,110,387.500,3.523,2026-06-28 08:29:57.163683
4780,135,456.000,3.378,2026-06-28 08:29:57.163683
4781,75,126.000,1.680,2026-06-28 08:29:57.163683
4782,467,1485.000,3.180,2026-06-28 08:29:57.163683
4783,645,2559.000,3.967,2026-06-28 08:29:57.163683
4784,755,2726.500,3.611,2026-06-28 08:29:57.163683
4785,128,462.500,3.613,2026-06-28 08:29:57.163683
4786,265,868.000,3.275,2026-06-28 08:29:57.163683
4787,1372,4781.000,3.485,2026-06-28 08:29:57.163683
4788,282,1056.500,3.746,2026-06-28 08:29:57.163683
4789,312,1012.000,3.244,2026-06-28 08:29:57.163683
4790,132,385.000,2.917,2026-06-28 08:29:57.163683
4791,71,239.000,3.366,2026-06-28 08:29:57.163683
4792,765,2173.000,2.841,2026-06-28 08:29:57.163683
4793,92,326.000,3.543,2026-06-28 08:29:57.163683
4794,174,605.000,3.477,2026-06-28 08:29:57.163683
4795,627,2351.000,3.750,2026-06-28 08:29:57.163683
4796,97,335.500,3.459,2026-06-28 08:29:57.163683
4797,58,175.000,3.017,2026-06-28 08:29:57.163683
4798,343,1299.000,3.787,2026-06-28 08:29:57.163683
4799,1590,5601.500,3.523,2026-06-28 08:29:57.163683
4800,175,558.000,3.189,2026-06-28 08:29:57.163683
4801,311,1201.500,3.863,2026-06-28 08:29:57.163683
4802,671,2436.000,3.630,2026-06-28 08:29:57.163683
4803,865,3078.000,3.558,2026-06-28 08:29:57.163683
4804,155,525.000,3.387,2026-06-28 08:29:57.163683
4805,98,331.500,3.383,2026-06-28 08:29:57.163683
4806,187,742.000,3.968,2026-06-28 08:29:57.163683
4807,134,307.500,2.295,2026-06-28 08:29:57.163683
4808,588,1813.500,3.084,2026-06-28 08:29:57.163683
4809,1146,4211.500,3.675,2026-06-28 08:29:57.163683
4810,95,308.500,3.247,2026-06-28 08:29:57.163683
4811,396,1389.000,3.508,2026-06-28 08:29:57.163683
4812,761,2137.000,2.808,2026-06-28 08:29:57.163683
4813,334,1172.500,3.510,2026-06-28 08:29:57.163683
4814,1596,4941.500,3.096,2026-06-28 08:29:57.163683
4815,1205,3970.000,3.295,2026-06-28 08:29:57.163683
4816,7499,24414.000,3.256,2026-06-28 08:29:57.163683
4817,51,167.500,3.284,2026-06-28 08:29:57.163683
4818,48,118.500,2.469,2026-06-28 08:29:57.163683
4819,110,356.000,3.236,2026-06-28 08:29:57.163683
4821,1169,3723.500,3.185,2026-06-28 08:29:57.163683
4822,196,471.000,2.403,2026-06-28 08:29:57.163683
4823,3304,10956.500,3.316,2026-06-28 08:29:57.163683
4824,115,421.500,3.665,2026-06-28 08:29:57.163683
4825,42,135.500,3.226,2026-06-28 08:29:57.163683
4826,578,2059.000,3.562,2026-06-28 08:29:57.163683
4827,72,174.500,2.424,2026-06-28 08:29:57.163683
4828,82,258.000,3.146,2026-06-28 08:29:57.163683
4829,76,235.500,3.099,2026-06-28 08:29:57.163683
4830,469,1645.000,3.507,2026-06-28 08:29:57.163683
4831,117,245.500,2.098,2026-06-28 08:29:57.163683
4832,57,168.500,2.956,2026-06-28 08:29:57.163683
4833,547,1970.500,3.602,2026-06-28 08:29:57.163683
4834,474,1331.500,2.809,2026-06-28 08:29:57.163683
4835,1172,4278.000,3.650,2026-06-28 08:29:57.163683
4836,181,620.000,3.425,2026-06-28 08:29:57.163683
4837,194,550.500,2.838,2026-06-28 08:29:57.163683
4838,83,258.500,3.114,2026-06-28 08:29:57.163683
4839,59,111.000,1.881,2026-06-28 08:29:57.163683
4840,206,757.000,3.675,2026-06-28 08:29:57.163683
4841,94,311.000,3.309,2026-06-28 08:29:57.163683
4842,250,851.000,3.404,2026-06-28 08:29:57.163683
4843,10,26.000,2.600,2026-06-28 08:29:57.163683
4844,2415,8142.000,3.371,2026-06-28 08:29:57.163683
4845,761,1606.500,2.111,2026-06-28 08:29:57.163683
4846,1331,4947.500,3.717,2026-06-28 08:29:57.163683
4847,270,867.000,3.211,2026-06-28 08:29:57.163683
4848,9307,35539.000,3.819,2026-06-28 08:29:57.163683
4849,345,1222.500,3.543,2026-06-28 08:29:57.163683
4850,249,796.000,3.197,2026-06-28 08:29:57.163683
4851,47,162.500,3.457,2026-06-28 08:29:57.163683
4852,201,417.500,2.077,2026-06-28 08:29:57.163683
4853,80,221.500,2.769,2026-06-28 08:29:57.163683
4854,80,204.500,2.556,2026-06-28 08:29:57.163683
4855,5712,21602.000,3.782,2026-06-28 08:29:57.163683
4856,73,261.000,3.575,2026-06-28 08:29:57.163683
4857,2985,11629.000,3.896,2026-06-28 08:29:57.163683
4858,49,165.000,3.367,2026-06-28 08:29:57.163683
4859,30,75.000,2.500,2026-06-28 08:29:57.163683
4860,48,114.000,2.375,2026-06-28 08:29:57.163683
4861,49,165.000,3.367,2026-06-28 08:29:57.163683
4862,505,1513.000,2.996,2026-06-28 08:29:57.163683
4863,245,898.000,3.665,2026-06-28 08:29:57.163683
4864,110,341.500,3.105,2026-06-28 08:29:57.163683
4865,4409,14749.000,3.345,2026-06-28 08:29:57.163683
4866,1482,4999.000,3.373,2026-06-28 08:29:57.163683
4867,1493,4474.000,2.997,2026-06-28 08:29:57.163683
4868,115,339.500,2.952,2026-06-28 08:29:57.163683
4869,66,221.500,3.356,2026-06-28 08:29:57.163683
4870,144,362.500,2.517,2026-06-28 08:29:57.163683
4871,239,819.500,3.429,2026-06-28 08:29:57.163683
4872,179,566.500,3.165,2026-06-28 08:29:57.163683
4873,3052,11731.000,3.844,2026-06-28 08:29:57.163683
4874,6291,21909.000,3.483,2026-06-28 08:29:57.163683
4875,91,171.000,1.879,2026-06-28 08:29:57.163683
4876,1824,4806.500,2.635,2026-06-28 08:29:57.163683
4877,108,351.500,3.255,2026-06-28 08:29:57.163683
4878,18731,75223.500,4.016,2026-06-28 08:29:57.163683
4879,89,266.000,2.989,2026-06-28 08:29:57.163683
4880,2354,8774.000,3.727,2026-06-28 08:29:57.163683
4881,4219,15912.500,3.772,2026-06-28 08:29:57.163683
4882,5,9.500,1.900,2026-06-28 08:29:57.163683
4883,35,118.000,3.371,2026-06-28 08:29:57.163683
4884,109,374.500,3.436,2026-06-28 08:29:57.163683
4885,490,1362.500,2.781,2026-06-28 08:29:57.163683
4886,23657,91776.000,3.879,2026-06-28 08:29:57.163683
4887,2320,6731.000,2.901,2026-06-28 08:29:57.163683
4888,634,2286.000,3.606,2026-06-28 08:29:57.163683
4889,1824,6205.500,3.402,2026-06-28 08:29:57.163683
4890,4707,13567.500,2.882,2026-06-28 08:29:57.163683
4891,11,24.000,2.182,2026-06-28 08:29:57.163683
4892,50,159.500,3.190,2026-06-28 08:29:57.163683
4893,206,660.500,3.206,2026-06-28 08:29:57.163683
4894,122,326.500,2.676,2026-06-28 08:29:57.163683
4895,114,287.500,2.522,2026-06-28 08:29:57.163683
4896,17239,62307.500,3.614,2026-06-28 08:29:57.163683
4897,116,312.500,2.694,2026-06-28 08:29:57.163683
4898,596,1755.500,2.945,2026-06-28 08:29:57.163683
4899,904,2119.500,2.345,2026-06-28 08:29:57.163683
4900,267,831.000,3.112,2026-06-28 08:29:57.163683
4901,5416,19584.500,3.616,2026-06-28 08:29:57.163683
4902,1378,5165.000,3.748,2026-06-28 08:29:57.163683
4903,2604,9645.000,3.704,2026-06-28 08:29:57.163683
4904,6,12.500,2.083,2026-06-28 08:29:57.163683
4905,14,41.500,2.964,2026-06-28 08:29:57.163683
4906,6,10.500,1.750,2026-06-28 08:29:57.163683
4907,73,241.000,3.301,2026-06-28 08:29:57.163683
4908,63,206.000,3.270,2026-06-28 08:29:57.163683
4909,315,859.000,2.727,2026-06-28 08:29:57.163683
4910,19,56.000,2.947,2026-06-28 08:29:57.163683
4911,685,2086.500,3.046,2026-06-28 08:29:57.163683
4912,840,2976.000,3.543,2026-06-28 08:29:57.163683
4913,42,107.500,2.560,2026-06-28 08:29:57.163683
4914,1672,6703.500,4.009,2026-06-28 08:29:57.163683
4915,889,2541.500,2.859,2026-06-28 08:29:57.163683
4916,506,1793.000,3.543,2026-06-28 08:29:57.163683
4917,102,312.500,3.064,2026-06-28 08:29:57.163683
4918,160,588.500,3.678,2026-06-28 08:29:57.163683
4919,253,845.500,3.342,2026-06-28 08:29:57.163683
4920,471,1876.000,3.983,2026-06-28 08:29:57.163683
4921,600,2178.500,3.631,2026-06-28 08:29:57.163683
4922,66,217.500,3.295,2026-06-28 08:29:57.163683
4923,83,290.500,3.500,2026-06-28 08:29:57.163683
4924,45,140.500,3.122,2026-06-28 08:29:57.163683
4925,112,335.500,2.996,2026-06-28 08:29:57.163683
4926,62,195.000,3.145,2026-06-28 08:29:57.163683
4927,216,799.500,3.701,2026-06-28 08:29:57.163683
4928,640,2562.000,4.003,2026-06-28 08:29:57.163683
4929,706,1923.000,2.724,2026-06-28 08:29:57.163683
4930,149,550.000,3.691,2026-06-28 08:29:57.163683
4931,33,82.000,2.485,2026-06-28 08:29:57.163683
4932,638,2223.500,3.485,2026-06-28 08:29:57.163683
4933,47,149.000,3.170,2026-06-28 08:29:57.163683
4934,121,315.500,2.607,2026-06-28 08:29:57.163683
4935,40,139.500,3.488,2026-06-28 08:29:57.163683
4936,1230,4035.500,3.281,2026-06-28 08:29:57.163683
4937,57,161.000,2.825,2026-06-28 08:29:57.163683
4938,38,130.500,3.434,2026-06-28 08:29:57.163683
4939,533,1805.000,3.386,2026-06-28 08:29:57.163683
4940,38,115.000,3.026,2026-06-28 08:29:57.163683
4941,1677,5145.500,3.068,2026-06-28 08:29:57.163683
4942,85,231.000,2.718,2026-06-28 08:29:57.163683
4943,67,174.000,2.597,2026-06-28 08:29:57.163683
4944,139,289.000,2.079,2026-06-28 08:29:57.163683
4945,611,2128.500,3.484,2026-06-28 08:29:57.163683
4946,93,256.000,2.753,2026-06-28 08:29:57.163683
4947,437,1410.500,3.228,2026-06-28 08:29:57.163683
4948,28,71.500,2.554,2026-06-28 08:29:57.163683
4949,189,421.000,2.228,2026-06-28 08:29:57.163683
4950,190,522.000,2.747,2026-06-28 08:29:57.163683
4951,1238,4039.000,3.263,2026-06-28 08:29:57.163683
4952,97,237.000,2.443,2026-06-28 08:29:57.163683
4953,82,238.000,2.902,2026-06-28 08:29:57.163683
4954,1959,6954.500,3.550,2026-06-28 08:29:57.163683
4955,61,158.500,2.598,2026-06-28 08:29:57.163683
4956,670,2506.000,3.740,2026-06-28 08:29:57.163683
4957,602,1948.500,3.237,2026-06-28 08:29:57.163683
4958,2873,9191.000,3.199,2026-06-28 08:29:57.163683
4959,158,454.000,2.873,2026-06-28 08:29:57.163683
4960,68,221.500,3.257,2026-06-28 08:29:57.163683
4961,268,860.500,3.211,2026-06-28 08:29:57.163683
4962,118,299.500,2.538,2026-06-28 08:29:57.163683
4963,23769,90128.500,3.792,2026-06-28 08:29:57.163683
4964,116,412.000,3.552,2026-06-28 08:29:57.163683
4965,349,1164.500,3.337,2026-06-28 08:29:57.163683
4966,585,2112.500,3.611,2026-06-28 08:29:57.163683
4967,1900,7548.000,3.973,2026-06-28 08:29:57.163683
4968,63,173.000,2.746,2026-06-28 08:29:57.163683
4969,763,2967.500,3.889,2026-06-28 08:29:57.163683
4970,1057,4115.000,3.893,2026-06-28 08:29:57.163683
4971,682,2118.000,3.106,2026-06-28 08:29:57.163683
4972,164,484.000,2.951,2026-06-28 08:29:57.163683
4973,24349,102194.500,4.197,2026-06-28 08:29:57.163683
4974,2449,6574.500,2.685,2026-06-28 08:29:57.163683
4975,8318,28043.000,3.371,2026-06-28 08:29:57.163683
4976,781,2770.000,3.547,2026-06-28 08:29:57.163683
4977,241,843.500,3.500,2026-06-28 08:29:57.163683
4978,1407,5391.500,3.832,2026-06-28 08:29:57.163683
4979,12513,47112.000,3.765,2026-06-28 08:29:57.163683
4980,3543,10479.500,2.958,2026-06-28 08:29:57.163683
4981,379,1293.500,3.413,2026-06-28 08:29:57.163683
4982,87,224.500,2.580,2026-06-28 08:29:57.163683
4983,57,163.500,2.868,2026-06-28 08:29:57.163683
4984,58,198.000,3.414,2026-06-28 08:29:57.163683
4985,187,355.000,1.898,2026-06-28 08:29:57.163683
4986,80,190.500,2.381,2026-06-28 08:29:57.163683
4987,198,485.500,2.452,2026-06-28 08:29:57.163683
4988,92,266.500,2.897,2026-06-28 08:29:57.163683
4989,566,1607.500,2.840,2026-06-28 08:29:57.163683
4990,1019,3019.000,2.963,2026-06-28 08:29:57.163683
4991,388,1078.500,2.780,2026-06-28 08:29:57.163683
4992,2883,9025.500,3.131,2026-06-28 08:29:57.163683
4993,37553,155391.500,4.138,2026-06-28 08:29:57.163683
4994,1895,6069.000,3.203,2026-06-28 08:29:57.163683
4995,21931,85964.000,3.920,2026-06-28 08:29:57.163683
4996,219,803.000,3.667,2026-06-28 08:29:57.163683
4997,79,236.000,2.987,2026-06-28 08:29:57.163683
4998,313,1189.000,3.799,2026-06-28 08:29:57.163683
4999,191,750.000,3.927,2026-06-28 08:29:57.163683
5000,127,444.000,3.496,2026-06-28 08:29:57.163683
5001,217,774.000,3.567,2026-06-28 08:29:57.163683
5002,439,1364.500,3.108,2026-06-28 08:29:57.163683
5003,165,463.500,2.809,2026-06-28 08:29:57.163683
5004,736,2773.000,3.768,2026-06-28 08:29:57.163683
5005,152,561.500,3.694,2026-06-28 08:29:57.163683
5006,61,176.000,2.885,2026-06-28 08:29:57.163683
5007,331,1219.000,3.683,2026-06-28 08:29:57.163683
5008,1620,6717.500,4.147,2026-06-28 08:29:57.163683
5009,1804,5727.000,3.175,2026-06-28 08:29:57.163683
5010,10192,37576.500,3.687,2026-06-28 08:29:57.163683
5011,321,1039.500,3.238,2026-06-28 08:29:57.163683
5012,541,1552.500,2.870,2026-06-28 08:29:57.163683
5013,6182,22421.500,3.627,2026-06-28 08:29:57.163683
5014,3099,11096.000,3.581,2026-06-28 08:29:57.163683
5015,5062,17834.000,3.523,2026-06-28 08:29:57.163683
5016,1367,4600.000,3.365,2026-06-28 08:29:57.163683
5017,644,2572.500,3.995,2026-06-28 08:29:57.163683
5018,41,131.000,3.195,2026-06-28 08:29:57.163683
5019,18,50.500,2.806,2026-06-28 08:29:57.163683
5020,22,60.000,2.727,2026-06-28 08:29:57.163683
5021,922,3400.000,3.688,2026-06-28 08:29:57.163683
5022,224,887.000,3.960,2026-06-28 08:29:57.163683
5023,243,862.000,3.547,2026-06-28 08:29:57.163683
5024,68,228.000,3.353,2026-06-28 08:29:57.163683
5025,2267,7051.000,3.110,2026-06-28 08:29:57.163683
5026,2862,9935.500,3.472,2026-06-28 08:29:57.163683
5027,1227,3358.000,2.737,2026-06-28 08:29:57.163683
5028,128,411.500,3.215,2026-06-28 08:29:57.163683
5029,117,342.500,2.927,2026-06-28 08:29:57.163683
5030,32,76.000,2.375,2026-06-28 08:29:57.163683
5031,34,111.500,3.279,2026-06-28 08:29:57.163683
5032,32,75.000,2.344,2026-06-28 08:29:57.163683
5033,380,1225.000,3.224,2026-06-28 08:29:57.163683
5034,941,3551.000,3.774,2026-06-28 08:29:57.163683
5035,116,371.000,3.198,2026-06-28 08:29:57.163683
5036,223,694.000,3.112,2026-06-28 08:29:57.163683
5037,50,167.000,3.340,2026-06-28 08:29:57.163683
5038,193,715.500,3.707,2026-06-28 08:29:57.163683
5039,921,3050.500,3.312,2026-06-28 08:29:57.163683
5040,1791,5065.500,2.828,2026-06-28 08:29:57.163683
5041,142,442.500,3.116,2026-06-28 08:29:57.163683
5042,84,273.500,3.256,2026-06-28 08:29:57.163683
5043,34,88.000,2.588,2026-06-28 08:29:57.163683
5044,77,216.500,2.812,2026-06-28 08:29:57.163683
5045,63,124.500,1.976,2026-06-28 08:29:57.163683
5046,624,1970.500,3.158,2026-06-28 08:29:57.163683
5047,1305,3550.000,2.720,2026-06-28 08:29:57.163683
5048,604,1391.500,2.304,2026-06-28 08:29:57.163683
5049,3843,13424.500,3.493,2026-06-28 08:29:57.163683
5050,17,21.000,1.235,2026-06-28 08:29:57.163683
5051,996,3572.000,3.586,2026-06-28 08:29:57.163683
5052,29,62.000,2.138,2026-06-28 08:29:57.163683
5053,482,1074.500,2.229,2026-06-28 08:29:57.163683
5054,624,2159.000,3.460,2026-06-28 08:29:57.163683
5055,1866,6466.500,3.465,2026-06-28 08:29:57.163683
5056,389,1536.500,3.950,2026-06-28 08:29:57.163683
5057,65,188.500,2.900,2026-06-28 08:29:57.163683
5058,77,246.000,3.195,2026-06-28 08:29:57.163683
5059,329,1287.500,3.913,2026-06-28 08:29:57.163683
5060,12528,48960.000,3.908,2026-06-28 08:29:57.163683
5061,122,375.500,3.078,2026-06-28 08:29:57.163683
5062,408,1557.500,3.817,2026-06-28 08:29:57.163683
5063,159,533.000,3.352,2026-06-28 08:29:57.163683
5064,5366,20347.500,3.792,2026-06-28 08:29:57.163683
5065,2645,8133.000,3.075,2026-06-28 08:29:57.163683
5066,1561,5256.000,3.367,2026-06-28 08:29:57.163683
5067,12,28.000,2.333,2026-06-28 08:29:57.163683
5068,150,513.500,3.423,2026-06-28 08:29:57.163683
5069,442,1527.500,3.456,2026-06-28 08:29:57.163683
5071,130,489.500,3.765,2026-06-28 08:29:57.163683
5072,1497,5381.500,3.595,2026-06-28 08:29:57.163683
5073,417,1508.000,3.616,2026-06-28 08:29:57.163683
5074,882,3039.500,3.446,2026-06-28 08:29:57.163683
5075,199,696.500,3.500,2026-06-28 08:29:57.163683
5076,460,1422.500,3.092,2026-06-28 08:29:57.163683
5077,268,838.000,3.127,2026-06-28 08:29:57.163683
5078,140,425.500,3.039,2026-06-28 08:29:57.163683
5079,67,230.500,3.440,2026-06-28 08:29:57.163683
5080,476,1323.000,2.779,2026-06-28 08:29:57.163683
5081,669,2078.000,3.106,2026-06-28 08:29:57.163683
5082,23,76.500,3.326,2026-06-28 08:29:57.163683
5083,75,268.500,3.580,2026-06-28 08:29:57.163683
5084,48,116.000,2.417,2026-06-28 08:29:57.163683
5085,120,412.000,3.433,2026-06-28 08:29:57.163683
5086,68,214.500,3.154,2026-06-28 08:29:57.163683
5087,93,338.500,3.640,2026-06-28 08:29:57.163683
5088,79,264.000,3.342,2026-06-28 08:29:57.163683
5089,25,57.500,2.300,2026-06-28 08:29:57.163683
5090,165,548.500,3.324,2026-06-28 08:29:57.163683
5091,32,108.500,3.391,2026-06-28 08:29:57.163683
5092,723,1982.500,2.742,2026-06-28 08:29:57.163683
5093,1537,3964.000,2.579,2026-06-28 08:29:57.163683
5094,889,1662.500,1.870,2026-06-28 08:29:57.163683
5095,422,1456.000,3.450,2026-06-28 08:29:57.163683
5096,518,1183.500,2.285,2026-06-28 08:29:57.163683
5097,83,291.500,3.512,2026-06-28 08:29:57.163683
5098,54,187.500,3.472,2026-06-28 08:29:57.163683
5099,387,1292.000,3.339,2026-06-28 08:29:57.163683
5100,97,256.000,2.639,2026-06-28 08:29:57.163683
5101,292,1058.000,3.623,2026-06-28 08:29:57.163683
5102,809,2231.000,2.758,2026-06-28 08:29:57.163683
5103,3504,12867.500,3.672,2026-06-28 08:29:57.163683
5104,50,181.500,3.630,2026-06-28 08:29:57.163683
5105,795,2960.000,3.723,2026-06-28 08:29:57.163683
5106,921,1684.500,1.829,2026-06-28 08:29:57.163683
5107,1078,3408.000,3.161,2026-06-28 08:29:57.163683
5108,1636,5457.500,3.336,2026-06-28 08:29:57.163683
5109,351,959.000,2.732,2026-06-28 08:29:57.163683
5110,2753,9775.500,3.551,2026-06-28 08:29:57.163683
5111,749,2153.500,2.875,2026-06-28 08:29:57.163683
5112,304,1089.000,3.582,2026-06-28 08:29:57.163683
5113,80,248.000,3.100,2026-06-28 08:29:57.163683
5114,261,1012.000,3.877,2026-06-28 08:29:57.163683
5115,35,106.000,3.029,2026-06-28 08:29:57.163683
5116,58,192.000,3.310,2026-06-28 08:29:57.163683
5117,231,676.500,2.929,2026-06-28 08:29:57.163683
5118,211,726.000,3.441,2026-06-28 08:29:57.163683
5119,190,739.500,3.892,2026-06-28 08:29:57.163683
5120,1340,5298.500,3.954,2026-06-28 08:29:57.163683
5121,318,1260.000,3.962,2026-06-28 08:29:57.163683
5122,378,1349.500,3.570,2026-06-28 08:29:57.163683
5123,114,383.500,3.364,2026-06-28 08:29:57.163683
5124,45,153.000,3.400,2026-06-28 08:29:57.163683
5125,368,1205.500,3.276,2026-06-28 08:29:57.163683
5126,75,171.000,2.280,2026-06-28 08:29:57.163683
5127,729,2143.000,2.940,2026-06-28 08:29:57.163683
5128,1466,3774.000,2.574,2026-06-28 08:29:57.163683
5129,34,79.500,2.338,2026-06-28 08:29:57.163683
5130,34,106.000,3.118,2026-06-28 08:29:57.163683
5131,131,439.000,3.351,2026-06-28 08:29:57.163683
5132,11,33.000,3.000,2026-06-28 08:29:57.163683
5133,28,81.000,2.893,2026-06-28 08:29:57.163683
5134,305,985.500,3.231,2026-06-28 08:29:57.163683
5135,2802,10781.500,3.848,2026-06-28 08:29:57.163683
5136,145,334.500,2.307,2026-06-28 08:29:57.163683
5137,421,1621.500,3.852,2026-06-28 08:29:57.163683
5138,10,23.500,2.350,2026-06-28 08:29:57.163683
5139,1314,4454.500,3.390,2026-06-28 08:29:57.163683
5140,235,490.000,2.085,2026-06-28 08:29:57.163683
5141,227,567.500,2.500,2026-06-28 08:29:57.163683
5142,150,564.000,3.760,2026-06-28 08:29:57.163683
5143,74,233.500,3.155,2026-06-28 08:29:57.163683
5144,26,78.500,3.019,2026-06-28 08:29:57.163683
5145,148,545.500,3.686,2026-06-28 08:29:57.163683
5146,1449,5288.000,3.649,2026-06-28 08:29:57.163683
5147,1646,6758.500,4.106,2026-06-28 08:29:57.163683
5148,42,130.500,3.107,2026-06-28 08:29:57.163683
5149,19,53.500,2.816,2026-06-28 08:29:57.163683
5150,35,108.000,3.086,2026-06-28 08:29:57.163683
5151,2600,7351.500,2.828,2026-06-28 08:29:57.163683
5152,3314,11853.500,3.577,2026-06-28 08:29:57.163683
5153,87,271.500,3.121,2026-06-28 08:29:57.163683
5154,20,40.000,2.000,2026-06-28 08:29:57.163683
5155,89,286.500,3.219,2026-06-28 08:29:57.163683
5156,28,81.500,2.911,2026-06-28 08:29:57.163683
5157,68,210.000,3.088,2026-06-28 08:29:57.163683
5158,90,327.000,3.633,2026-06-28 08:29:57.163683
5159,1076,3290.500,3.058,2026-06-28 08:29:57.163683
5160,52,115.000,2.212,2026-06-28 08:29:57.163683
5161,157,409.000,2.605,2026-06-28 08:29:57.163683
5162,66,175.000,2.652,2026-06-28 08:29:57.163683
5163,53,173.000,3.264,2026-06-28 08:29:57.163683
5164,127,307.000,2.417,2026-06-28 08:29:57.163683
5165,283,930.000,3.286,2026-06-28 08:29:57.163683
5166,21,67.000,3.190,2026-06-28 08:29:57.163683
5167,118,412.000,3.492,2026-06-28 08:29:57.163683
5168,228,795.000,3.487,2026-06-28 08:29:57.163683
5169,245,930.500,3.798,2026-06-28 08:29:57.163683
5170,201,518.000,2.577,2026-06-28 08:29:57.163683
5171,3459,9700.500,2.804,2026-06-28 08:29:57.163683
5172,378,1015.000,2.685,2026-06-28 08:29:57.163683
5173,52,163.000,3.135,2026-06-28 08:29:57.163683
5174,77,245.000,3.182,2026-06-28 08:29:57.163683
5175,45,146.000,3.244,2026-06-28 08:29:57.163683
5177,695,2687.500,3.867,2026-06-28 08:29:57.163683
5178,37,118.500,3.203,2026-06-28 08:29:57.163683
5179,134,436.500,3.257,2026-06-28 08:29:57.163683
5180,97,333.000,3.433,2026-06-28 08:29:57.163683
5181,81,248.000,3.062,2026-06-28 08:29:57.163683
5182,62,169.000,2.726,2026-06-28 08:29:57.163683
5183,43,89.000,2.070,2026-06-28 08:29:57.163683
5184,179,492.500,2.751,2026-06-28 08:29:57.163683
5185,56,146.000,2.607,2026-06-28 08:29:57.163683
5186,54,159.000,2.944,2026-06-28 08:29:57.163683
5187,305,1148.000,3.764,2026-06-28 08:29:57.163683
5188,44,113.000,2.568,2026-06-28 08:29:57.163683
5189,88,218.000,2.477,2026-06-28 08:29:57.163683
5190,50,181.000,3.620,2026-06-28 08:29:57.163683
5192,103,300.500,2.917,2026-06-28 08:29:57.163683
5193,220,635.000,2.886,2026-06-28 08:29:57.163683
5194,19,73.500,3.868,2026-06-28 08:29:57.163683
5195,47,85.000,1.809,2026-06-28 08:29:57.163683
5196,51,168.000,3.294,2026-06-28 08:29:57.163683
5197,150,419.000,2.793,2026-06-28 08:29:57.163683
5198,381,1451.500,3.810,2026-06-28 08:29:57.163683
5199,215,753.500,3.505,2026-06-28 08:29:57.163683
5200,52,148.000,2.846,2026-06-28 08:29:57.163683
5201,36,75.000,2.083,2026-06-28 08:29:57.163683
5202,123,467.500,3.801,2026-06-28 08:29:57.163683
5203,55,167.000,3.036,2026-06-28 08:29:57.163683
5204,39,130.500,3.346,2026-06-28 08:29:57.163683
5205,168,470.500,2.801,2026-06-28 08:29:57.163683
5206,53,124.000,2.340,2026-06-28 08:29:57.163683
5207,41,113.000,2.756,2026-06-28 08:29:57.163683
5208,78,272.000,3.487,2026-06-28 08:29:57.163683
5209,53,157.000,2.962,2026-06-28 08:29:57.163683
5210,55,117.500,2.136,2026-06-28 08:29:57.163683
5211,170,401.000,2.359,2026-06-28 08:29:57.163683
5212,147,353.000,2.401,2026-06-28 08:29:57.163683
5213,304,693.000,2.280,2026-06-28 08:29:57.163683
5214,872,2771.500,3.178,2026-06-28 08:29:57.163683
5215,107,270.000,2.523,2026-06-28 08:29:57.163683
5216,52,162.000,3.115,2026-06-28 08:29:57.163683
5217,65,161.500,2.485,2026-06-28 08:29:57.163683
5218,11713,42206.500,3.603,2026-06-28 08:29:57.163683
5219,4647,14615.000,3.145,2026-06-28 08:29:57.163683
5220,1227,3350.000,2.730,2026-06-28 08:29:57.163683
5221,138,462.500,3.351,2026-06-28 08:29:57.163683
5222,1496,5166.000,3.453,2026-06-28 08:29:57.163683
5223,114,370.500,3.250,2026-06-28 08:29:57.163683
5224,143,548.000,3.832,2026-06-28 08:29:57.163683
5225,4895,19141.000,3.910,2026-06-28 08:29:57.163683
5226,464,1441.500,3.107,2026-06-28 08:29:57.163683
5227,99,321.500,3.247,2026-06-28 08:29:57.163683
5228,65,211.500,3.254,2026-06-28 08:29:57.163683
5229,27,84.000,3.111,2026-06-28 08:29:57.163683
5230,160,534.500,3.341,2026-06-28 08:29:57.163683
5231,215,738.000,3.433,2026-06-28 08:29:57.163683
5232,161,532.500,3.307,2026-06-28 08:29:57.163683
5233,104,367.500,3.534,2026-06-28 08:29:57.163683
5234,106,343.000,3.236,2026-06-28 08:29:57.163683
5235,148,442.500,2.990,2026-06-28 08:29:57.163683
5236,68,245.500,3.610,2026-06-28 08:29:57.163683
5237,749,2597.500,3.468,2026-06-28 08:29:57.163683
5238,236,872.000,3.695,2026-06-28 08:29:57.163683
5239,47,160.000,3.404,2026-06-28 08:29:57.163683
5240,164,541.000,3.299,2026-06-28 08:29:57.163683
5241,279,963.500,3.453,2026-06-28 08:29:57.163683
5242,40,118.500,2.963,2026-06-28 08:29:57.163683
5243,112,372.000,3.321,2026-06-28 08:29:57.163683
5244,325,1224.000,3.766,2026-06-28 08:29:57.163683
5245,60,198.500,3.308,2026-06-28 08:29:57.163683
5246,561,1343.500,2.395,2026-06-28 08:29:57.163683
5247,1362,4347.500,3.192,2026-06-28 08:29:57.163683
5248,349,640.500,1.835,2026-06-28 08:29:57.163683
5249,74,223.000,3.014,2026-06-28 08:29:57.163683
5250,618,2069.500,3.349,2026-06-28 08:29:57.163683
5251,75,244.000,3.253,2026-06-28 08:29:57.163683
5252,18,59.500,3.306,2026-06-28 08:29:57.163683
5253,21,56.000,2.667,2026-06-28 08:29:57.163683
5254,4803,15069.000,3.137,2026-06-28 08:29:57.163683
5255,495,1260.500,2.546,2026-06-28 08:29:57.163683
5256,100,296.500,2.965,2026-06-28 08:29:57.163683
5257,5,13.000,2.600,2026-06-28 08:29:57.163683
5258,282,1036.000,3.674,2026-06-28 08:29:57.163683
5259,31,92.000,2.968,2026-06-28 08:29:57.163683
5260,16,51.000,3.188,2026-06-28 08:29:57.163683
5261,5,12.500,2.500,2026-06-28 08:29:57.163683
5262,48,148.500,3.094,2026-06-28 08:29:57.163683
5263,56,183.000,3.268,2026-06-28 08:29:57.163683
5264,685,1837.500,2.682,2026-06-28 08:29:57.163683
5265,1862,5950.000,3.195,2026-06-28 08:29:57.163683
5266,6773,21905.500,3.234,2026-06-28 08:29:57.163683
5267,2134,7493.500,3.511,2026-06-28 08:29:57.163683
5268,152,479.500,3.155,2026-06-28 08:29:57.163683
5269,826,2884.500,3.492,2026-06-28 08:29:57.163683
5270,22,40.500,1.841,2026-06-28 08:29:57.163683
5271,10,26.000,2.600,2026-06-28 08:29:57.163683
5272,229,807.000,3.524,2026-06-28 08:29:57.163683
5273,30,87.500,2.917,2026-06-28 08:29:57.163683
5274,39,107.000,2.744,2026-06-28 08:29:57.163683
5275,85,246.500,2.900,2026-06-28 08:29:57.163683
5276,121,377.000,3.116,2026-06-28 08:29:57.163683
5277,42,103.500,2.464,2026-06-28 08:29:57.163683
5278,54,112.000,2.074,2026-06-28 08:29:57.163683
5279,328,1225.500,3.736,2026-06-28 08:29:57.163683
5280,34,95.500,2.809,2026-06-28 08:29:57.163683
5281,23,50.500,2.196,2026-06-28 08:29:57.163683
5282,782,2471.000,3.160,2026-06-28 08:29:57.163683
5283,2001,6418.500,3.208,2026-06-28 08:29:57.163683
5284,230,669.000,2.909,2026-06-28 08:29:57.163683
5285,56,169.500,3.027,2026-06-28 08:29:57.163683
5286,43,114.500,2.663,2026-06-28 08:29:57.163683
5287,171,605.000,3.538,2026-06-28 08:29:57.163683
5288,539,2107.500,3.910,2026-06-28 08:29:57.163683
5289,120,455.000,3.792,2026-06-28 08:29:57.163683
5290,120,398.500,3.321,2026-06-28 08:29:57.163683
5291,3712,15504.000,4.177,2026-06-28 08:29:57.163683
5292,2014,7451.000,3.700,2026-06-28 08:29:57.163683
5293,2446,8040.000,3.287,2026-06-28 08:29:57.163683
5294,2440,8944.000,3.666,2026-06-28 08:29:57.163683
5295,66,174.000,2.636,2026-06-28 08:29:57.163683
5296,1325,3635.500,2.744,2026-06-28 08:29:57.163683
5297,449,1476.000,3.287,2026-06-28 08:29:57.163683
5298,734,2417.500,3.294,2026-06-28 08:29:57.163683
5299,10190,35197.000,3.454,2026-06-28 08:29:57.163683
5300,559,2033.500,3.638,2026-06-28 08:29:57.163683
5301,80,248.500,3.106,2026-06-28 08:29:57.163683
5302,51,146.000,2.863,2026-06-28 08:29:57.163683
5303,1826,5175.500,2.834,2026-06-28 08:29:57.163683
5304,478,1911.000,3.998,2026-06-28 08:29:57.163683
5305,292,672.000,2.301,2026-06-28 08:29:57.163683
5306,61,114.500,1.877,2026-06-28 08:29:57.163683
5307,151,433.000,2.868,2026-06-28 08:29:57.163683
5308,3129,8900.000,2.844,2026-06-28 08:29:57.163683
5309,1441,3382.500,2.347,2026-06-28 08:29:57.163683
5310,356,823.000,2.312,2026-06-28 08:29:57.163683
5311,215,695.000,3.233,2026-06-28 08:29:57.163683
5312,1381,4131.000,2.991,2026-06-28 08:29:57.163683
5313,2515,6656.000,2.647,2026-06-28 08:29:57.163683
5314,108,365.500,3.384,2026-06-28 08:29:57.163683
5315,84,206.000,2.452,2026-06-28 08:29:57.163683
5316,1070,3666.000,3.426,2026-06-28 08:29:57.163683
5317,40,103.500,2.588,2026-06-28 08:29:57.163683
5318,41,128.500,3.134,2026-06-28 08:29:57.163683
5319,1246,4914.500,3.944,2026-06-28 08:29:57.163683
5321,80,225.000,2.813,2026-06-28 08:29:57.163683
5322,41,110.000,2.683,2026-06-28 08:29:57.163683
5323,938,1951.000,2.080,2026-06-28 08:29:57.163683
5324,621,1824.000,2.937,2026-06-28 08:29:57.163683
5325,973,3647.000,3.748,2026-06-28 08:29:57.163683
5326,16,29.000,1.813,2026-06-28 08:29:57.163683
5327,56,165.000,2.946,2026-06-28 08:29:57.163683
5328,66,214.500,3.250,2026-06-28 08:29:57.163683
5329,1004,3598.500,3.584,2026-06-28 08:29:57.163683
5331,70,160.500,2.293,2026-06-28 08:29:57.163683
5332,79,246.000,3.114,2026-06-28 08:29:57.163683
5333,340,1325.500,3.899,2026-06-28 08:29:57.163683
5334,465,1301.000,2.798,2026-06-28 08:29:57.163683
5335,180,569.000,3.161,2026-06-28 08:29:57.163683
5336,41,121.500,2.963,2026-06-28 08:29:57.163683
5337,265,765.500,2.889,2026-06-28 08:29:57.163683
5338,20,55.000,2.750,2026-06-28 08:29:57.163683
5339,996,3793.000,3.808,2026-06-28 08:29:57.163683
5340,110,379.000,3.445,2026-06-28 08:29:57.163683
5341,630,2385.000,3.786,2026-06-28 08:29:57.163683
5342,45,119.000,2.644,2026-06-28 08:29:57.163683
5343,149,363.500,2.440,2026-06-28 08:29:57.163683
5344,78,206.000,2.641,2026-06-28 08:29:57.163683
5345,42,138.000,3.286,2026-06-28 08:29:57.163683
5346,361,862.000,2.388,2026-06-28 08:29:57.163683
5347,124,300.000,2.419,2026-06-28 08:29:57.163683
5348,541,1613.000,2.982,2026-06-28 08:29:57.163683
5349,23404,83533.000,3.569,2026-06-28 08:29:57.163683
5350,52,158.500,3.048,2026-06-28 08:29:57.163683
5351,75,237.000,3.160,2026-06-28 08:29:57.163683
5352,236,846.000,3.585,2026-06-28 08:29:57.163683
5353,203,658.500,3.244,2026-06-28 08:29:57.163683
5354,180,612.000,3.400,2026-06-28 08:29:57.163683
5355,79,232.000,2.937,2026-06-28 08:29:57.163683
5356,71,105.000,1.479,2026-06-28 08:29:57.163683
5357,342,1128.500,3.300,2026-06-28 08:29:57.163683
5358,178,658.500,3.699,2026-06-28 08:29:57.163683
5359,289,994.500,3.441,2026-06-28 08:29:57.163683
5360,105,311.000,2.962,2026-06-28 08:29:57.163683
5361,426,1331.500,3.126,2026-06-28 08:29:57.163683
5362,76,188.000,2.474,2026-06-28 08:29:57.163683
5363,730,2051.500,2.810,2026-06-28 08:29:57.163683
5364,1786,5980.500,3.349,2026-06-28 08:29:57.163683
5365,89,278.000,3.124,2026-06-28 08:29:57.163683
5366,103,246.500,2.393,2026-06-28 08:29:57.163683
5367,691,2577.000,3.729,2026-06-28 08:29:57.163683
5368,139,540.000,3.885,2026-06-28 08:29:57.163683
5369,74,160.500,2.169,2026-06-28 08:29:57.163683
5370,41,63.500,1.549,2026-06-28 08:29:57.163683
5371,12,28.500,2.375,2026-06-28 08:29:57.163683
5372,255,851.000,3.337,2026-06-28 08:29:57.163683
5373,218,859.500,3.943,2026-06-28 08:29:57.163683
5374,55,94.500,1.718,2026-06-28 08:29:57.163683
5375,138,454.500,3.293,2026-06-28 08:29:57.163683
5376,136,373.000,2.743,2026-06-28 08:29:57.163683
5377,9401,34761.500,3.698,2026-06-28 08:29:57.163683
5378,16425,51058.500,3.109,2026-06-28 08:29:57.163683
5379,767,2868.500,3.740,2026-06-28 08:29:57.163683
5380,1954,7061.500,3.614,2026-06-28 08:29:57.163683
5381,90,311.500,3.461,2026-06-28 08:29:57.163683
5382,592,1636.500,2.764,2026-06-28 08:29:57.163683
5383,388,1362.500,3.512,2026-06-28 08:29:57.163683
5384,88,309.000,3.511,2026-06-28 08:29:57.163683
5385,929,3712.000,3.996,2026-06-28 08:29:57.163683
5386,45,136.000,3.022,2026-06-28 08:29:57.163683
5387,667,1761.500,2.641,2026-06-28 08:29:57.163683
5388,6222,21653.500,3.480,2026-06-28 08:29:57.163683
5389,768,2347.500,3.057,2026-06-28 08:29:57.163683
5390,214,703.500,3.287,2026-06-28 08:29:57.163683
5391,1042,3756.000,3.605,2026-06-28 08:29:57.163683
5392,259,867.500,3.349,2026-06-28 08:29:57.163683
5393,30,90.000,3.000,2026-06-28 08:29:57.163683
5394,55,182.000,3.309,2026-06-28 08:29:57.163683
5395,105,357.000,3.400,2026-06-28 08:29:57.163683
5396,89,270.000,3.034,2026-06-28 08:29:57.163683
5397,232,765.500,3.300,2026-06-28 08:29:57.163683
5398,278,1079.000,3.881,2026-06-28 08:29:57.163683
5399,108,336.500,3.116,2026-06-28 08:29:57.163683
5400,3540,11341.500,3.204,2026-06-28 08:29:57.163683
5401,1348,3988.500,2.959,2026-06-28 08:29:57.163683
5402,10,26.500,2.650,2026-06-28 08:29:57.163683
5403,14,38.000,2.714,2026-06-28 08:29:57.163683
5404,513,1953.000,3.807,2026-06-28 08:29:57.163683
5405,19,52.500,2.763,2026-06-28 08:29:57.163683
5406,91,303.500,3.335,2026-06-28 08:29:57.163683
5407,34,98.000,2.882,2026-06-28 08:29:57.163683
5408,45,129.000,2.867,2026-06-28 08:29:57.163683
5409,160,453.500,2.834,2026-06-28 08:29:57.163683
5410,781,2753.500,3.526,2026-06-28 08:29:57.163683
5411,34,97.500,2.868,2026-06-28 08:29:57.163683
5412,81,219.000,2.704,2026-06-28 08:29:57.163683
5413,62,174.500,2.815,2026-06-28 08:29:57.163683
5414,831,2350.500,2.829,2026-06-28 08:29:57.163683
5415,1353,3925.500,2.901,2026-06-28 08:29:57.163683
5416,127,433.500,3.413,2026-06-28 08:29:57.163683
5417,646,2455.000,3.800,2026-06-28 08:29:57.163683
5418,20091,78376.000,3.901,2026-06-28 08:29:57.163683
5419,2216,5277.500,2.382,2026-06-28 08:29:57.163683
5420,1646,4754.000,2.888,2026-06-28 08:29:57.163683
5421,1016,3666.500,3.609,2026-06-28 08:29:57.163683
5422,249,808.000,3.245,2026-06-28 08:29:57.163683
5423,223,710.500,3.186,2026-06-28 08:29:57.163683
5424,139,318.000,2.288,2026-06-28 08:29:57.163683
5425,170,599.500,3.526,2026-06-28 08:29:57.163683
5426,69,227.000,3.290,2026-06-28 08:29:57.163683
5427,209,573.000,2.742,2026-06-28 08:29:57.163683
5428,339,828.000,2.442,2026-06-28 08:29:57.163683
5429,55,167.000,3.036,2026-06-28 08:29:57.163683
5430,25,80.000,3.200,2026-06-28 08:29:57.163683
5431,142,429.500,3.025,2026-06-28 08:29:57.163683
5432,53,111.000,2.094,2026-06-28 08:29:57.163683
5433,417,1176.500,2.821,2026-06-28 08:29:57.163683
5434,386,1465.500,3.797,2026-06-28 08:29:57.163683
5435,244,884.000,3.623,2026-06-28 08:29:57.163683
5436,99,344.000,3.475,2026-06-28 08:29:57.163683
5437,358,1156.500,3.230,2026-06-28 08:29:57.163683
5438,761,2022.500,2.658,2026-06-28 08:29:57.163683
5439,184,518.500,2.818,2026-06-28 08:29:57.163683
5440,393,1433.000,3.646,2026-06-28 08:29:57.163683
5441,30,71.000,2.367,2026-06-28 08:29:57.163683
5442,406,924.000,2.276,2026-06-28 08:29:57.163683
5443,245,457.500,1.867,2026-06-28 08:29:57.163683
5444,4614,16109.000,3.491,2026-06-28 08:29:57.163683
5445,23642,86645.500,3.665,2026-06-28 08:29:57.163683
5446,2322,8962.500,3.860,2026-06-28 08:29:57.163683
5447,475,1673.500,3.523,2026-06-28 08:29:57.163683
5448,177,412.500,2.331,2026-06-28 08:29:57.163683
5449,3184,9125.000,2.866,2026-06-28 08:29:57.163683
5450,637,2230.000,3.501,2026-06-28 08:29:57.163683
5451,471,1442.500,3.063,2026-06-28 08:29:57.163683
5452,2156,4199.500,1.948,2026-06-28 08:29:57.163683
5453,233,802.000,3.442,2026-06-28 08:29:57.163683
5454,337,838.000,2.487,2026-06-28 08:29:57.163683
5455,84,249.000,2.964,2026-06-28 08:29:57.163683
5456,197,427.500,2.170,2026-06-28 08:29:57.163683
5457,73,228.000,3.123,2026-06-28 08:29:57.163683
5458,386,900.000,2.332,2026-06-28 08:29:57.163683
5459,9753,28500.500,2.922,2026-06-28 08:29:57.163683
5460,553,1552.000,2.807,2026-06-28 08:29:57.163683
5461,112,405.000,3.616,2026-06-28 08:29:57.163683
5462,381,895.000,2.349,2026-06-28 08:29:57.163683
5463,2866,8528.500,2.976,2026-06-28 08:29:57.163683
5464,8284,30533.500,3.686,2026-06-28 08:29:57.163683
5465,121,424.000,3.504,2026-06-28 08:29:57.163683
5466,185,617.000,3.335,2026-06-28 08:29:57.163683
5467,48,140.500,2.927,2026-06-28 08:29:57.163683
5468,155,504.000,3.252,2026-06-28 08:29:57.163683
5469,57,145.500,2.553,2026-06-28 08:29:57.163683
5470,696,2663.500,3.827,2026-06-28 08:29:57.163683
5471,138,287.000,2.080,2026-06-28 08:29:57.163683
5472,445,1536.500,3.453,2026-06-28 08:29:57.163683
5473,67,241.000,3.597,2026-06-28 08:29:57.163683
5474,59,133.000,2.254,2026-06-28 08:29:57.163683
5475,616,2464.000,4.000,2026-06-28 08:29:57.163683
5476,583,1200.500,2.059,2026-06-28 08:29:57.163683
5477,866,3194.500,3.689,2026-06-28 08:29:57.163683
5478,1403,3544.500,2.526,2026-06-28 08:29:57.163683
5479,1540,4958.500,3.220,2026-06-28 08:29:57.163683
5480,834,2169.000,2.601,2026-06-28 08:29:57.163683
5481,8415,25180.500,2.992,2026-06-28 08:29:57.163683
5482,190,383.000,2.016,2026-06-28 08:29:57.163683
5483,582,2099.000,3.607,2026-06-28 08:29:57.163683
5484,95,324.000,3.411,2026-06-28 08:29:57.163683
5485,492,1616.500,3.286,2026-06-28 08:29:57.163683
5486,129,401.500,3.112,2026-06-28 08:29:57.163683
5487,30,69.500,2.317,2026-06-28 08:29:57.163683
5488,64,218.000,3.406,2026-06-28 08:29:57.163683
5489,736,2714.500,3.688,2026-06-28 08:29:57.163683
5490,95,265.000,2.789,2026-06-28 08:29:57.163683
5491,39,131.000,3.359,2026-06-28 08:29:57.163683
5492,32,83.000,2.594,2026-06-28 08:29:57.163683
5493,356,1187.500,3.336,2026-06-28 08:29:57.163683
5494,44,148.500,3.375,2026-06-28 08:29:57.163683
5495,71,196.000,2.761,2026-06-28 08:29:57.163683
5496,88,334.000,3.795,2026-06-28 08:29:57.163683
5497,451,1501.500,3.329,2026-06-28 08:29:57.163683
5498,446,1806.000,4.049,2026-06-28 08:29:57.163683
5499,340,1099.000,3.232,2026-06-28 08:29:57.163683
5500,2549,9159.500,3.593,2026-06-28 08:29:57.163683
5501,717,1299.500,1.812,2026-06-28 08:29:57.163683
5502,10532,34435.500,3.270,2026-06-28 08:29:57.163683
5503,137,457.000,3.336,2026-06-28 08:29:57.163683
5504,1158,2900.000,2.504,2026-06-28 08:29:57.163683
5505,2324,7905.500,3.402,2026-06-28 08:29:57.163683
5506,992,3037.000,3.061,2026-06-28 08:29:57.163683
5507,4542,12710.500,2.798,2026-06-28 08:29:57.163683
5508,1411,5084.000,3.603,2026-06-28 08:29:57.163683
5509,118,336.500,2.852,2026-06-28 08:29:57.163683
5510,37,87.500,2.365,2026-06-28 08:29:57.163683
5511,30,70.000,2.333,2026-06-28 08:29:57.163683
5512,56,165.000,2.946,2026-06-28 08:29:57.163683
5513,124,294.500,2.375,2026-06-28 08:29:57.163683
5514,20,55.500,2.775,2026-06-28 08:29:57.163683
5515,317,1194.500,3.768,2026-06-28 08:29:57.163683
5516,306,1133.500,3.704,2026-06-28 08:29:57.163683
5517,68,204.000,3.000,2026-06-28 08:29:57.163683
5518,37,127.500,3.446,2026-06-28 08:29:57.163683
5519,46,117.500,2.554,2026-06-28 08:29:57.163683
5520,28,87.500,3.125,2026-06-28 08:29:57.163683
5521,243,673.000,2.770,2026-06-28 08:29:57.163683
5522,861,2714.000,3.152,2026-06-28 08:29:57.163683
5523,681,1384.500,2.033,2026-06-28 08:29:57.163683
5524,1287,3776.500,2.934,2026-06-28 08:29:57.163683
5525,627,2432.000,3.879,2026-06-28 08:29:57.163683
5526,210,745.500,3.550,2026-06-28 08:29:57.163683
5527,609,2038.500,3.347,2026-06-28 08:29:57.163683
5528,4603,15245.500,3.312,2026-06-28 08:29:57.163683
5529,436,1080.500,2.478,2026-06-28 08:29:57.163683
5530,1301,3624.000,2.786,2026-06-28 08:29:57.163683
5531,180,512.000,2.844,2026-06-28 08:29:57.163683
5532,130,347.000,2.669,2026-06-28 08:29:57.163683
5533,7,22.000,3.143,2026-06-28 08:29:57.163683
5534,34,94.000,2.765,2026-06-28 08:29:57.163683
5535,24,66.500,2.771,2026-06-28 08:29:57.163683
5536,16,50.000,3.125,2026-06-28 08:29:57.163683
5537,35,106.000,3.029,2026-06-28 08:29:57.163683
5538,370,881.000,2.381,2026-06-28 08:29:57.163683
5539,189,404.000,2.138,2026-06-28 08:29:57.163683
5540,1604,5298.500,3.303,2026-06-28 08:29:57.163683
5541,2809,8986.000,3.199,2026-06-28 08:29:57.163683
5542,51,123.500,2.422,2026-06-28 08:29:57.163683
5543,170,342.500,2.015,2026-06-28 08:29:57.163683
5544,773,2783.500,3.601,2026-06-28 08:29:57.163683
5545,31,55.000,1.774,2026-06-28 08:29:57.163683
5546,158,305.500,1.934,2026-06-28 08:29:57.163683
5547,15,33.000,2.200,2026-06-28 08:29:57.163683
5548,900,2731.500,3.035,2026-06-28 08:29:57.163683
5549,46,130.500,2.837,2026-06-28 08:29:57.163683
5550,132,341.000,2.583,2026-06-28 08:29:57.163683
5551,35,87.500,2.500,2026-06-28 08:29:57.163683
5552,91,270.000,2.967,2026-06-28 08:29:57.163683
5553,996,3106.000,3.118,2026-06-28 08:29:57.163683
5554,21,51.500,2.452,2026-06-28 08:29:57.163683
5555,267,817.000,3.060,2026-06-28 08:29:57.163683
5556,597,1102.500,1.847,2026-06-28 08:29:57.163683
5557,69,157.500,2.283,2026-06-28 08:29:57.163683
5558,17,43.500,2.559,2026-06-28 08:29:57.163683
5559,55,158.500,2.882,2026-06-28 08:29:57.163683
5560,172,629.000,3.657,2026-06-28 08:29:57.163683
5561,165,530.500,3.215,2026-06-28 08:29:57.163683
5562,25,65.500,2.620,2026-06-28 08:29:57.163683
5563,614,1846.000,3.007,2026-06-28 08:29:57.163683
5564,646,1471.500,2.278,2026-06-28 08:29:57.163683
5566,7,16.000,2.286,2026-06-28 08:29:57.163683
5567,43,106.500,2.477,2026-06-28 08:29:57.163683
5568,647,2082.000,3.218,2026-06-28 08:29:57.163683
5569,384,1179.000,3.070,2026-06-28 08:29:57.163683
5570,622,2345.000,3.770,2026-06-28 08:29:57.163683
5571,14,37.000,2.643,2026-06-28 08:29:57.163683
5572,1580,5004.000,3.167,2026-06-28 08:29:57.163683
5573,498,1192.000,2.394,2026-06-28 08:29:57.163683
5574,3098,10233.000,3.303,2026-06-28 08:29:57.163683
5575,71,230.000,3.239,2026-06-28 08:29:57.163683
5576,21,46.000,2.190,2026-06-28 08:29:57.163683
5577,2478,8876.000,3.582,2026-06-28 08:29:57.163683
5579,20,53.000,2.650,2026-06-28 08:29:57.163683
5580,159,403.000,2.535,2026-06-28 08:29:57.163683
5581,219,618.500,2.824,2026-06-28 08:29:57.163683
5582,681,1740.000,2.555,2026-06-28 08:29:57.163683
5583,57,138.000,2.421,2026-06-28 08:29:57.163683
5584,503,1079.500,2.146,2026-06-28 08:29:57.163683
5585,477,1004.000,2.105,2026-06-28 08:29:57.163683
5586,17,52.500,3.088,2026-06-28 08:29:57.163683
5587,83,156.500,1.886,2026-06-28 08:29:57.163683
5588,318,928.500,2.920,2026-06-28 08:29:57.163683
5589,314,976.500,3.110,2026-06-28 08:29:57.163683
5590,39,129.000,3.308,2026-06-28 08:29:57.163683
5591,135,316.500,2.344,2026-06-28 08:29:57.163683
5592,44,103.500,2.352,2026-06-28 08:29:57.163683
5593,90,306.500,3.406,2026-06-28 08:29:57.163683
5595,45,122.500,2.722,2026-06-28 08:29:57.163683
5596,226,545.000,2.412,2026-06-28 08:29:57.163683
5597,294,575.500,1.957,2026-06-28 08:29:57.163683
5598,199,420.000,2.111,2026-06-28 08:29:57.163683
5599,69,258.500,3.746,2026-06-28 08:29:57.163683
5600,148,505.500,3.416,2026-06-28 08:29:57.163683
5601,227,806.500,3.553,2026-06-28 08:29:57.163683
5602,1050,3969.500,3.780,2026-06-28 08:29:57.163683
5603,668,2638.500,3.950,2026-06-28 08:29:57.163683
5604,427,1640.500,3.842,2026-06-28 08:29:57.163683
5605,191,719.500,3.767,2026-06-28 08:29:57.163683
5606,92,290.500,3.158,2026-06-28 08:29:57.163683
5607,296,1130.000,3.818,2026-06-28 08:29:57.163683
5608,1963,7596.000,3.870,2026-06-28 08:29:57.163683
5609,663,1338.000,2.018,2026-06-28 08:29:57.163683
5610,728,1992.000,2.736,2026-06-28 08:29:57.163683
5611,689,2131.000,3.093,2026-06-28 08:29:57.163683
5612,345,1024.000,2.968,2026-06-28 08:29:57.163683
5613,837,2852.000,3.407,2026-06-28 08:29:57.163683
5614,82,281.000,3.427,2026-06-28 08:29:57.163683
5615,116,362.000,3.121,2026-06-28 08:29:57.163683
5616,6,17.000,2.833,2026-06-28 08:29:57.163683
5617,4273,16082.000,3.764,2026-06-28 08:29:57.163683
5618,13466,56608.500,4.204,2026-06-28 08:29:57.163683
5619,175,654.000,3.737,2026-06-28 08:29:57.163683
5620,3282,10317.000,3.144,2026-06-28 08:29:57.163683
5621,1529,3873.000,2.533,2026-06-28 08:29:57.163683
5622,48,172.500,3.594,2026-06-28 08:29:57.163683
5623,11,30.000,2.727,2026-06-28 08:29:57.163683
5624,36,94.500,2.625,2026-06-28 08:29:57.163683
5625,565,1919.000,3.396,2026-06-28 08:29:57.163683
5626,19,65.500,3.447,2026-06-28 08:29:57.163683
5627,34,124.500,3.662,2026-06-28 08:29:57.163683
5628,579,1944.500,3.358,2026-06-28 08:29:57.163683
5629,329,997.500,3.032,2026-06-28 08:29:57.163683
5630,5355,19068.500,3.561,2026-06-28 08:29:57.163683
5631,21,52.500,2.500,2026-06-28 08:29:57.163683
5632,580,2184.500,3.766,2026-06-28 08:29:57.163683
5633,502,1801.000,3.588,2026-06-28 08:29:57.163683
5634,31,98.500,3.177,2026-06-28 08:29:57.163683
5635,194,641.000,3.304,2026-06-28 08:29:57.163683
5636,264,807.000,3.057,2026-06-28 08:29:57.163683
5637,471,1780.500,3.780,2026-06-28 08:29:57.163683
5638,439,1276.500,2.908,2026-06-28 08:29:57.163683
5639,113,270.000,2.389,2026-06-28 08:29:57.163683
5640,321,1044.000,3.252,2026-06-28 08:29:57.163683
5641,65,221.500,3.408,2026-06-28 08:29:57.163683
5642,368,1379.500,3.749,2026-06-28 08:29:57.163683
5643,354,1313.000,3.709,2026-06-28 08:29:57.163683
5644,456,1738.000,3.811,2026-06-28 08:29:57.163683
5645,63,194.000,3.079,2026-06-28 08:29:57.163683
5646,518,1861.000,3.593,2026-06-28 08:29:57.163683
5647,223,312.500,1.401,2026-06-28 08:29:57.163683
5648,255,394.000,1.545,2026-06-28 08:29:57.163683
5649,698,2404.000,3.444,2026-06-28 08:29:57.163683
5650,1589,5716.500,3.598,2026-06-28 08:29:57.163683
5651,429,1352.000,3.152,2026-06-28 08:29:57.163683
5652,50,115.500,2.310,2026-06-28 08:29:57.163683
5653,190,662.000,3.484,2026-06-28 08:29:57.163683
5654,14,37.500,2.679,2026-06-28 08:29:57.163683
5655,165,446.000,2.703,2026-06-28 08:29:57.163683
5656,44,147.000,3.341,2026-06-28 08:29:57.163683
5657,151,445.500,2.950,2026-06-28 08:29:57.163683
5658,44,111.000,2.523,2026-06-28 08:29:57.163683
5659,53,177.000,3.340,2026-06-28 08:29:57.163683
5660,123,462.000,3.756,2026-06-28 08:29:57.163683
5661,25,63.000,2.520,2026-06-28 08:29:57.163683
5662,108,379.500,3.514,2026-06-28 08:29:57.163683
5663,307,940.000,3.062,2026-06-28 08:29:57.163683
5664,177,540.500,3.054,2026-06-28 08:29:57.163683
5665,487,1411.000,2.897,2026-06-28 08:29:57.163683
5666,1278,4205.500,3.291,2026-06-28 08:29:57.163683
5667,646,2089.500,3.235,2026-06-28 08:29:57.163683
5668,1022,3556.000,3.479,2026-06-28 08:29:57.163683
5669,12280,46512.000,3.788,2026-06-28 08:29:57.163683
5670,604,2164.500,3.584,2026-06-28 08:29:57.163683
5671,23,77.000,3.348,2026-06-28 08:29:57.163683
5672,472,621.500,1.317,2026-06-28 08:29:57.163683
5673,5419,19273.500,3.557,2026-06-28 08:29:57.163683
5674,26,74.000,2.846,2026-06-28 08:29:57.163683
5675,246,422.500,1.717,2026-06-28 08:29:57.163683
5677,287,749.000,2.610,2026-06-28 08:29:57.163683
5678,563,1667.500,2.962,2026-06-28 08:29:57.163683
5679,9518,32612.500,3.426,2026-06-28 08:29:57.163683
5680,632,2042.000,3.231,2026-06-28 08:29:57.163683
5681,46,151.000,3.283,2026-06-28 08:29:57.163683
5682,271,972.000,3.587,2026-06-28 08:29:57.163683
5683,13,31.000,2.385,2026-06-28 08:29:57.163683
5684,211,688.500,3.263,2026-06-28 08:29:57.163683
5685,737,2618.000,3.552,2026-06-28 08:29:57.163683
5686,434,1432.000,3.300,2026-06-28 08:29:57.163683
5687,52,174.500,3.356,2026-06-28 08:29:57.163683
5688,126,450.500,3.575,2026-06-28 08:29:57.163683
5689,290,844.000,2.910,2026-06-28 08:29:57.163683
5690,3198,13079.000,4.090,2026-06-28 08:29:57.163683
5691,478,969.500,2.028,2026-06-28 08:29:57.163683
5692,236,806.000,3.415,2026-06-28 08:29:57.163683
5693,2703,8846.000,3.273,2026-06-28 08:29:57.163683
5694,451,985.500,2.185,2026-06-28 08:29:57.163683
5695,36,99.000,2.750,2026-06-28 08:29:57.163683
5696,493,1520.000,3.083,2026-06-28 08:29:57.163683
5697,84,208.500,2.482,2026-06-28 08:29:57.163683
5698,15,51.500,3.433,2026-06-28 08:29:57.163683
5699,90,294.000,3.267,2026-06-28 08:29:57.163683
5700,61,91.500,1.500,2026-06-28 08:29:57.163683
5701,51,89.000,1.745,2026-06-28 08:29:57.163683
5702,10,20.000,2.000,2026-06-28 08:29:57.163683
5703,76,184.500,2.428,2026-06-28 08:29:57.163683
5704,12,28.500,2.375,2026-06-28 08:29:57.163683
5705,493,1201.500,2.437,2026-06-28 08:29:57.163683
5706,55,129.500,2.355,2026-06-28 08:29:57.163683
5707,646,2322.000,3.594,2026-06-28 08:29:57.163683
5708,34,88.000,2.588,2026-06-28 08:29:57.163683
5709,45,143.000,3.178,2026-06-28 08:29:57.163683
5710,71,198.000,2.789,2026-06-28 08:29:57.163683
5711,17,55.000,3.235,2026-06-28 08:29:57.163683
5712,646,2281.000,3.531,2026-06-28 08:29:57.163683
5713,13,32.500,2.500,2026-06-28 08:29:57.163683
5714,43,123.000,2.860,2026-06-28 08:29:57.163683
5715,66,184.000,2.788,2026-06-28 08:29:57.163683
5716,22,51.500,2.341,2026-06-28 08:29:57.163683
5717,89,234.500,2.635,2026-06-28 08:29:57.163683
5718,67,159.000,2.373,2026-06-28 08:29:57.163683
5719,29,71.500,2.466,2026-06-28 08:29:57.163683
5720,32,105.000,3.281,2026-06-28 08:29:57.163683
5721,244,924.000,3.787,2026-06-28 08:29:57.163683
5722,74,264.000,3.568,2026-06-28 08:29:57.163683
5723,232,720.500,3.106,2026-06-28 08:29:57.163683
5724,32,57.000,1.781,2026-06-28 08:29:57.163683
5725,45,146.000,3.244,2026-06-28 08:29:57.163683
5726,89,278.000,3.124,2026-06-28 08:29:57.163683
5727,20,54.000,2.700,2026-06-28 08:29:57.163683
5728,50,159.000,3.180,2026-06-28 08:29:57.163683
5729,139,286.500,2.061,2026-06-28 08:29:57.163683
5730,66,165.500,2.508,2026-06-28 08:29:57.163683
5731,180,537.500,2.986,2026-06-28 08:29:57.163683
5732,378,1404.000,3.714,2026-06-28 08:29:57.163683
5733,71,228.500,3.218,2026-06-28 08:29:57.163683
5734,199,308.000,1.548,2026-06-28 08:29:57.163683
5735,275,522.500,1.900,2026-06-28 08:29:57.163683
5736,193,280.500,1.453,2026-06-28 08:29:57.163683
5737,179,246.500,1.377,2026-06-28 08:29:57.163683
5739,174,219.500,1.261,2026-06-28 08:29:57.163683
5740,124,168.000,1.355,2026-06-28 08:29:57.163683
5741,84,284.000,3.381,2026-06-28 08:29:57.163683
5742,71,213.500,3.007,2026-06-28 08:29:57.163683
5743,188,597.000,3.176,2026-06-28 08:29:57.163683
5744,27,90.000,3.333,2026-06-28 08:29:57.163683
5745,246,854.000,3.472,2026-06-28 08:29:57.163683
5746,59,145.000,2.458,2026-06-28 08:29:57.163683
5747,1913,7368.500,3.852,2026-06-28 08:29:57.163683
5748,17,59.000,3.471,2026-06-28 08:29:57.163683
5749,269,844.500,3.139,2026-06-28 08:29:57.163683
5750,18,42.000,2.333,2026-06-28 08:29:57.163683
5751,17,56.500,3.324,2026-06-28 08:29:57.163683
5752,461,1750.000,3.796,2026-06-28 08:29:57.163683
5753,47,132.000,2.809,2026-06-28 08:29:57.163683
5754,130,306.500,2.358,2026-06-28 08:29:57.163683
5755,72,172.500,2.396,2026-06-28 08:29:57.163683
5756,46,104.000,2.261,2026-06-28 08:29:57.163683
5758,13,28.000,2.154,2026-06-28 08:29:57.163683
5759,40,137.500,3.438,2026-06-28 08:29:57.163683
5760,92,264.500,2.875,2026-06-28 08:29:57.163683
5761,63,153.000,2.429,2026-06-28 08:29:57.163683
5762,56,182.000,3.250,2026-06-28 08:29:57.163683
5763,126,456.500,3.623,2026-06-28 08:29:57.163683
5764,165,499.000,3.024,2026-06-28 08:29:57.163683
5765,349,1155.000,3.309,2026-06-28 08:29:57.163683
5766,17,37.500,2.206,2026-06-28 08:29:57.163683
5767,76,292.500,3.849,2026-06-28 08:29:57.163683
5768,157,409.500,2.608,2026-06-28 08:29:57.163683
5769,133,471.500,3.545,2026-06-28 08:29:57.163683
5770,71,227.500,3.204,2026-06-28 08:29:57.163683
5771,138,341.000,2.471,2026-06-28 08:29:57.163683
5772,756,2882.500,3.813,2026-06-28 08:29:57.163683
5773,214,578.000,2.701,2026-06-28 08:29:57.163683
5774,44,101.500,2.307,2026-06-28 08:29:57.163683
5775,35,84.000,2.400,2026-06-28 08:29:57.163683
5776,27,82.000,3.037,2026-06-28 08:29:57.163683
5777,278,891.500,3.207,2026-06-28 08:29:57.163683
5778,37,105.000,2.838,2026-06-28 08:29:57.163683
5779,175,301.500,1.723,2026-06-28 08:29:57.163683
5780,360,1296.500,3.601,2026-06-28 08:29:57.163683
5781,64,163.000,2.547,2026-06-28 08:29:57.163683
5782,4495,18438.000,4.102,2026-06-28 08:29:57.163683
5783,79,266.000,3.367,2026-06-28 08:29:57.163683
5784,1321,3371.500,2.552,2026-06-28 08:29:57.163683
5785,2953,8818.000,2.986,2026-06-28 08:29:57.163683
5786,35,115.000,3.286,2026-06-28 08:29:57.163683
5787,428,1134.000,2.650,2026-06-28 08:29:57.163683
5788,306,1115.000,3.644,2026-06-28 08:29:57.163683
5789,48,120.500,2.510,2026-06-28 08:29:57.163683
5790,33,82.500,2.500,2026-06-28 08:29:57.163683
5791,2815,10611.000,3.769,2026-06-28 08:29:57.163683
5792,907,3241.000,3.573,2026-06-28 08:29:57.163683
5793,19,51.000,2.684,2026-06-28 08:29:57.163683
5794,96,332.000,3.458,2026-06-28 08:29:57.163683
5795,41,146.500,3.573,2026-06-28 08:29:57.163683
5796,788,2283.000,2.897,2026-06-28 08:29:57.163683
5797,390,1331.000,3.413,2026-06-28 08:29:57.163683
5798,48,152.500,3.177,2026-06-28 08:29:57.163683
5799,376,1381.000,3.673,2026-06-28 08:29:57.163683
5800,151,523.000,3.464,2026-06-28 08:29:57.163683
5801,509,1824.500,3.584,2026-06-28 08:29:57.163683
5802,164,584.000,3.561,2026-06-28 08:29:57.163683
5803,1046,2900.500,2.773,2026-06-28 08:29:57.163683
5804,935,2482.500,2.655,2026-06-28 08:29:57.163683
5806,42,128.500,3.060,2026-06-28 08:29:57.163683
5807,22,48.000,2.182,2026-06-28 08:29:57.163683
5808,199,583.000,2.930,2026-06-28 08:29:57.163683
5809,793,2489.000,3.139,2026-06-28 08:29:57.163683
5810,5090,16541.500,3.250,2026-06-28 08:29:57.163683
5811,8,27.500,3.438,2026-06-28 08:29:57.163683
5812,2095,7800.500,3.723,2026-06-28 08:29:57.163683
5813,55,142.500,2.591,2026-06-28 08:29:57.163683
5815,181,410.500,2.268,2026-06-28 08:29:57.163683
5816,14469,51793.000,3.580,2026-06-28 08:29:57.163683
5817,219,768.500,3.509,2026-06-28 08:29:57.163683
5818,289,979.500,3.389,2026-06-28 08:29:57.163683
5819,48,154.500,3.219,2026-06-28 08:29:57.163683
5820,474,1834.500,3.870,2026-06-28 08:29:57.163683
5821,74,254.500,3.439,2026-06-28 08:29:57.163683
5822,62,169.000,2.726,2026-06-28 08:29:57.163683
5823,20,56.500,2.825,2026-06-28 08:29:57.163683
5824,142,396.500,2.792,2026-06-28 08:29:57.163683
5825,304,1209.500,3.979,2026-06-28 08:29:57.163683
5826,368,1329.500,3.613,2026-06-28 08:29:57.163683
5827,40,101.000,2.525,2026-06-28 08:29:57.163683
5828,29,97.000,3.345,2026-06-28 08:29:57.163683
5829,218,670.000,3.073,2026-06-28 08:29:57.163683
5830,182,636.500,3.497,2026-06-28 08:29:57.163683
5831,11,29.500,2.682,2026-06-28 08:29:57.163683
5832,129,296.000,2.295,2026-06-28 08:29:57.163683
5833,969,3245.500,3.349,2026-06-28 08:29:57.163683
5834,48,156.500,3.260,2026-06-28 08:29:57.163683
5835,20,63.500,3.175,2026-06-28 08:29:57.163683
5836,269,911.500,3.388,2026-06-28 08:29:57.163683
5837,21,35.500,1.690,2026-06-28 08:29:57.163683
5838,103,331.000,3.214,2026-06-28 08:29:57.163683
5839,348,1365.500,3.924,2026-06-28 08:29:57.163683
5840,347,1348.500,3.886,2026-06-28 08:29:57.163683
5841,494,1001.000,2.026,2026-06-28 08:29:57.163683
5842,74,220.500,2.980,2026-06-28 08:29:57.163683
5843,709,2131.500,3.006,2026-06-28 08:29:57.163683
5844,16,52.500,3.281,2026-06-28 08:29:57.163683
5845,53,157.000,2.962,2026-06-28 08:29:57.163683
5846,66,224.500,3.402,2026-06-28 08:29:57.163683
5847,358,1304.000,3.642,2026-06-28 08:29:57.163683
5848,50,152.000,3.040,2026-06-28 08:29:57.163683
5849,12,42.500,3.542,2026-06-28 08:29:57.163683
5850,26,84.500,3.250,2026-06-28 08:29:57.163683
5851,29,72.000,2.483,2026-06-28 08:29:57.163683
5852,155,374.500,2.416,2026-06-28 08:29:57.163683
5853,1003,3251.000,3.241,2026-06-28 08:29:57.163683
5854,144,420.500,2.920,2026-06-28 08:29:57.163683
5855,96,252.000,2.625,2026-06-28 08:29:57.163683
5856,38,125.000,3.289,2026-06-28 08:29:57.163683
5857,52,99.000,1.904,2026-06-28 08:29:57.163683
5858,58,184.500,3.181,2026-06-28 08:29:57.163683
5859,190,634.500,3.339,2026-06-28 08:29:57.163683
5860,25,71.000,2.840,2026-06-28 08:29:57.163683
5861,22,70.000,3.182,2026-06-28 08:29:57.163683
5862,91,248.500,2.731,2026-06-28 08:29:57.163683
5863,67,165.500,2.470,2026-06-28 08:29:57.163683
5864,169,335.500,1.985,2026-06-28 08:29:57.163683
5865,25,67.000,2.680,2026-06-28 08:29:57.163683
5866,31,98.000,3.161,2026-06-28 08:29:57.163683
5867,366,1330.000,3.634,2026-06-28 08:29:57.163683
5868,82,271.500,3.311,2026-06-28 08:29:57.163683
5869,129,446.500,3.461,2026-06-28 08:29:57.163683
5870,25,65.500,2.620,2026-06-28 08:29:57.163683
5871,6,8.000,1.333,2026-06-28 08:29:57.163683
5872,5253,16455.000,3.132,2026-06-28 08:29:57.163683
5873,621,2123.500,3.419,2026-06-28 08:29:57.163683
5874,392,1053.000,2.686,2026-06-28 08:29:57.163683
5875,306,1053.000,3.441,2026-06-28 08:29:57.163683
5876,1787,6708.000,3.754,2026-06-28 08:29:57.163683
5878,3398,13575.500,3.995,2026-06-28 08:29:57.163683
5879,660,1633.500,2.475,2026-06-28 08:29:57.163683
5880,90,167.500,1.861,2026-06-28 08:29:57.163683
5881,2822,8853.500,3.137,2026-06-28 08:29:57.163683
5882,1386,4647.000,3.353,2026-06-28 08:29:57.163683
5883,238,579.000,2.433,2026-06-28 08:29:57.163683
5884,69,168.000,2.435,2026-06-28 08:29:57.163683
5885,72,244.000,3.389,2026-06-28 08:29:57.163683
5886,13,24.000,1.846,2026-06-28 08:29:57.163683
5887,46,104.000,2.261,2026-06-28 08:29:57.163683
5888,182,663.500,3.646,2026-06-28 08:29:57.163683
5889,39,139.000,3.564,2026-06-28 08:29:57.163683
5890,758,2920.500,3.853,2026-06-28 08:29:57.163683
5891,278,733.500,2.638,2026-06-28 08:29:57.163683
5892,33,95.500,2.894,2026-06-28 08:29:57.163683
5893,933,3525.000,3.778,2026-06-28 08:29:57.163683
5894,26,43.500,1.673,2026-06-28 08:29:57.163683
5895,12,30.000,2.500,2026-06-28 08:29:57.163683
5896,188,685.500,3.646,2026-06-28 08:29:57.163683
5897,11,26.500,2.409,2026-06-28 08:29:57.163683
5898,218,644.000,2.954,2026-06-28 08:29:57.163683
5899,1004,3838.500,3.823,2026-06-28 08:29:57.163683
5900,1768,4859.000,2.748,2026-06-28 08:29:57.163683
5901,181,515.000,2.845,2026-06-28 08:29:57.163683
5902,9383,36078.500,3.845,2026-06-28 08:29:57.163683
5903,6751,25436.500,3.768,2026-06-28 08:29:57.163683
5904,7,18.000,2.571,2026-06-28 08:29:57.163683
5906,28,83.500,2.982,2026-06-28 08:29:57.163683
5907,52,189.000,3.635,2026-06-28 08:29:57.163683
5908,39,113.500,2.910,2026-06-28 08:29:57.163683
5909,317,1139.500,3.595,2026-06-28 08:29:57.163683
5910,33,86.000,2.606,2026-06-28 08:29:57.163683
5911,56,193.500,3.455,2026-06-28 08:29:57.163683
5912,42,162.500,3.869,2026-06-28 08:29:57.163683
5913,50,144.500,2.890,2026-06-28 08:29:57.163683
5914,199,765.500,3.847,2026-06-28 08:29:57.163683
5915,186,603.000,3.242,2026-06-28 08:29:57.163683
5916,108,383.000,3.546,2026-06-28 08:29:57.163683
5917,45,143.000,3.178,2026-06-28 08:29:57.163683
5918,55,125.500,2.282,2026-06-28 08:29:57.163683
5919,81,240.000,2.963,2026-06-28 08:29:57.163683
5920,18,45.500,2.528,2026-06-28 08:29:57.163683
5921,20,44.000,2.200,2026-06-28 08:29:57.163683
5922,26,78.500,3.019,2026-06-28 08:29:57.163683
5923,149,445.000,2.987,2026-06-28 08:29:57.163683
5924,75,229.000,3.053,2026-06-28 08:29:57.163683
5925,49,111.000,2.265,2026-06-28 08:29:57.163683
5926,69,183.500,2.659,2026-06-28 08:29:57.163683
5927,523,1410.500,2.697,2026-06-28 08:29:57.163683
5928,87,277.000,3.184,2026-06-28 08:29:57.163683
5929,40,107.000,2.675,2026-06-28 08:29:57.163683
5930,83,265.000,3.193,2026-06-28 08:29:57.163683
5931,42,129.000,3.071,2026-06-28 08:29:57.163683
5932,274,1086.000,3.964,2026-06-28 08:29:57.163683
5933,155,533.500,3.442,2026-06-28 08:29:57.163683
5934,6,19.000,3.167,2026-06-28 08:29:57.163683
5935,97,275.500,2.840,2026-06-28 08:29:57.163683
5936,148,532.500,3.598,2026-06-28 08:29:57.163683
5937,148,554.000,3.743,2026-06-28 08:29:57.163683
5938,568,2073.000,3.650,2026-06-28 08:29:57.163683
5939,40,88.000,2.200,2026-06-28 08:29:57.163683
5940,421,1435.500,3.410,2026-06-28 08:29:57.163683
5941,1028,3179.000,3.092,2026-06-28 08:29:57.163683
5942,1014,2599.500,2.564,2026-06-28 08:29:57.163683
5943,2011,5324.500,2.648,2026-06-28 08:29:57.163683
5944,3233,10087.000,3.120,2026-06-28 08:29:57.163683
5945,5438,18875.000,3.471,2026-06-28 08:29:57.163683
5946,50,145.000,2.900,2026-06-28 08:29:57.163683
5947,222,765.000,3.446,2026-06-28 08:29:57.163683
5948,26,86.500,3.327,2026-06-28 08:29:57.163683
5949,351,1259.000,3.587,2026-06-28 08:29:57.163683
5950,7,17.500,2.500,2026-06-28 08:29:57.163683
5951,236,738.000,3.127,2026-06-28 08:29:57.163683
5952,33947,139438.000,4.108,2026-06-28 08:29:57.163683
5953,61,178.500,2.926,2026-06-28 08:29:57.163683
5954,4742,18168.000,3.831,2026-06-28 08:29:57.163683
5955,1371,4968.500,3.624,2026-06-28 08:29:57.163683
5956,7023,24425.000,3.478,2026-06-28 08:29:57.163683
5957,2436,7805.500,3.204,2026-06-28 08:29:57.163683
5958,299,814.500,2.724,2026-06-28 08:29:57.163683
5959,1627,5764.500,3.543,2026-06-28 08:29:57.163683
5960,166,527.000,3.175,2026-06-28 08:29:57.163683
5961,294,799.000,2.718,2026-06-28 08:29:57.163683
5962,384,786.500,2.048,2026-06-28 08:29:57.163683
5963,252,939.000,3.726,2026-06-28 08:29:57.163683
5964,47,139.500,2.968,2026-06-28 08:29:57.163683
5965,371,1376.000,3.709,2026-06-28 08:29:57.163683
5966,73,239.000,3.274,2026-06-28 08:29:57.163683
5967,11,26.500,2.409,2026-06-28 08:29:57.163683
5968,306,1009.500,3.299,2026-06-28 08:29:57.163683
5969,658,1596.000,2.426,2026-06-28 08:29:57.163683
5970,1742,5615.500,3.224,2026-06-28 08:29:57.163683
5971,5489,22776.500,4.149,2026-06-28 08:29:57.163683
5972,50,152.000,3.040,2026-06-28 08:29:57.163683
5973,16,54.000,3.375,2026-06-28 08:29:57.163683
5974,287,1052.000,3.666,2026-06-28 08:29:57.163683
5975,155,517.000,3.335,2026-06-28 08:29:57.163683
5976,16,40.000,2.500,2026-06-28 08:29:57.163683
5977,95,341.500,3.595,2026-06-28 08:29:57.163683
5978,45,145.500,3.233,2026-06-28 08:29:57.163683
5979,55,125.500,2.282,2026-06-28 08:29:57.163683
5980,256,850.500,3.322,2026-06-28 08:29:57.163683
5981,386,1240.000,3.212,2026-06-28 08:29:57.163683
5982,30,85.000,2.833,2026-06-28 08:29:57.163683
5983,182,605.500,3.327,2026-06-28 08:29:57.163683
5984,106,323.500,3.052,2026-06-28 08:29:57.163683
5985,90,267.500,2.972,2026-06-28 08:29:57.163683
5986,112,412.000,3.679,2026-06-28 08:29:57.163683
5987,66,196.000,2.970,2026-06-28 08:29:57.163683
5988,128,366.500,2.863,2026-06-28 08:29:57.163683
5989,18002,69279.500,3.848,2026-06-28 08:29:57.163683
5990,219,581.500,2.655,2026-06-28 08:29:57.163683
5991,8485,30519.500,3.597,2026-06-28 08:29:57.163683
5992,4017,14859.000,3.699,2026-06-28 08:29:57.163683
5993,202,679.000,3.361,2026-06-28 08:29:57.163683
5994,449,1619.500,3.607,2026-06-28 08:29:57.163683
5995,10515,42627.000,4.054,2026-06-28 08:29:57.163683
5996,46,131.500,2.859,2026-06-28 08:29:57.163683
5997,32,109.500,3.422,2026-06-28 08:29:57.163683
5998,95,203.500,2.142,2026-06-28 08:29:57.163683
5999,447,1161.500,2.598,2026-06-28 08:29:57.163683
6000,33,89.500,2.712,2026-06-28 08:29:57.163683
6001,1707,6564.000,3.845,2026-06-28 08:29:57.163683
6002,314,1059.500,3.374,2026-06-28 08:29:57.163683
6003,3037,10908.500,3.592,2026-06-28 08:29:57.163683
6004,15,41.500,2.767,2026-06-28 08:29:57.163683
6005,591,1956.000,3.310,2026-06-28 08:29:57.163683
6006,1254,3399.500,2.711,2026-06-28 08:29:57.163683
6007,13,29.500,2.269,2026-06-28 08:29:57.163683
6008,228,834.000,3.658,2026-06-28 08:29:57.163683
6009,49,150.500,3.071,2026-06-28 08:29:57.163683
6010,85,232.500,2.735,2026-06-28 08:29:57.163683
6011,49,134.500,2.745,2026-06-28 08:29:57.163683
6012,418,1163.000,2.782,2026-06-28 08:29:57.163683
6013,687,1302.500,1.896,2026-06-28 08:29:57.163683
6014,609,1574.000,2.585,2026-06-28 08:29:57.163683
6015,28,86.500,3.089,2026-06-28 08:29:57.163683
6016,12937,54793.500,4.235,2026-06-28 08:29:57.163683
6017,86,270.500,3.145,2026-06-28 08:29:57.163683
6018,14,39.500,2.821,2026-06-28 08:29:57.163683
6019,49,139.000,2.837,2026-06-28 08:29:57.163683
6020,102,354.500,3.475,2026-06-28 08:29:57.163683
6021,242,901.000,3.723,2026-06-28 08:29:57.163683
6022,207,708.000,3.420,2026-06-28 08:29:57.163683
6023,495,1929.000,3.897,2026-06-28 08:29:57.163683
6024,61,170.500,2.795,2026-06-28 08:29:57.163683
6025,260,769.500,2.960,2026-06-28 08:29:57.163683
6026,20,63.500,3.175,2026-06-28 08:29:57.163683
6027,494,1841.000,3.727,2026-06-28 08:29:57.163683
6028,25,57.500,2.300,2026-06-28 08:29:57.163683
6029,48,130.000,2.708,2026-06-28 08:29:57.163683
6030,67,186.500,2.784,2026-06-28 08:29:57.163683
6031,307,1132.500,3.689,2026-06-28 08:29:57.163683
6032,225,848.500,3.771,2026-06-28 08:29:57.163683
6033,69,198.500,2.877,2026-06-28 08:29:57.163683
6034,19,47.000,2.474,2026-06-28 08:29:57.163683
6035,163,607.500,3.727,2026-06-28 08:29:57.163683
6036,107,333.000,3.112,2026-06-28 08:29:57.163683
6037,110,310.500,2.823,2026-06-28 08:29:57.163683
6038,64,206.000,3.219,2026-06-28 08:29:57.163683
6039,419,1161.000,2.771,2026-06-28 08:29:57.163683
6040,604,1459.000,2.416,2026-06-28 08:29:57.163683
6041,191,707.000,3.702,2026-06-28 08:29:57.163683
6042,136,472.500,3.474,2026-06-28 08:29:57.163683
6043,23,63.000,2.739,2026-06-28 08:29:57.163683
6044,115,273.500,2.378,2026-06-28 08:29:57.163683
6045,113,366.000,3.239,2026-06-28 08:29:57.163683
6046,25,84.000,3.360,2026-06-28 08:29:57.163683
6047,112,401.000,3.580,2026-06-28 08:29:57.163683
6048,20,65.500,3.275,2026-06-28 08:29:57.163683
6049,90,261.000,2.900,2026-06-28 08:29:57.163683
6050,60,177.000,2.950,2026-06-28 08:29:57.163683
6051,244,913.500,3.744,2026-06-28 08:29:57.163683
6052,18,49.500,2.750,2026-06-28 08:29:57.163683
6053,42,121.500,2.893,2026-06-28 08:29:57.163683
6054,89,297.500,3.343,2026-06-28 08:29:57.163683
6055,51,134.500,2.637,2026-06-28 08:29:57.163683
6056,89,323.000,3.629,2026-06-28 08:29:57.163683
6057,194,418.500,2.157,2026-06-28 08:29:57.163683
6058,1765,5125.500,2.904,2026-06-28 08:29:57.163683
6059,2587,8756.500,3.385,2026-06-28 08:29:57.163683
6060,509,1407.000,2.764,2026-06-28 08:29:57.163683
6061,20,45.500,2.275,2026-06-28 08:29:57.163683
6062,1033,3816.000,3.694,2026-06-28 08:29:57.163683
6063,538,1804.500,3.354,2026-06-28 08:29:57.163683
6064,162,583.500,3.602,2026-06-28 08:29:57.163683
6065,98,341.000,3.480,2026-06-28 08:29:57.163683
6066,135,461.000,3.415,2026-06-28 08:29:57.163683
6067,207,661.500,3.196,2026-06-28 08:29:57.163683
6068,32,97.000,3.031,2026-06-28 08:29:57.163683
6069,15,55.000,3.667,2026-06-28 08:29:57.163683
6070,66,205.000,3.106,2026-06-28 08:29:57.163683
6071,18,53.500,2.972,2026-06-28 08:29:57.163683
6072,61,213.500,3.500,2026-06-28 08:29:57.163683
6073,40,145.000,3.625,2026-06-28 08:29:57.163683
6074,16,46.500,2.906,2026-06-28 08:29:57.163683
6075,36,128.500,3.569,2026-06-28 08:29:57.163683
6076,55,176.500,3.209,2026-06-28 08:29:57.163683
6077,203,735.000,3.621,2026-06-28 08:29:57.163683
6078,612,1810.000,2.958,2026-06-28 08:29:57.163683
6080,26,54.500,2.096,2026-06-28 08:29:57.163683
6081,31,85.000,2.742,2026-06-28 08:29:57.163683
6082,175,649.500,3.711,2026-06-28 08:29:57.163683
6083,49,161.500,3.296,2026-06-28 08:29:57.163683
6084,94,278.000,2.957,2026-06-28 08:29:57.163683
6085,8,18.500,2.313,2026-06-28 08:29:57.163683
6086,39,121.000,3.103,2026-06-28 08:29:57.163683
6087,49,158.500,3.235,2026-06-28 08:29:57.163683
6088,37,92.500,2.500,2026-06-28 08:29:57.163683
6089,30,72.500,2.417,2026-06-28 08:29:57.163683
6090,45,142.500,3.167,2026-06-28 08:29:57.163683
6091,56,191.000,3.411,2026-06-28 08:29:57.163683
6092,142,389.500,2.743,2026-06-28 08:29:57.163683
6093,1077,3918.500,3.638,2026-06-28 08:29:57.163683
6094,199,626.000,3.146,2026-06-28 08:29:57.163683
6095,24,66.500,2.771,2026-06-28 08:29:57.163683
6096,49,139.500,2.847,2026-06-28 08:29:57.163683
6097,14,35.000,2.500,2026-06-28 08:29:57.163683
6098,12,42.500,3.542,2026-06-28 08:29:57.163683
6099,70,136.500,1.950,2026-06-28 08:29:57.163683
6100,431,1425.500,3.307,2026-06-28 08:29:57.163683
6101,428,1623.000,3.792,2026-06-28 08:29:57.163683
6102,96,313.500,3.266,2026-06-28 08:29:57.163683
6103,27,73.000,2.704,2026-06-28 08:29:57.163683
6104,2446,9597.500,3.924,2026-06-28 08:29:57.163683
6105,141,485.500,3.443,2026-06-28 08:29:57.163683
6106,9,24.000,2.667,2026-06-28 08:29:57.163683
6107,143,536.000,3.748,2026-06-28 08:29:57.163683
6108,32,110.500,3.453,2026-06-28 08:29:57.163683
6109,94,278.500,2.963,2026-06-28 08:29:57.163683
6110,19,51.500,2.711,2026-06-28 08:29:57.163683
6111,44,121.000,2.750,2026-06-28 08:29:57.163683
6112,15,34.500,2.300,2026-06-28 08:29:57.163683
6113,30,91.000,3.033,2026-06-28 08:29:57.163683
6114,80,259.500,3.244,2026-06-28 08:29:57.163683
6115,142,418.000,2.944,2026-06-28 08:29:57.163683
6116,158,421.000,2.665,2026-06-28 08:29:57.163683
6117,17,48.000,2.824,2026-06-28 08:29:57.163683
6118,97,370.000,3.814,2026-06-28 08:29:57.163683
6119,85,313.000,3.682,2026-06-28 08:29:57.163683
6120,109,303.000,2.780,2026-06-28 08:29:57.163683
6121,77,231.000,3.000,2026-06-28 08:29:57.163683
6122,556,2129.000,3.829,2026-06-28 08:29:57.163683
6123,205,813.500,3.968,2026-06-28 08:29:57.163683
6124,140,463.500,3.311,2026-06-28 08:29:57.163683
6125,298,1098.000,3.685,2026-06-28 08:29:57.163683
6126,152,581.500,3.826,2026-06-28 08:29:57.163683
6127,110,401.500,3.650,2026-06-28 08:29:57.163683
6128,76,199.000,2.618,2026-06-28 08:29:57.163683
6129,42,102.000,2.429,2026-06-28 08:29:57.163683
6130,38,101.500,2.671,2026-06-28 08:29:57.163683
6131,41,108.500,2.646,2026-06-28 08:29:57.163683
6132,73,218.000,2.986,2026-06-28 08:29:57.163683
6133,33,116.500,3.530,2026-06-28 08:29:57.163683
6134,74,240.500,3.250,2026-06-28 08:29:57.163683
6135,67,215.500,3.216,2026-06-28 08:29:57.163683
6136,27,94.500,3.500,2026-06-28 08:29:57.163683
6137,23,55.500,2.413,2026-06-28 08:29:57.163683
6138,18,55.000,3.056,2026-06-28 08:29:57.163683
6139,55,178.500,3.245,2026-06-28 08:29:57.163683
6140,227,804.000,3.542,2026-06-28 08:29:57.163683
6141,149,380.500,2.554,2026-06-28 08:29:57.163683
6142,19,30.500,1.605,2026-06-28 08:29:57.163683
6143,315,866.500,2.751,2026-06-28 08:29:57.163683
6144,70,268.000,3.829,2026-06-28 08:29:57.163683
6145,26,66.000,2.538,2026-06-28 08:29:57.163683
6146,16,51.000,3.188,2026-06-28 08:29:57.163683
6147,57,205.500,3.605,2026-06-28 08:29:57.163683
6148,106,352.000,3.321,2026-06-28 08:29:57.163683
6149,18,53.000,2.944,2026-06-28 08:29:57.163683
6150,20,52.000,2.600,2026-06-28 08:29:57.163683
6151,35,130.500,3.729,2026-06-28 08:29:57.163683
6152,87,169.000,1.943,2026-06-28 08:29:57.163683
6153,280,614.500,2.195,2026-06-28 08:29:57.163683
6154,119,324.000,2.723,2026-06-28 08:29:57.163683
6155,3546,11194.000,3.157,2026-06-28 08:29:57.163683
6156,2561,7974.500,3.114,2026-06-28 08:29:57.163683
6157,4896,12820.000,2.618,2026-06-28 08:29:57.163683
6158,252,589.000,2.337,2026-06-28 08:29:57.163683
6159,386,1374.000,3.560,2026-06-28 08:29:57.163683
6160,74,264.000,3.568,2026-06-28 08:29:57.163683
6161,43,135.500,3.151,2026-06-28 08:29:57.163683
6162,274,848.000,3.095,2026-06-28 08:29:57.163683
6163,467,1703.000,3.647,2026-06-28 08:29:57.163683
6164,17,47.500,2.794,2026-06-28 08:29:57.163683
6166,1153,2685.500,2.329,2026-06-28 08:29:57.163683
6167,12,37.500,3.125,2026-06-28 08:29:57.163683
6168,93,250.500,2.694,2026-06-28 08:29:57.163683
6169,116,342.500,2.953,2026-06-28 08:29:57.163683
6170,915,3308.500,3.616,2026-06-28 08:29:57.163683
6171,10,31.000,3.100,2026-06-28 08:29:57.163683
6172,32,75.500,2.359,2026-06-28 08:29:57.163683
6173,101,355.500,3.520,2026-06-28 08:29:57.163683
6174,47,107.000,2.277,2026-06-28 08:29:57.163683
6175,11,22.000,2.000,2026-06-28 08:29:57.163683
6176,111,342.000,3.081,2026-06-28 08:29:57.163683
6177,71,213.000,3.000,2026-06-28 08:29:57.163683
6178,235,914.000,3.889,2026-06-28 08:29:57.163683
6179,56,184.000,3.286,2026-06-28 08:29:57.163683
6180,105,329.500,3.138,2026-06-28 08:29:57.163683
6181,150,522.000,3.480,2026-06-28 08:29:57.163683
6182,83,292.500,3.524,2026-06-28 08:29:57.163683
6183,802,2981.500,3.718,2026-06-28 08:29:57.163683
6184,1204,4037.500,3.353,2026-06-28 08:29:57.163683
6185,431,1359.500,3.154,2026-06-28 08:29:57.163683
6186,327,938.000,2.869,2026-06-28 08:29:57.163683
6187,1997,7245.000,3.628,2026-06-28 08:29:57.163683
6188,5488,19938.000,3.633,2026-06-28 08:29:57.163683
6190,83,281.500,3.392,2026-06-28 08:29:57.163683
6191,26,90.000,3.462,2026-06-28 08:29:57.163683
6192,144,530.000,3.681,2026-06-28 08:29:57.163683
6193,326,1142.000,3.503,2026-06-28 08:29:57.163683
6194,41,125.500,3.061,2026-06-28 08:29:57.163683
6195,148,555.500,3.753,2026-06-28 08:29:57.163683
6196,521,1450.000,2.783,2026-06-28 08:29:57.163683
6197,1030,3525.500,3.423,2026-06-28 08:29:57.163683
6198,70,237.500,3.393,2026-06-28 08:29:57.163683
6199,10,23.500,2.350,2026-06-28 08:29:57.163683
6200,73,259.000,3.548,2026-06-28 08:29:57.163683
6201,258,921.000,3.570,2026-06-28 08:29:57.163683
6202,129,455.000,3.527,2026-06-28 08:29:57.163683
6203,181,470.000,2.597,2026-06-28 08:29:57.163683
6204,204,454.500,2.228,2026-06-28 08:29:57.163683
6205,43,121.000,2.814,2026-06-28 08:29:57.163683
6206,51,180.500,3.539,2026-06-28 08:29:57.163683
6207,49,139.000,2.837,2026-06-28 08:29:57.163683
6208,90,177.500,1.972,2026-06-28 08:29:57.163683
6210,98,308.500,3.148,2026-06-28 08:29:57.163683
6211,102,364.000,3.569,2026-06-28 08:29:57.163683
6212,1079,3025.000,2.804,2026-06-28 08:29:57.163683
6213,1462,4640.000,3.174,2026-06-28 08:29:57.163683
6214,1252,4478.000,3.577,2026-06-28 08:29:57.163683
6215,593,2024.500,3.414,2026-06-28 08:29:57.163683
6216,674,2620.500,3.888,2026-06-28 08:29:57.163683
6217,147,490.000,3.333,2026-06-28 08:29:57.163683
6218,7308,26110.000,3.573,2026-06-28 08:29:57.163683
6219,601,1717.500,2.858,2026-06-28 08:29:57.163683
6220,493,1392.500,2.825,2026-06-28 08:29:57.163683
6221,58,173.000,2.983,2026-06-28 08:29:57.163683
6222,252,772.500,3.065,2026-06-28 08:29:57.163683
6223,649,2204.000,3.396,2026-06-28 08:29:57.163683
6224,12,33.500,2.792,2026-06-28 08:29:57.163683
6225,73,225.000,3.082,2026-06-28 08:29:57.163683
6226,126,462.500,3.671,2026-06-28 08:29:57.163683
6227,18,54.000,3.000,2026-06-28 08:29:57.163683
6228,218,821.000,3.766,2026-06-28 08:29:57.163683
6229,160,584.000,3.650,2026-06-28 08:29:57.163683
6230,315,1167.500,3.706,2026-06-28 08:29:57.163683
6231,121,407.000,3.364,2026-06-28 08:29:57.163683
6232,334,1143.000,3.422,2026-06-28 08:29:57.163683
6233,215,599.500,2.788,2026-06-28 08:29:57.163683
6234,156,538.500,3.452,2026-06-28 08:29:57.163683
6235,909,3608.500,3.970,2026-06-28 08:29:57.163683
6236,59,204.500,3.466,2026-06-28 08:29:57.163683
6237,315,1156.500,3.671,2026-06-28 08:29:57.163683
6238,1260,3743.500,2.971,2026-06-28 08:29:57.163683
6239,675,2308.500,3.420,2026-06-28 08:29:57.163683
6240,113,324.500,2.872,2026-06-28 08:29:57.163683
6241,154,546.000,3.545,2026-06-28 08:29:57.163683
6242,2561,9267.500,3.619,2026-06-28 08:29:57.163683
6243,362,1122.000,3.099,2026-06-28 08:29:57.163683
6244,337,1297.500,3.850,2026-06-28 08:29:57.163683
6245,162,531.000,3.278,2026-06-28 08:29:57.163683
6246,23,70.500,3.065,2026-06-28 08:29:57.163683
6247,184,685.000,3.723,2026-06-28 08:29:57.163683
6248,50,154.500,3.090,2026-06-28 08:29:57.163683
6249,341,786.000,2.305,2026-06-28 08:29:57.163683
6250,1572,4146.500,2.638,2026-06-28 08:29:57.163683
6251,185,466.500,2.522,2026-06-28 08:29:57.163683
6252,544,1484.500,2.729,2026-06-28 08:29:57.163683
6254,590,2313.500,3.921,2026-06-28 08:29:57.163683
6255,65,176.500,2.715,2026-06-28 08:29:57.163683
6256,29,94.000,3.241,2026-06-28 08:29:57.163683
6257,101,312.500,3.094,2026-06-28 08:29:57.163683
6258,70,235.000,3.357,2026-06-28 08:29:57.163683
6259,91,283.000,3.110,2026-06-28 08:29:57.163683
6260,162,502.000,3.099,2026-06-28 08:29:57.163683
6261,83,269.000,3.241,2026-06-28 08:29:57.163683
6262,31,100.500,3.242,2026-06-28 08:29:57.163683
6263,981,3095.500,3.155,2026-06-28 08:29:57.163683
6264,1676,4369.000,2.607,2026-06-28 08:29:57.163683
6265,474,1291.000,2.724,2026-06-28 08:29:57.163683
6266,902,2815.500,3.121,2026-06-28 08:29:57.163683
6267,89,260.500,2.927,2026-06-28 08:29:57.163683
6268,452,1676.500,3.709,2026-06-28 08:29:57.163683
6269,349,1355.000,3.883,2026-06-28 08:29:57.163683
6270,675,2634.500,3.903,2026-06-28 08:29:57.163683
6271,493,1952.500,3.960,2026-06-28 08:29:57.163683
6272,49,166.500,3.398,2026-06-28 08:29:57.163683
6273,390,1549.500,3.973,2026-06-28 08:29:57.163683
6274,21,49.500,2.357,2026-06-28 08:29:57.163683
6275,18,43.500,2.417,2026-06-28 08:29:57.163683
6276,44,142.500,3.239,2026-06-28 08:29:57.163683
6277,36,120.000,3.333,2026-06-28 08:29:57.163683
6278,20,66.000,3.300,2026-06-28 08:29:57.163683
6279,427,1441.500,3.376,2026-06-28 08:29:57.163683
6280,479,1355.500,2.830,2026-06-28 08:29:57.163683
6281,5101,17118.500,3.356,2026-06-28 08:29:57.163683
6282,8,16.500,2.063,2026-06-28 08:29:57.163683
6283,2682,10386.000,3.872,2026-06-28 08:29:57.163683
6284,39,92.500,2.372,2026-06-28 08:29:57.163683
6285,108,353.500,3.273,2026-06-28 08:29:57.163683
6286,1274,4919.500,3.861,2026-06-28 08:29:57.163683
6287,4157,12282.000,2.955,2026-06-28 08:29:57.163683
6288,493,1736.500,3.522,2026-06-28 08:29:57.163683
6289,150,486.000,3.240,2026-06-28 08:29:57.163683
6290,870,2484.000,2.855,2026-06-28 08:29:57.163683
6291,982,3751.500,3.820,2026-06-28 08:29:57.163683
6292,20,68.000,3.400,2026-06-28 08:29:57.163683
6293,101,293.500,2.906,2026-06-28 08:29:57.163683
6294,1554,4383.500,2.821,2026-06-28 08:29:57.163683
6295,75,179.500,2.393,2026-06-28 08:29:57.163683
6296,3058,11250.000,3.679,2026-06-28 08:29:57.163683
6297,2354,8347.500,3.546,2026-06-28 08:29:57.163683
6298,401,952.000,2.374,2026-06-28 08:29:57.163683
6299,1291,5060.500,3.920,2026-06-28 08:29:57.163683
6300,275,1049.000,3.815,2026-06-28 08:29:57.163683
6301,1074,4014.500,3.738,2026-06-28 08:29:57.163683
6302,33,73.500,2.227,2026-06-28 08:29:57.163683
6303,1820,6629.000,3.642,2026-06-28 08:29:57.163683
6304,153,430.000,2.810,2026-06-28 08:29:57.163683
6305,1586,5726.000,3.610,2026-06-28 08:29:57.163683
6306,284,1086.500,3.826,2026-06-28 08:29:57.163683
6307,39,134.000,3.436,2026-06-28 08:29:57.163683
6308,468,1308.000,2.795,2026-06-28 08:29:57.163683
6309,21,52.000,2.476,2026-06-28 08:29:57.163683
6310,28,74.500,2.661,2026-06-28 08:29:57.163683
6311,126,431.000,3.421,2026-06-28 08:29:57.163683
6312,78,262.500,3.365,2026-06-28 08:29:57.163683
6313,77,204.000,2.649,2026-06-28 08:29:57.163683
6314,190,580.500,3.055,2026-06-28 08:29:57.163683
6315,367,1052.000,2.866,2026-06-28 08:29:57.163683
6316,502,1262.000,2.514,2026-06-28 08:29:57.163683
6317,17,52.000,3.059,2026-06-28 08:29:57.163683
6318,132,381.000,2.886,2026-06-28 08:29:57.163683
6319,281,786.000,2.797,2026-06-28 08:29:57.163683
6320,195,493.000,2.528,2026-06-28 08:29:57.163683
6321,58,153.000,2.638,2026-06-28 08:29:57.163683
6322,1042,3614.000,3.468,2026-06-28 08:29:57.163683
6323,4874,17466.500,3.584,2026-06-28 08:29:57.163683
6324,89,230.000,2.584,2026-06-28 08:29:57.163683
6325,219,417.500,1.906,2026-06-28 08:29:57.163683
6326,107,328.500,3.070,2026-06-28 08:29:57.163683
6327,258,927.500,3.595,2026-06-28 08:29:57.163683
6328,42,136.500,3.250,2026-06-28 08:29:57.163683
6329,177,623.500,3.523,2026-06-28 08:29:57.163683
6330,120,350.500,2.921,2026-06-28 08:29:57.163683
6331,2888,11522.000,3.990,2026-06-28 08:29:57.163683
6332,517,1332.500,2.577,2026-06-28 08:29:57.163683
6333,15573,57328.000,3.681,2026-06-28 08:29:57.163683
6334,172,588.500,3.422,2026-06-28 08:29:57.163683
6335,354,1287.000,3.636,2026-06-28 08:29:57.163683
6336,29,90.000,3.103,2026-06-28 08:29:57.163683
6337,529,1844.000,3.486,2026-06-28 08:29:57.163683
6338,968,2625.500,2.712,2026-06-28 08:29:57.163683
6339,427,1597.500,3.741,2026-06-28 08:29:57.163683
6340,8,18.500,2.313,2026-06-28 08:29:57.163683
6341,397,1362.000,3.431,2026-06-28 08:29:57.163683
6342,48,167.000,3.479,2026-06-28 08:29:57.163683
6343,17,55.000,3.235,2026-06-28 08:29:57.163683
6344,452,1617.000,3.577,2026-06-28 08:29:57.163683
6345,483,1548.500,3.206,2026-06-28 08:29:57.163683
6346,112,310.000,2.768,2026-06-28 08:29:57.163683
6347,79,243.500,3.082,2026-06-28 08:29:57.163683
6348,181,387.000,2.138,2026-06-28 08:29:57.163683
6349,174,449.500,2.583,2026-06-28 08:29:57.163683
6350,3537,14367.000,4.062,2026-06-28 08:29:57.163683
6351,130,388.000,2.985,2026-06-28 08:29:57.163683
6352,122,220.000,1.803,2026-06-28 08:29:57.163683
6353,26,46.500,1.788,2026-06-28 08:29:57.163683
6354,49,147.000,3.000,2026-06-28 08:29:57.163683
6355,49,141.000,2.878,2026-06-28 08:29:57.163683
6356,376,1330.500,3.539,2026-06-28 08:29:57.163683
6357,450,1652.500,3.672,2026-06-28 08:29:57.163683
6358,339,1203.500,3.550,2026-06-28 08:29:57.163683
6365,17003,56048.500,3.296,2026-06-28 08:29:57.163683
6366,92,287.000,3.120,2026-06-28 08:29:57.163683
6367,1693,5420.500,3.202,2026-06-28 08:29:57.163683
6368,243,893.500,3.677,2026-06-28 08:29:57.163683
6369,24,60.500,2.521,2026-06-28 08:29:57.163683
6370,1126,4289.000,3.809,2026-06-28 08:29:57.163683
6371,325,379.500,1.168,2026-06-28 08:29:57.163683
6373,9159,29444.500,3.215,2026-06-28 08:29:57.163683
6374,447,1290.000,2.886,2026-06-28 08:29:57.163683
6375,216,834.000,3.861,2026-06-28 08:29:57.163683
6376,77,267.000,3.468,2026-06-28 08:29:57.163683
6377,23569,91594.500,3.886,2026-06-28 08:29:57.163683
6378,9574,34212.500,3.573,2026-06-28 08:29:57.163683
6379,762,2084.000,2.735,2026-06-28 08:29:57.163683
6380,1768,6974.000,3.945,2026-06-28 08:29:57.163683
6381,9,22.500,2.500,2026-06-28 08:29:57.163683
6382,155,575.000,3.710,2026-06-28 08:29:57.163683
6383,3706,9242.500,2.494,2026-06-28 08:29:57.163683
6384,41,121.500,2.963,2026-06-28 08:29:57.163683
6385,3589,13928.500,3.881,2026-06-28 08:29:57.163683
6386,90,285.000,3.167,2026-06-28 08:29:57.163683
6387,230,782.500,3.402,2026-06-28 08:29:57.163683
6388,42,148.500,3.536,2026-06-28 08:29:57.163683
6390,100,330.500,3.305,2026-06-28 08:29:57.163683
6391,50,162.000,3.240,2026-06-28 08:29:57.163683
6392,256,843.000,3.293,2026-06-28 08:29:57.163683
6393,5,14.000,2.800,2026-06-28 08:29:57.163683
6394,183,629.000,3.437,2026-06-28 08:29:57.163683
6395,131,431.500,3.294,2026-06-28 08:29:57.163683
6396,96,279.500,2.911,2026-06-28 08:29:57.163683
6397,13,46.000,3.538,2026-06-28 08:29:57.163683
6398,86,281.500,3.273,2026-06-28 08:29:57.163683
6400,157,597.500,3.806,2026-06-28 08:29:57.163683
6401,163,539.500,3.310,2026-06-28 08:29:57.163683
6402,21,66.500,3.167,2026-06-28 08:29:57.163683
6403,137,478.000,3.489,2026-06-28 08:29:57.163683
6404,85,302.000,3.553,2026-06-28 08:29:57.163683
6405,375,1327.500,3.540,2026-06-28 08:29:57.163683
6406,61,178.500,2.926,2026-06-28 08:29:57.163683
6407,72,245.000,3.403,2026-06-28 08:29:57.163683
6408,63,227.500,3.611,2026-06-28 08:29:57.163683
6409,102,363.500,3.564,2026-06-28 08:29:57.163683
6410,218,624.000,2.862,2026-06-28 08:29:57.163683
6411,29,96.500,3.328,2026-06-28 08:29:57.163683
6412,320,1198.000,3.744,2026-06-28 08:29:57.163683
6413,313,974.000,3.112,2026-06-28 08:29:57.163683
6414,58,178.000,3.069,2026-06-28 08:29:57.163683
6415,36,130.500,3.625,2026-06-28 08:29:57.163683
6416,166,613.000,3.693,2026-06-28 08:29:57.163683
6417,41,121.500,2.963,2026-06-28 08:29:57.163683
6419,160,564.000,3.525,2026-06-28 08:29:57.163683
6420,10,31.500,3.150,2026-06-28 08:29:57.163683
6421,34,99.000,2.912,2026-06-28 08:29:57.163683
6422,268,992.000,3.701,2026-06-28 08:29:57.163683
6423,142,373.500,2.630,2026-06-28 08:29:57.163683
6424,380,1059.000,2.787,2026-06-28 08:29:57.163683
6425,361,998.000,2.765,2026-06-28 08:29:57.163683
6426,86,294.500,3.424,2026-06-28 08:29:57.163683
6427,128,426.000,3.328,2026-06-28 08:29:57.163683
6428,666,2335.000,3.506,2026-06-28 08:29:57.163683
6429,258,959.500,3.719,2026-06-28 08:29:57.163683
6430,163,562.000,3.448,2026-06-28 08:29:57.163683
6431,40,120.000,3.000,2026-06-28 08:29:57.163683
6432,75,229.000,3.053,2026-06-28 08:29:57.163683
6433,436,1728.500,3.964,2026-06-28 08:29:57.163683
6434,49,164.500,3.357,2026-06-28 08:29:57.163683
6435,32,101.000,3.156,2026-06-28 08:29:57.163683
6436,752,2707.000,3.600,2026-06-28 08:29:57.163683
6437,78,272.000,3.487,2026-06-28 08:29:57.163683
6438,42,137.500,3.274,2026-06-28 08:29:57.163683
6439,40,139.500,3.488,2026-06-28 08:29:57.163683
6440,3591,13692.000,3.813,2026-06-28 08:29:57.163683
6441,290,1026.500,3.540,2026-06-28 08:29:57.163683
6442,437,1625.000,3.719,2026-06-28 08:29:57.163683
6443,25,80.500,3.220,2026-06-28 08:29:57.163683
6445,52,171.000,3.288,2026-06-28 08:29:57.163683
6446,117,391.500,3.346,2026-06-28 08:29:57.163683
6447,39,115.000,2.949,2026-06-28 08:29:57.163683
6448,626,2329.500,3.721,2026-06-28 08:29:57.163683
6449,50,171.500,3.430,2026-06-28 08:29:57.163683
6450,192,707.000,3.682,2026-06-28 08:29:57.163683
6451,114,390.000,3.421,2026-06-28 08:29:57.163683
6452,238,904.500,3.800,2026-06-28 08:29:57.163683
6453,96,326.000,3.396,2026-06-28 08:29:57.163683
6454,203,737.500,3.633,2026-06-28 08:29:57.163683
6455,130,427.500,3.288,2026-06-28 08:29:57.163683
6456,25,80.500,3.220,2026-06-28 08:29:57.163683
6457,229,834.000,3.642,2026-06-28 08:29:57.163683
6458,145,502.000,3.462,2026-06-28 08:29:57.163683
6459,138,489.500,3.547,2026-06-28 08:29:57.163683
6460,478,1853.500,3.878,2026-06-28 08:29:57.163683
6461,1183,4605.000,3.893,2026-06-28 08:29:57.163683
6462,62,200.000,3.226,2026-06-28 08:29:57.163683
6463,48,176.000,3.667,2026-06-28 08:29:57.163683
6464,445,1010.000,2.270,2026-06-28 08:29:57.163683
6465,33,105.500,3.197,2026-06-28 08:29:57.163683
6466,424,1519.000,3.583,2026-06-28 08:29:57.163683
6467,110,421.000,3.827,2026-06-28 08:29:57.163683
6468,107,304.000,2.841,2026-06-28 08:29:57.163683
6469,83,259.000,3.120,2026-06-28 08:29:57.163683
6470,140,459.500,3.282,2026-06-28 08:29:57.163683
6471,48,160.000,3.333,2026-06-28 08:29:57.163683
6472,32,105.000,3.281,2026-06-28 08:29:57.163683
6473,73,206.500,2.829,2026-06-28 08:29:57.163683
6474,43,118.500,2.756,2026-06-28 08:29:57.163683
6475,164,447.500,2.729,2026-06-28 08:29:57.163683
6476,183,613.500,3.352,2026-06-28 08:29:57.163683
6477,179,648.500,3.623,2026-06-28 08:29:57.163683
6478,257,877.000,3.412,2026-06-28 08:29:57.163683
6479,39,117.500,3.013,2026-06-28 08:29:57.163683
6480,250,838.500,3.354,2026-06-28 08:29:57.163683
6481,200,655.500,3.278,2026-06-28 08:29:57.163683
6482,1428,2565.000,1.796,2026-06-28 08:29:57.163683
6483,426,414.500,0.973,2026-06-28 08:29:57.163683
6484,694,1860.000,2.680,2026-06-28 08:29:57.163683
6485,275,618.000,2.247,2026-06-28 08:29:57.163683
6486,89,287.000,3.225,2026-06-28 08:29:57.163683
6487,50,163.500,3.270,2026-06-28 08:29:57.163683
6488,145,428.000,2.952,2026-06-28 08:29:57.163683
6489,6,16.000,2.667,2026-06-28 08:29:57.163683
6490,16,51.000,3.188,2026-06-28 08:29:57.163683
6492,39,124.000,3.179,2026-06-28 08:29:57.163683
6493,587,1557.000,2.652,2026-06-28 08:29:57.163683
6494,13,37.500,2.885,2026-06-28 08:29:57.163683
6495,58,197.500,3.405,2026-06-28 08:29:57.163683
6496,7,20.000,2.857,2026-06-28 08:29:57.163683
6497,58,184.500,3.181,2026-06-28 08:29:57.163683
6498,102,334.500,3.279,2026-06-28 08:29:57.163683
6499,36,122.000,3.389,2026-06-28 08:29:57.163683
6500,85,222.500,2.618,2026-06-28 08:29:57.163683
6502,12170,45667.000,3.752,2026-06-28 08:29:57.163683
6503,4112,10398.000,2.529,2026-06-28 08:29:57.163683
6504,5,12.000,2.400,2026-06-28 08:29:57.163683
6505,69,209.000,3.029,2026-06-28 08:29:57.163683
6506,222,793.500,3.574,2026-06-28 08:29:57.163683
6507,12,35.500,2.958,2026-06-28 08:29:57.163683
6508,133,453.500,3.410,2026-06-28 08:29:57.163683
6509,311,1223.000,3.932,2026-06-28 08:29:57.163683
6510,87,253.500,2.914,2026-06-28 08:29:57.163683
6511,34,124.500,3.662,2026-06-28 08:29:57.163683
6512,48,140.000,2.917,2026-06-28 08:29:57.163683
6513,66,208.000,3.152,2026-06-28 08:29:57.163683
6514,9,11.000,1.222,2026-06-28 08:29:57.163683
6515,61,211.000,3.459,2026-06-28 08:29:57.163683
6516,256,912.500,3.564,2026-06-28 08:29:57.163683
6517,370,1043.500,2.820,2026-06-28 08:29:57.163683
6518,180,531.000,2.950,2026-06-28 08:29:57.163683
6519,191,586.000,3.068,2026-06-28 08:29:57.163683
6520,51,158.000,3.098,2026-06-28 08:29:57.163683
6521,114,295.000,2.588,2026-06-28 08:29:57.163683
6522,67,223.500,3.336,2026-06-28 08:29:57.163683
6523,336,944.000,2.810,2026-06-28 08:29:57.163683
6524,134,484.500,3.616,2026-06-28 08:29:57.163683
6525,204,614.500,3.012,2026-06-28 08:29:57.163683
6526,112,406.000,3.625,2026-06-28 08:29:57.163683
6527,109,389.500,3.573,2026-06-28 08:29:57.163683
6528,120,419.500,3.496,2026-06-28 08:29:57.163683
6529,15,41.000,2.733,2026-06-28 08:29:57.163683
6530,576,2214.000,3.844,2026-06-28 08:29:57.163683
6531,164,563.500,3.436,2026-06-28 08:29:57.163683
6532,32,75.500,2.359,2026-06-28 08:29:57.163683
6533,630,2334.000,3.705,2026-06-28 08:29:57.163683
6534,4844,13021.500,2.688,2026-06-28 08:29:57.163683
6535,2021,4866.500,2.408,2026-06-28 08:29:57.163683
6536,594,1936.500,3.260,2026-06-28 08:29:57.163683
6537,8479,26397.000,3.113,2026-06-28 08:29:57.163683
6538,1401,4792.000,3.420,2026-06-28 08:29:57.163683
6539,25257,97405.500,3.857,2026-06-28 08:29:57.163683
6540,37,122.500,3.311,2026-06-28 08:29:57.163683
6541,4670,12826.500,2.747,2026-06-28 08:29:57.163683
6542,455,1758.500,3.865,2026-06-28 08:29:57.163683
6543,21,69.500,3.310,2026-06-28 08:29:57.163683
6544,79,264.000,3.342,2026-06-28 08:29:57.163683
6545,291,1039.000,3.570,2026-06-28 08:29:57.163683
6546,31,99.000,3.194,2026-06-28 08:29:57.163683
6547,235,723.500,3.079,2026-06-28 08:29:57.163683
6548,2891,8887.000,3.074,2026-06-28 08:29:57.163683
6549,250,694.000,2.776,2026-06-28 08:29:57.163683
6550,1869,5246.500,2.807,2026-06-28 08:29:57.163683
6551,56,155.500,2.777,2026-06-28 08:29:57.163683
6552,2275,8610.500,3.785,2026-06-28 08:29:57.163683
6553,17,47.500,2.794,2026-06-28 08:29:57.163683
6554,95,272.500,2.868,2026-06-28 08:29:57.163683
6555,32,104.500,3.266,2026-06-28 08:29:57.163683
6556,24,72.000,3.000,2026-06-28 08:29:57.163683
6557,61,138.000,2.262,2026-06-28 08:29:57.163683
6558,555,1349.000,2.431,2026-06-28 08:29:57.163683
6559,403,1185.500,2.942,2026-06-28 08:29:57.163683
6560,89,205.500,2.309,2026-06-28 08:29:57.163683
6561,532,1977.500,3.717,2026-06-28 08:29:57.163683
6562,103,345.500,3.354,2026-06-28 08:29:57.163683
6563,76,183.500,2.414,2026-06-28 08:29:57.163683
6564,2820,7706.000,2.733,2026-06-28 08:29:57.163683
6565,4787,17434.500,3.642,2026-06-28 08:29:57.163683
6566,749,1470.500,1.963,2026-06-28 08:29:57.163683
6567,660,2306.000,3.494,2026-06-28 08:29:57.163683
6568,267,868.000,3.251,2026-06-28 08:29:57.163683
6569,47,116.500,2.479,2026-06-28 08:29:57.163683
6570,35,115.000,3.286,2026-06-28 08:29:57.163683
6571,184,688.500,3.742,2026-06-28 08:29:57.163683
6572,69,206.500,2.993,2026-06-28 08:29:57.163683
6573,112,386.000,3.446,2026-06-28 08:29:57.163683
6574,115,248.500,2.161,2026-06-28 08:29:57.163683
6575,64,150.000,2.344,2026-06-28 08:29:57.163683
6576,59,204.000,3.458,2026-06-28 08:29:57.163683
6577,148,271.000,1.831,2026-06-28 08:29:57.163683
6578,58,193.500,3.336,2026-06-28 08:29:57.163683
6579,358,1379.000,3.852,2026-06-28 08:29:57.163683
6580,12,34.000,2.833,2026-06-28 08:29:57.163683
6581,248,871.000,3.512,2026-06-28 08:29:57.163683
6582,516,1625.000,3.149,2026-06-28 08:29:57.163683
6583,158,545.000,3.449,2026-06-28 08:29:57.163683
6584,498,1645.000,3.303,2026-06-28 08:29:57.163683
6585,47,141.000,3.000,2026-06-28 08:29:57.163683
6586,2395,7084.000,2.958,2026-06-28 08:29:57.163683
6587,701,816.000,1.164,2026-06-28 08:29:57.163683
6588,60,200.000,3.333,2026-06-28 08:29:57.163683
6589,6,22.000,3.667,2026-06-28 08:29:57.163683
6590,12,37.500,3.125,2026-06-28 08:29:57.163683
6591,1019,3893.500,3.821,2026-06-28 08:29:57.163683
6592,312,1023.500,3.280,2026-06-28 08:29:57.163683
6593,2514,7971.000,3.171,2026-06-28 08:29:57.163683
6594,9,22.500,2.500,2026-06-28 08:29:57.163683
6595,2564,7674.500,2.993,2026-06-28 08:29:57.163683
6596,422,1105.000,2.618,2026-06-28 08:29:57.163683
6597,142,438.000,3.085,2026-06-28 08:29:57.163683
6598,326,1239.000,3.801,2026-06-28 08:29:57.163683
6599,95,347.500,3.658,2026-06-28 08:29:57.163683
6600,52,158.500,3.048,2026-06-28 08:29:57.163683
6601,82,245.000,2.988,2026-06-28 08:29:57.163683
6602,111,358.000,3.225,2026-06-28 08:29:57.163683
6603,50,171.000,3.420,2026-06-28 08:29:57.163683
6604,34,120.500,3.544,2026-06-28 08:29:57.163683
6605,34,117.000,3.441,2026-06-28 08:29:57.163683
6607,17,53.000,3.118,2026-06-28 08:29:57.163683
6608,10,29.500,2.950,2026-06-28 08:29:57.163683
6609,182,697.000,3.830,2026-06-28 08:29:57.163683
6610,83,280.500,3.380,2026-06-28 08:29:57.163683
6611,375,1490.500,3.975,2026-06-28 08:29:57.163683
6612,372,1452.500,3.905,2026-06-28 08:29:57.163683
6613,110,353.500,3.214,2026-06-28 08:29:57.163683
6614,370,1185.500,3.204,2026-06-28 08:29:57.163683
6615,1479,3690.000,2.495,2026-06-28 08:29:57.163683
6616,101,279.500,2.767,2026-06-28 08:29:57.163683
6617,1328,4789.000,3.606,2026-06-28 08:29:57.163683
6618,2365,8563.000,3.621,2026-06-28 08:29:57.163683
6619,558,1693.000,3.034,2026-06-28 08:29:57.163683
6620,3678,14010.000,3.809,2026-06-28 08:29:57.163683
6621,12,36.500,3.042,2026-06-28 08:29:57.163683
6622,14,37.000,2.643,2026-06-28 08:29:57.163683
6623,42,123.500,2.940,2026-06-28 08:29:57.163683
6624,858,2073.000,2.416,2026-06-28 08:29:57.163683
6625,225,643.000,2.858,2026-06-28 08:29:57.163683
6626,40,112.500,2.813,2026-06-28 08:29:57.163683
6627,17,45.000,2.647,2026-06-28 08:29:57.163683
6628,139,282.500,2.032,2026-06-28 08:29:57.163683
6629,333,1078.000,3.237,2026-06-28 08:29:57.163683
6630,166,607.500,3.660,2026-06-28 08:29:57.163683
6631,99,226.000,2.283,2026-06-28 08:29:57.163683
6632,16,49.500,3.094,2026-06-28 08:29:57.163683
6633,10,26.000,2.600,2026-06-28 08:29:57.163683
6634,11,25.500,2.318,2026-06-28 08:29:57.163683
6635,62,186.500,3.008,2026-06-28 08:29:57.163683
6636,893,3219.000,3.605,2026-06-28 08:29:57.163683
6637,36,112.000,3.111,2026-06-28 08:29:57.163683
6638,417,1365.500,3.275,2026-06-28 08:29:57.163683
6639,1152,4543.500,3.944,2026-06-28 08:29:57.163683
6640,15,52.500,3.500,2026-06-28 08:29:57.163683
6641,131,452.000,3.450,2026-06-28 08:29:57.163683
6642,149,395.500,2.654,2026-06-28 08:29:57.163683
6643,621,2516.500,4.052,2026-06-28 08:29:57.163683
6644,79,289.000,3.658,2026-06-28 08:29:57.163683
6645,1152,3979.500,3.454,2026-06-28 08:29:57.163683
6646,189,563.000,2.979,2026-06-28 08:29:57.163683
6647,37,116.000,3.135,2026-06-28 08:29:57.163683
6648,52,164.500,3.163,2026-06-28 08:29:57.163683
6649,69,251.500,3.645,2026-06-28 08:29:57.163683
6650,871,3543.000,4.068,2026-06-28 08:29:57.163683
6651,58,144.000,2.483,2026-06-28 08:29:57.163683
6652,151,490.000,3.245,2026-06-28 08:29:57.163683
6653,123,346.000,2.813,2026-06-28 08:29:57.163683
6654,15,44.500,2.967,2026-06-28 08:29:57.163683
6655,27,80.000,2.963,2026-06-28 08:29:57.163683
6656,40,100.000,2.500,2026-06-28 08:29:57.163683
6657,90,268.500,2.983,2026-06-28 08:29:57.163683
6658,761,2192.000,2.880,2026-06-28 08:29:57.163683
6659,3201,10671.000,3.334,2026-06-28 08:29:57.163683
6660,442,1744.500,3.947,2026-06-28 08:29:57.163683
6661,10,36.000,3.600,2026-06-28 08:29:57.163683
6662,2524,9413.000,3.729,2026-06-28 08:29:57.163683
6663,1349,4888.500,3.624,2026-06-28 08:29:57.163683
6664,1658,5115.500,3.085,2026-06-28 08:29:57.163683
6665,189,572.000,3.026,2026-06-28 08:29:57.163683
6666,896,3538.000,3.949,2026-06-28 08:29:57.163683
6667,317,1221.000,3.852,2026-06-28 08:29:57.163683
6668,344,1336.500,3.885,2026-06-28 08:29:57.163683
6669,1118,4611.000,4.124,2026-06-28 08:29:57.163683
6670,92,254.500,2.766,2026-06-28 08:29:57.163683
6671,191,711.500,3.725,2026-06-28 08:29:57.163683
6672,208,801.000,3.851,2026-06-28 08:29:57.163683
6673,37,118.000,3.189,2026-06-28 08:29:57.163683
6674,8,21.000,2.625,2026-06-28 08:29:57.163683
6675,8,22.500,2.813,2026-06-28 08:29:57.163683
6676,86,327.000,3.802,2026-06-28 08:29:57.163683
6677,8,17.000,2.125,2026-06-28 08:29:57.163683
6678,407,1287.500,3.163,2026-06-28 08:29:57.163683
6679,189,696.000,3.683,2026-06-28 08:29:57.163683
6680,88,282.000,3.205,2026-06-28 08:29:57.163683
6681,53,177.500,3.349,2026-06-28 08:29:57.163683
6682,72,262.000,3.639,2026-06-28 08:29:57.163683
6683,120,444.500,3.704,2026-06-28 08:29:57.163683
6684,202,707.000,3.500,2026-06-28 08:29:57.163683
6685,48,98.500,2.052,2026-06-28 08:29:57.163683
6686,485,1259.500,2.597,2026-06-28 08:29:57.163683
6687,357,867.000,2.429,2026-06-28 08:29:57.163683
6688,39,138.500,3.551,2026-06-28 08:29:57.163683
6689,97,280.000,2.887,2026-06-28 08:29:57.163683
6690,87,285.000,3.276,2026-06-28 08:29:57.163683
6691,12,43.500,3.625,2026-06-28 08:29:57.163683
6692,79,278.500,3.525,2026-06-28 08:29:57.163683
6693,6,19.500,3.250,2026-06-28 08:29:57.163683
6694,11,32.500,2.955,2026-06-28 08:29:57.163683
6695,669,1599.500,2.391,2026-06-28 08:29:57.163683
6696,143,448.000,3.133,2026-06-28 08:29:57.163683
6697,5,13.500,2.700,2026-06-28 08:29:57.163683
6698,9,19.000,2.111,2026-06-28 08:29:57.163683
6699,80,256.000,3.200,2026-06-28 08:29:57.163683
6700,66,206.000,3.121,2026-06-28 08:29:57.163683
6701,77,263.000,3.416,2026-06-28 08:29:57.163683
6702,354,945.000,2.669,2026-06-28 08:29:57.163683
6703,323,840.000,2.601,2026-06-28 08:29:57.163683
6704,45,148.000,3.289,2026-06-28 08:29:57.163683
6705,290,963.000,3.321,2026-06-28 08:29:57.163683
6706,30,100.000,3.333,2026-06-28 08:29:57.163683
6707,1082,2931.500,2.709,2026-06-28 08:29:57.163683
6708,4936,18040.500,3.655,2026-06-28 08:29:57.163683
6709,3117,9875.000,3.168,2026-06-28 08:29:57.163683
6710,309,1097.500,3.552,2026-06-28 08:29:57.163683
6711,15739,60015.500,3.813,2026-06-28 08:29:57.163683
6712,10,27.500,2.750,2026-06-28 08:29:57.163683
6713,493,1883.000,3.819,2026-06-28 08:29:57.163683
6714,123,425.000,3.455,2026-06-28 08:29:57.163683
6715,17,38.000,2.235,2026-06-28 08:29:57.163683
6716,35,88.500,2.529,2026-06-28 08:29:57.163683
6717,46,173.500,3.772,2026-06-28 08:29:57.163683
6718,182,534.000,2.934,2026-06-28 08:29:57.163683
6719,41,96.000,2.341,2026-06-28 08:29:57.163683
6720,245,630.500,2.573,2026-06-28 08:29:57.163683
6721,919,3429.000,3.731,2026-06-28 08:29:57.163683
6722,378,1383.000,3.659,2026-06-28 08:29:57.163683
6723,175,607.000,3.469,2026-06-28 08:29:57.163683
6724,1270,4934.500,3.885,2026-06-28 08:29:57.163683
6725,303,710.000,2.343,2026-06-28 08:29:57.163683
6726,16,49.500,3.094,2026-06-28 08:29:57.163683
6727,159,577.500,3.632,2026-06-28 08:29:57.163683
6728,40,132.000,3.300,2026-06-28 08:29:57.163683
6729,49,146.500,2.990,2026-06-28 08:29:57.163683
6730,198,549.000,2.773,2026-06-28 08:29:57.163683
6731,1173,4172.500,3.557,2026-06-28 08:29:57.163683
6732,433,1435.500,3.315,2026-06-28 08:29:57.163683
6733,23,77.000,3.348,2026-06-28 08:29:57.163683
6734,457,1284.500,2.811,2026-06-28 08:29:57.163683
6735,240,760.000,3.167,2026-06-28 08:29:57.163683
6736,59,187.500,3.178,2026-06-28 08:29:57.163683
6737,26,64.500,2.481,2026-06-28 08:29:57.163683
6738,11,30.500,2.773,2026-06-28 08:29:57.163683
6739,28,73.000,2.607,2026-06-28 08:29:57.163683
6740,68,135.500,1.993,2026-06-28 08:29:57.163683
6741,66,194.500,2.947,2026-06-28 08:29:57.163683
6742,26,62.000,2.385,2026-06-28 08:29:57.163683
6743,884,3133.500,3.545,2026-06-28 08:29:57.163683
6744,400,1002.000,2.505,2026-06-28 08:29:57.163683
6745,57,136.500,2.395,2026-06-28 08:29:57.163683
6746,69,153.000,2.217,2026-06-28 08:29:57.163683
6747,116,373.500,3.220,2026-06-28 08:29:57.163683
6748,326,1127.000,3.457,2026-06-28 08:29:57.163683
6749,139,485.000,3.489,2026-06-28 08:29:57.163683
6750,447,1374.000,3.074,2026-06-28 08:29:57.163683
6751,354,840.500,2.374,2026-06-28 08:29:57.163683
6752,103,293.500,2.850,2026-06-28 08:29:57.163683
6753,2112,7913.500,3.747,2026-06-28 08:29:57.163683
6754,4200,13959.000,3.324,2026-06-28 08:29:57.163683
6755,1949,6848.500,3.514,2026-06-28 08:29:57.163683
6756,126,425.500,3.377,2026-06-28 08:29:57.163683
6757,105,296.000,2.819,2026-06-28 08:29:57.163683
6759,45,136.500,3.033,2026-06-28 08:29:57.163683
6760,88,326.500,3.710,2026-06-28 08:29:57.163683
6761,79,286.500,3.627,2026-06-28 08:29:57.163683
6762,98,344.000,3.510,2026-06-28 08:29:57.163683
6763,707,1971.500,2.789,2026-06-28 08:29:57.163683
6764,1421,4832.500,3.401,2026-06-28 08:29:57.163683
6765,1444,4897.000,3.391,2026-06-28 08:29:57.163683
6767,6,12.500,2.083,2026-06-28 08:29:57.163683
6768,353,1262.000,3.575,2026-06-28 08:29:57.163683
6769,131,408.000,3.115,2026-06-28 08:29:57.163683
6770,589,2217.000,3.764,2026-06-28 08:29:57.163683
6771,95,211.500,2.226,2026-06-28 08:29:57.163683
6772,386,1490.000,3.860,2026-06-28 08:29:57.163683
6773,3330,12882.000,3.868,2026-06-28 08:29:57.163683
6774,1724,6337.000,3.676,2026-06-28 08:29:57.163683
6775,82,302.500,3.689,2026-06-28 08:29:57.163683
6776,676,2609.000,3.859,2026-06-28 08:29:57.163683
6777,853,3375.500,3.957,2026-06-28 08:29:57.163683
6778,18,60.500,3.361,2026-06-28 08:29:57.163683
6779,326,1146.500,3.517,2026-06-28 08:29:57.163683
6780,498,1915.500,3.846,2026-06-28 08:29:57.163683
6781,81,243.500,3.006,2026-06-28 08:29:57.163683
6782,264,841.500,3.188,2026-06-28 08:29:57.163683
6783,750,3043.500,4.058,2026-06-28 08:29:57.163683
6784,197,683.000,3.467,2026-06-28 08:29:57.163683
6785,847,2981.500,3.520,2026-06-28 08:29:57.163683
6786,788,2991.500,3.796,2026-06-28 08:29:57.163683
6787,4390,17731.500,4.039,2026-06-28 08:29:57.163683
6788,95,233.000,2.453,2026-06-28 08:29:57.163683
6789,281,1019.000,3.626,2026-06-28 08:29:57.163683
6790,566,1971.500,3.483,2026-06-28 08:29:57.163683
6791,1178,4652.000,3.949,2026-06-28 08:29:57.163683
6792,87,279.000,3.207,2026-06-28 08:29:57.163683
6793,1383,3430.000,2.480,2026-06-28 08:29:57.163683
6794,925,1824.000,1.972,2026-06-28 08:29:57.163683
6795,90,246.000,2.733,2026-06-28 08:29:57.163683
6796,3830,14390.500,3.757,2026-06-28 08:29:57.163683
6797,589,1908.500,3.240,2026-06-28 08:29:57.163683
6798,292,934.500,3.200,2026-06-28 08:29:57.163683
6799,17,48.000,2.824,2026-06-28 08:29:57.163683
6800,675,1595.500,2.364,2026-06-28 08:29:57.163683
6801,84,303.000,3.607,2026-06-28 08:29:57.163683
6802,111,310.500,2.797,2026-06-28 08:29:57.163683
6803,336,1127.500,3.356,2026-06-28 08:29:57.163683
6804,66,203.000,3.076,2026-06-28 08:29:57.163683
6805,132,413.000,3.129,2026-06-28 08:29:57.163683
6806,112,376.500,3.362,2026-06-28 08:29:57.163683
6807,8665,33321.500,3.846,2026-06-28 08:29:57.163683
6808,1233,4703.000,3.814,2026-06-28 08:29:57.163683
6809,209,676.000,3.234,2026-06-28 08:29:57.163683
6810,1160,3522.000,3.036,2026-06-28 08:29:57.163683
6811,569,1790.000,3.146,2026-06-28 08:29:57.163683
6812,400,1149.500,2.874,2026-06-28 08:29:57.163683
6813,180,585.500,3.253,2026-06-28 08:29:57.163683
6814,113,285.000,2.522,2026-06-28 08:29:57.163683
6815,183,609.500,3.331,2026-06-28 08:29:57.163683
6816,313,1098.000,3.508,2026-06-28 08:29:57.163683
6817,156,506.500,3.247,2026-06-28 08:29:57.163683
6818,413,1666.500,4.035,2026-06-28 08:29:57.163683
6819,34,93.500,2.750,2026-06-28 08:29:57.163683
6820,824,2853.500,3.463,2026-06-28 08:29:57.163683
6821,55,145.000,2.636,2026-06-28 08:29:57.163683
6822,49,163.000,3.327,2026-06-28 08:29:57.163683
6823,43,125.000,2.907,2026-06-28 08:29:57.163683
6824,42,123.500,2.940,2026-06-28 08:29:57.163683
6825,68,193.000,2.838,2026-06-28 08:29:57.163683
6826,107,317.000,2.963,2026-06-28 08:29:57.163683
6827,339,552.000,1.628,2026-06-28 08:29:57.163683
6828,76,289.500,3.809,2026-06-28 08:29:57.163683
6829,107,281.000,2.626,2026-06-28 08:29:57.163683
6830,30,99.000,3.300,2026-06-28 08:29:57.163683
6831,11,24.500,2.227,2026-06-28 08:29:57.163683
6832,919,3075.000,3.346,2026-06-28 08:29:57.163683
6833,12,38.500,3.208,2026-06-28 08:29:57.163683
6834,46,123.500,2.685,2026-06-28 08:29:57.163683
6835,36,91.000,2.528,2026-06-28 08:29:57.163683
6836,23,58.000,2.522,2026-06-28 08:29:57.163683
6837,102,371.000,3.637,2026-06-28 08:29:57.163683
6839,93,273.500,2.941,2026-06-28 08:29:57.163683
6840,141,510.000,3.617,2026-06-28 08:29:57.163683
6841,66,200.000,3.030,2026-06-28 08:29:57.163683
6842,42,136.500,3.250,2026-06-28 08:29:57.163683
6843,24,74.000,3.083,2026-06-28 08:29:57.163683
6844,104,322.000,3.096,2026-06-28 08:29:57.163683
6845,28,80.500,2.875,2026-06-28 08:29:57.163683
6846,25,66.500,2.660,2026-06-28 08:29:57.163683
6847,9,25.000,2.778,2026-06-28 08:29:57.163683
6848,81,199.500,2.463,2026-06-28 08:29:57.163683
6849,219,766.000,3.498,2026-06-28 08:29:57.163683
6850,484,1493.000,3.085,2026-06-28 08:29:57.163683
6851,221,765.500,3.464,2026-06-28 08:29:57.163683
6852,916,3614.000,3.945,2026-06-28 08:29:57.163683
6853,31,68.000,2.194,2026-06-28 08:29:57.163683
6854,88,308.000,3.500,2026-06-28 08:29:57.163683
6855,41,134.500,3.280,2026-06-28 08:29:57.163683
6856,494,1831.000,3.706,2026-06-28 08:29:57.163683
6857,1790,6755.000,3.774,2026-06-28 08:29:57.163683
6858,506,1970.500,3.894,2026-06-28 08:29:57.163683
6859,160,595.000,3.719,2026-06-28 08:29:57.163683
6860,84,235.000,2.798,2026-06-28 08:29:57.163683
6861,31,99.500,3.210,2026-06-28 08:29:57.163683
6862,695,2273.500,3.271,2026-06-28 08:29:57.163683
6863,9071,31322.000,3.453,2026-06-28 08:29:57.163683
6864,163,610.500,3.745,2026-06-28 08:29:57.163683
6865,17,50.000,2.941,2026-06-28 08:29:57.163683
6866,28,87.500,3.125,2026-06-28 08:29:57.163683
6867,3325,13072.500,3.932,2026-06-28 08:29:57.163683
6868,479,1585.000,3.309,2026-06-28 08:29:57.163683
6869,333,1273.000,3.823,2026-06-28 08:29:57.163683
6870,8467,32612.500,3.852,2026-06-28 08:29:57.163683
6871,76,218.000,2.868,2026-06-28 08:29:57.163683
6872,447,606.500,1.357,2026-06-28 08:29:57.163683
6873,2438,7941.500,3.257,2026-06-28 08:29:57.163683
6874,21746,84838.500,3.901,2026-06-28 08:29:57.163683
6875,74,241.000,3.257,2026-06-28 08:29:57.163683
6876,51,163.000,3.196,2026-06-28 08:29:57.163683
6877,27,84.500,3.130,2026-06-28 08:29:57.163683
6878,12,34.000,2.833,2026-06-28 08:29:57.163683
6879,2935,10585.500,3.607,2026-06-28 08:29:57.163683
6880,1324,3634.500,2.745,2026-06-28 08:29:57.163683
6881,1286,4653.500,3.619,2026-06-28 08:29:57.163683
6882,306,1017.500,3.325,2026-06-28 08:29:57.163683
6883,230,709.500,3.085,2026-06-28 08:29:57.163683
6884,359,1204.500,3.355,2026-06-28 08:29:57.163683
6885,467,1218.500,2.609,2026-06-28 08:29:57.163683
6886,226,694.000,3.071,2026-06-28 08:29:57.163683
6887,851,2977.500,3.499,2026-06-28 08:29:57.163683
6888,2521,6181.500,2.452,2026-06-28 08:29:57.163683
6889,982,3114.500,3.172,2026-06-28 08:29:57.163683
6890,1753,6218.500,3.547,2026-06-28 08:29:57.163683
6891,18,58.500,3.250,2026-06-28 08:29:57.163683
6892,161,447.500,2.780,2026-06-28 08:29:57.163683
6893,2194,7993.000,3.643,2026-06-28 08:29:57.163683
6894,31,88.000,2.839,2026-06-28 08:29:57.163683
6895,66,220.500,3.341,2026-06-28 08:29:57.163683
6896,220,886.000,4.027,2026-06-28 08:29:57.163683
6897,45,153.000,3.400,2026-06-28 08:29:57.163683
6898,292,1041.000,3.565,2026-06-28 08:29:57.163683
6899,71,117.500,1.655,2026-06-28 08:29:57.163683
6900,156,501.500,3.215,2026-06-28 08:29:57.163683
6901,16,38.000,2.375,2026-06-28 08:29:57.163683
6902,602,2300.000,3.821,2026-06-28 08:29:57.163683
6903,44,96.000,2.182,2026-06-28 08:29:57.163683
6905,43,116.000,2.698,2026-06-28 08:29:57.163683
6906,53,137.500,2.594,2026-06-28 08:29:57.163683
6907,20,58.000,2.900,2026-06-28 08:29:57.163683
6908,26,66.500,2.558,2026-06-28 08:29:57.163683
6909,438,1458.500,3.330,2026-06-28 08:29:57.163683
6910,150,468.500,3.123,2026-06-28 08:29:57.163683
6911,43,144.500,3.360,2026-06-28 08:29:57.163683
6912,30,98.000,3.267,2026-06-28 08:29:57.163683
6913,23,59.500,2.587,2026-06-28 08:29:57.163683
6914,26,84.000,3.231,2026-06-28 08:29:57.163683
6915,10,24.000,2.400,2026-06-28 08:29:57.163683
6916,21,56.500,2.690,2026-06-28 08:29:57.163683
6917,17,57.500,3.382,2026-06-28 08:29:57.163683
6918,338,1362.500,4.031,2026-06-28 08:29:57.163683
6919,22,67.500,3.068,2026-06-28 08:29:57.163683
6920,370,1459.000,3.943,2026-06-28 08:29:57.163683
6921,60,223.500,3.725,2026-06-28 08:29:57.163683
6923,70,234.000,3.343,2026-06-28 08:29:57.163683
6924,56,194.000,3.464,2026-06-28 08:29:57.163683
6925,50,160.500,3.210,2026-06-28 08:29:57.163683
6926,45,153.500,3.411,2026-06-28 08:29:57.163683
6927,533,1642.000,3.081,2026-06-28 08:29:57.163683
6928,60,173.000,2.883,2026-06-28 08:29:57.163683
6930,22,74.500,3.386,2026-06-28 08:29:57.163683
6931,27,80.000,2.963,2026-06-28 08:29:57.163683
6932,1170,4320.000,3.692,2026-06-28 08:29:57.163683
6933,7,17.500,2.500,2026-06-28 08:29:57.163683
6934,12282,38611.500,3.144,2026-06-28 08:29:57.163683
6935,243,956.000,3.934,2026-06-28 08:29:57.163683
6936,4495,15300.000,3.404,2026-06-28 08:29:57.163683
6937,21,62.000,2.952,2026-06-28 08:29:57.163683
6938,38,139.500,3.671,2026-06-28 08:29:57.163683
6939,116,436.000,3.759,2026-06-28 08:29:57.163683
6940,52,172.000,3.308,2026-06-28 08:29:57.163683
6942,8716,33118.500,3.800,2026-06-28 08:29:57.163683
6944,2628,8681.500,3.303,2026-06-28 08:29:57.163683
6945,231,895.000,3.874,2026-06-28 08:29:57.163683
6946,426,1156.500,2.715,2026-06-28 08:29:57.163683
6947,6704,24441.500,3.646,2026-06-28 08:29:57.163683
6948,141,455.000,3.227,2026-06-28 08:29:57.163683
6949,90,283.000,3.144,2026-06-28 08:29:57.163683
6950,654,2089.500,3.195,2026-06-28 08:29:57.163683
6951,881,1720.500,1.953,2026-06-28 08:29:57.163683
6952,1935,5594.500,2.891,2026-06-28 08:29:57.163683
6953,6027,22371.000,3.712,2026-06-28 08:29:57.163683
6954,1201,4646.500,3.869,2026-06-28 08:29:57.163683
6956,22,73.000,3.318,2026-06-28 08:29:57.163683
6957,3714,12776.000,3.440,2026-06-28 08:29:57.163683
6958,590,1445.500,2.450,2026-06-28 08:29:57.163683
6959,890,2470.000,2.775,2026-06-28 08:29:57.163683
6960,14,43.500,3.107,2026-06-28 08:29:57.163683
6961,142,495.000,3.486,2026-06-28 08:29:57.163683
6962,15,50.500,3.367,2026-06-28 08:29:57.163683
6963,412,1534.500,3.725,2026-06-28 08:29:57.163683
6964,61,213.500,3.500,2026-06-28 08:29:57.163683
6965,57,204.000,3.579,2026-06-28 08:29:57.163683
6966,1284,3944.000,3.072,2026-06-28 08:29:57.163683
6967,166,625.500,3.768,2026-06-28 08:29:57.163683
6968,37,95.000,2.568,2026-06-28 08:29:57.163683
6969,103,355.000,3.447,2026-06-28 08:29:57.163683
6970,500,1945.000,3.890,2026-06-28 08:29:57.163683
6971,383,1453.000,3.794,2026-06-28 08:29:57.163683
6972,24,75.500,3.146,2026-06-28 08:29:57.163683
6973,163,441.500,2.709,2026-06-28 08:29:57.163683
6974,869,2995.000,3.446,2026-06-28 08:29:57.163683
6975,802,3010.000,3.753,2026-06-28 08:29:57.163683
6976,160,495.000,3.094,2026-06-28 08:29:57.163683
6977,507,1568.500,3.094,2026-06-28 08:29:57.163683
6978,594,2193.000,3.692,2026-06-28 08:29:57.163683
6979,4771,17463.000,3.660,2026-06-28 08:29:57.163683
6980,103,366.500,3.558,2026-06-28 08:29:57.163683
6981,154,614.500,3.990,2026-06-28 08:29:57.163683
6982,185,717.500,3.878,2026-06-28 08:29:57.163683
6983,239,893.500,3.738,2026-06-28 08:29:57.163683
6984,229,868.000,3.790,2026-06-28 08:29:57.163683
6985,753,3039.500,4.037,2026-06-28 08:29:57.163683
6986,738,2743.500,3.717,2026-06-28 08:29:57.163683
6987,1380,5399.000,3.912,2026-06-28 08:29:57.163683
6988,147,528.500,3.595,2026-06-28 08:29:57.163683
6989,562,1976.500,3.517,2026-06-28 08:29:57.163683
6990,372,1338.500,3.598,2026-06-28 08:29:57.163683
6991,485,1459.000,3.008,2026-06-28 08:29:57.163683
6992,448,1349.000,3.011,2026-06-28 08:29:57.163683
6993,2191,8601.500,3.926,2026-06-28 08:29:57.163683
6994,189,557.500,2.950,2026-06-28 08:29:57.163683
6995,202,379.500,1.879,2026-06-28 08:29:57.163683
6996,1206,2556.000,2.119,2026-06-28 08:29:57.163683
6997,399,1267.500,3.177,2026-06-28 08:29:57.163683
6998,149,496.500,3.332,2026-06-28 08:29:57.163683
6999,357,1101.000,3.084,2026-06-28 08:29:57.163683
7000,1083,3047.500,2.814,2026-06-28 08:29:57.163683
7001,1506,5429.000,3.605,2026-06-28 08:29:57.163683
7002,74,268.500,3.628,2026-06-28 08:29:57.163683
7003,312,1099.500,3.524,2026-06-28 08:29:57.163683
7004,3383,9502.500,2.809,2026-06-28 08:29:57.163683
7005,563,1322.500,2.349,2026-06-28 08:29:57.163683
7006,86,233.500,2.715,2026-06-28 08:29:57.163683
7007,1335,4355.500,3.263,2026-06-28 08:29:57.163683
7008,818,2834.500,3.465,2026-06-28 08:29:57.163683
7009,587,1959.000,3.337,2026-06-28 08:29:57.163683
7010,286,1015.000,3.549,2026-06-28 08:29:57.163683
7011,178,638.000,3.584,2026-06-28 08:29:57.163683
7012,233,697.500,2.994,2026-06-28 08:29:57.163683
7013,1425,5794.500,4.066,2026-06-28 08:29:57.163683
7014,155,387.000,2.497,2026-06-28 08:29:57.163683
7015,169,505.000,2.988,2026-06-28 08:29:57.163683
7016,391,885.000,2.263,2026-06-28 08:29:57.163683
7017,826,2316.500,2.804,2026-06-28 08:29:57.163683
7018,1155,4228.000,3.661,2026-06-28 08:29:57.163683
7019,271,809.000,2.985,2026-06-28 08:29:57.163683
7020,354,1293.000,3.653,2026-06-28 08:29:57.163683
7021,119,315.500,2.651,2026-06-28 08:29:57.163683
7022,4733,18036.500,3.811,2026-06-28 08:29:57.163683
7023,860,3387.000,3.938,2026-06-28 08:29:57.163683
7024,351,1135.000,3.234,2026-06-28 08:29:57.163683
7025,406,1524.000,3.754,2026-06-28 08:29:57.163683
7026,439,1314.500,2.994,2026-06-28 08:29:57.163683
7027,1322,4882.500,3.693,2026-06-28 08:29:57.163683
7028,661,2371.500,3.588,2026-06-28 08:29:57.163683
7029,198,644.000,3.253,2026-06-28 08:29:57.163683
7030,349,1186.500,3.400,2026-06-28 08:29:57.163683
7031,136,352.500,2.592,2026-06-28 08:29:57.163683
7032,123,345.500,2.809,2026-06-28 08:29:57.163683
7033,561,1729.500,3.083,2026-06-28 08:29:57.163683
7034,1747,6679.500,3.823,2026-06-28 08:29:57.163683
7035,175,512.500,2.929,2026-06-28 08:29:57.163683
7036,1091,3048.000,2.794,2026-06-28 08:29:57.163683
7037,197,712.500,3.617,2026-06-28 08:29:57.163683
7038,184,629.500,3.421,2026-06-28 08:29:57.163683
7039,309,1031.000,3.337,2026-06-28 08:29:57.163683
7040,618,2187.000,3.539,2026-06-28 08:29:57.163683
7041,149,406.000,2.725,2026-06-28 08:29:57.163683
7042,452,1689.500,3.738,2026-06-28 08:29:57.163683
7043,306,1215.500,3.972,2026-06-28 08:29:57.163683
7044,1537,5630.500,3.663,2026-06-28 08:29:57.163683
7045,931,3213.500,3.452,2026-06-28 08:29:57.163683
7046,1911,6096.500,3.190,2026-06-28 08:29:57.163683
7047,157,494.000,3.146,2026-06-28 08:29:57.163683
7048,413,1337.000,3.237,2026-06-28 08:29:57.163683
7049,86,294.500,3.424,2026-06-28 08:29:57.163683
7050,118,438.000,3.712,2026-06-28 08:29:57.163683
7051,195,618.500,3.172,2026-06-28 08:29:57.163683
7052,37,111.500,3.014,2026-06-28 08:29:57.163683
7053,46,159.000,3.457,2026-06-28 08:29:57.163683
7054,210,741.000,3.529,2026-06-28 08:29:57.163683
7055,306,1199.000,3.918,2026-06-28 08:29:57.163683
7056,462,1751.000,3.790,2026-06-28 08:29:57.163683
7057,123,401.500,3.264,2026-06-28 08:29:57.163683
7058,247,921.000,3.729,2026-06-28 08:29:57.163683
7059,309,1081.500,3.500,2026-06-28 08:29:57.163683
7060,850,2892.500,3.403,2026-06-28 08:29:57.163683
7061,224,848.500,3.788,2026-06-28 08:29:57.163683
7062,596,2237.000,3.753,2026-06-28 08:29:57.163683
7063,1301,5184.500,3.985,2026-06-28 08:29:57.163683
7064,961,3780.000,3.933,2026-06-28 08:29:57.163683
7065,363,1172.000,3.229,2026-06-28 08:29:57.163683
7066,73,257.500,3.527,2026-06-28 08:29:57.163683
7067,298,1146.500,3.847,2026-06-28 08:29:57.163683
7068,299,1127.000,3.769,2026-06-28 08:29:57.163683
7069,287,1055.000,3.676,2026-06-28 08:29:57.163683
7070,539,2105.500,3.906,2026-06-28 08:29:57.163683
7071,308,1214.500,3.943,2026-06-28 08:29:57.163683
7072,852,3279.500,3.849,2026-06-28 08:29:57.163683
7073,1079,4176.000,3.870,2026-06-28 08:29:57.163683
7074,208,803.500,3.863,2026-06-28 08:29:57.163683
7075,702,2773.000,3.950,2026-06-28 08:29:57.163683
7076,1677,6276.500,3.743,2026-06-28 08:29:57.163683
7077,46,167.500,3.641,2026-06-28 08:29:57.163683
7078,219,817.500,3.733,2026-06-28 08:29:57.163683
7079,401,1515.500,3.779,2026-06-28 08:29:57.163683
7080,301,1098.500,3.650,2026-06-28 08:29:57.163683
7081,64,212.000,3.313,2026-06-28 08:29:57.163683
7082,284,1035.000,3.644,2026-06-28 08:29:57.163683
7083,65,225.000,3.462,2026-06-28 08:29:57.163683
7084,972,3765.000,3.873,2026-06-28 08:29:57.163683
7085,170,611.000,3.594,2026-06-28 08:29:57.163683
7086,293,1121.000,3.826,2026-06-28 08:29:57.163683
7087,436,1618.000,3.711,2026-06-28 08:29:57.163683
7088,422,1661.500,3.937,2026-06-28 08:29:57.163683
7089,655,2521.000,3.849,2026-06-28 08:29:57.163683
7090,7267,28512.500,3.924,2026-06-28 08:29:57.163683
7091,887,3513.500,3.961,2026-06-28 08:29:57.163683
7092,145,511.000,3.524,2026-06-28 08:29:57.163683
7093,151,511.500,3.387,2026-06-28 08:29:57.163683
7094,71,229.000,3.225,2026-06-28 08:29:57.163683
7095,203,664.000,3.271,2026-06-28 08:29:57.163683
7096,274,1096.500,4.002,2026-06-28 08:29:57.163683
7097,42,133.500,3.179,2026-06-28 08:29:57.163683
7098,9,35.000,3.889,2026-06-28 08:29:57.163683
7099,3334,13643.000,4.092,2026-06-28 08:29:57.163683
7100,23,65.000,2.826,2026-06-28 08:29:57.163683
7101,1004,3004.000,2.992,2026-06-28 08:29:57.163683
7102,729,2121.000,2.909,2026-06-28 08:29:57.163683
7103,73,183.500,2.514,2026-06-28 08:29:57.163683
7104,681,1946.500,2.858,2026-06-28 08:29:57.163683
7105,8,24.500,3.063,2026-06-28 08:29:57.163683
7106,36,132.000,3.667,2026-06-28 08:29:57.163683
7107,478,1710.000,3.577,2026-06-28 08:29:57.163683
7108,84,284.000,3.381,2026-06-28 08:29:57.163683
7109,60,186.000,3.100,2026-06-28 08:29:57.163683
7110,27,88.000,3.259,2026-06-28 08:29:57.163683
7111,84,292.500,3.482,2026-06-28 08:29:57.163683
7112,46,160.000,3.478,2026-06-28 08:29:57.163683
7113,23,71.500,3.109,2026-06-28 08:29:57.163683
7114,215,799.000,3.716,2026-06-28 08:29:57.163683
7115,410,1543.500,3.765,2026-06-28 08:29:57.163683
7116,1052,4219.500,4.011,2026-06-28 08:29:57.163683
7117,419,853.000,2.036,2026-06-28 08:29:57.163683
7118,261,926.000,3.548,2026-06-28 08:29:57.163683
7119,153,482.000,3.150,2026-06-28 08:29:57.163683
7120,24,33.000,1.375,2026-06-28 08:29:57.163683
7121,997,3878.500,3.890,2026-06-28 08:29:57.163683
7122,333,1297.500,3.896,2026-06-28 08:29:57.163683
7123,1401,5067.000,3.617,2026-06-28 08:29:57.163683
7124,258,941.000,3.647,2026-06-28 08:29:57.163683
7125,69,241.500,3.500,2026-06-28 08:29:57.163683
7126,166,614.000,3.699,2026-06-28 08:29:57.163683
7127,64,169.000,2.641,2026-06-28 08:29:57.163683
7128,165,588.000,3.564,2026-06-28 08:29:57.163683
7129,20,75.000,3.750,2026-06-28 08:29:57.163683
7130,86,298.500,3.471,2026-06-28 08:29:57.163683
7131,53,171.000,3.226,2026-06-28 08:29:57.163683
7132,1544,6249.000,4.047,2026-06-28 08:29:57.163683
7133,57,109.000,1.912,2026-06-28 08:29:57.163683
7134,149,488.000,3.275,2026-06-28 08:29:57.163683
7135,468,1848.500,3.950,2026-06-28 08:29:57.163683
7136,212,814.500,3.842,2026-06-28 08:29:57.163683
7137,1582,5518.500,3.488,2026-06-28 08:29:57.163683
7138,20,65.000,3.250,2026-06-28 08:29:57.163683
7139,2399,9400.500,3.919,2026-06-28 08:29:57.163683
7140,5,20.000,4.000,2026-06-28 08:29:57.163683
7141,86,315.500,3.669,2026-06-28 08:29:57.163683
7142,392,1032.500,2.634,2026-06-28 08:29:57.163683
7143,10464,38657.000,3.694,2026-06-28 08:29:57.163683
7144,6,18.500,3.083,2026-06-28 08:29:57.163683
7146,17,55.500,3.265,2026-06-28 08:29:57.163683
7147,12719,48617.500,3.822,2026-06-28 08:29:57.163683
7148,71,177.500,2.500,2026-06-28 08:29:57.163683
7149,2836,9910.500,3.495,2026-06-28 08:29:57.163683
7150,1051,2956.000,2.813,2026-06-28 08:29:57.163683
7151,1942,6902.500,3.554,2026-06-28 08:29:57.163683
7152,77,230.000,2.987,2026-06-28 08:29:57.163683
7153,31577,130804.000,4.142,2026-06-28 08:29:57.163683
7154,1988,6246.500,3.142,2026-06-28 08:29:57.163683
7155,1265,4457.000,3.523,2026-06-28 08:29:57.163683
7156,2589,10624.000,4.104,2026-06-28 08:29:57.163683
7157,192,531.000,2.766,2026-06-28 08:29:57.163683
7158,2237,8312.500,3.716,2026-06-28 08:29:57.163683
7159,16,56.500,3.531,2026-06-28 08:29:57.163683
7160,3550,13013.000,3.666,2026-06-28 08:29:57.163683
7161,1446,4088.500,2.827,2026-06-28 08:29:57.163683
7162,3491,12419.000,3.557,2026-06-28 08:29:57.163683
7163,2477,7936.500,3.204,2026-06-28 08:29:57.163683
7164,1218,4181.000,3.433,2026-06-28 08:29:57.163683
7165,252,793.500,3.149,2026-06-28 08:29:57.163683
7166,17,42.500,2.500,2026-06-28 08:29:57.163683
7167,173,565.000,3.266,2026-06-28 08:29:57.163683
7168,59,176.000,2.983,2026-06-28 08:29:57.163683
7169,407,1257.500,3.090,2026-06-28 08:29:57.163683
7170,40,87.000,2.175,2026-06-28 08:29:57.163683
7171,264,908.000,3.439,2026-06-28 08:29:57.163683
7172,70,237.000,3.386,2026-06-28 08:29:57.163683
7173,2768,8181.500,2.956,2026-06-28 08:29:57.163683
7174,59,130.000,2.203,2026-06-28 08:29:57.163683
7175,301,609.500,2.025,2026-06-28 08:29:57.163683
7176,60,216.500,3.608,2026-06-28 08:29:57.163683
7177,308,1116.500,3.625,2026-06-28 08:29:57.163683
7178,568,1808.500,3.184,2026-06-28 08:29:57.163683
7179,182,590.000,3.242,2026-06-28 08:29:57.163683
7180,29,99.500,3.431,2026-06-28 08:29:57.163683
7181,92,320.500,3.484,2026-06-28 08:29:57.163683
7182,37,104.500,2.824,2026-06-28 08:29:57.163683
7183,54,152.500,2.824,2026-06-28 08:29:57.163683
7184,35,109.500,3.129,2026-06-28 08:29:57.163683
7185,72,215.000,2.986,2026-06-28 08:29:57.163683
7186,51,141.500,2.775,2026-06-28 08:29:57.163683
7187,29,61.000,2.103,2026-06-28 08:29:57.163683
7188,46,122.000,2.652,2026-06-28 08:29:57.163683
7189,80,142.000,1.775,2026-06-28 08:29:57.163683
7190,117,414.500,3.543,2026-06-28 08:29:57.163683
7191,79,180.500,2.285,2026-06-28 08:29:57.163683
7192,45,130.500,2.900,2026-06-28 08:29:57.163683
7193,602,1613.000,2.679,2026-06-28 08:29:57.163683
7194,61,217.000,3.557,2026-06-28 08:29:57.163683
7195,63,214.000,3.397,2026-06-28 08:29:57.163683
7196,41,135.000,3.293,2026-06-28 08:29:57.163683
7197,49,148.000,3.020,2026-06-28 08:29:57.163683
7198,179,442.500,2.472,2026-06-28 08:29:57.163683
7199,221,791.000,3.579,2026-06-28 08:29:57.163683
7200,39,131.500,3.372,2026-06-28 08:29:57.163683
7201,70,230.500,3.293,2026-06-28 08:29:57.163683
7202,147,416.500,2.833,2026-06-28 08:29:57.163683
7203,49,149.000,3.041,2026-06-28 08:29:57.163683
7204,44,99.000,2.250,2026-06-28 08:29:57.163683
7205,176,622.000,3.534,2026-06-28 08:29:57.163683
7206,475,1847.500,3.889,2026-06-28 08:29:57.163683
7207,99,288.500,2.914,2026-06-28 08:29:57.163683
7208,244,843.000,3.455,2026-06-28 08:29:57.163683
7209,522,1993.500,3.819,2026-06-28 08:29:57.163683
7210,427,1656.000,3.878,2026-06-28 08:29:57.163683
7211,131,484.000,3.695,2026-06-28 08:29:57.163683
7212,295,1063.000,3.603,2026-06-28 08:29:57.163683
7213,43,121.000,2.814,2026-06-28 08:29:57.163683
7214,23,67.000,2.913,2026-06-28 08:29:57.163683
7215,892,3598.500,4.034,2026-06-28 08:29:57.163683
7216,469,1775.500,3.786,2026-06-28 08:29:57.163683
7217,337,1267.500,3.761,2026-06-28 08:29:57.163683
7218,460,1800.500,3.914,2026-06-28 08:29:57.163683
7219,140,493.500,3.525,2026-06-28 08:29:57.163683
7220,89,246.000,2.764,2026-06-28 08:29:57.163683
7221,63,221.500,3.516,2026-06-28 08:29:57.163683
7222,277,767.000,2.769,2026-06-28 08:29:57.163683
7223,350,1331.500,3.804,2026-06-28 08:29:57.163683
7224,57,171.500,3.009,2026-06-28 08:29:57.163683
7225,312,1077.500,3.454,2026-06-28 08:29:57.163683
7226,57,173.500,3.044,2026-06-28 08:29:57.163683
7227,190,708.000,3.726,2026-06-28 08:29:57.163683
7228,701,1680.500,2.397,2026-06-28 08:29:57.163683
7229,67,186.000,2.776,2026-06-28 08:29:57.163683
7230,47,135.000,2.872,2026-06-28 08:29:57.163683
7231,32,94.000,2.938,2026-06-28 08:29:57.163683
7232,46,158.000,3.435,2026-06-28 08:29:57.163683
7234,905,3652.500,4.036,2026-06-28 08:29:57.163683
7235,1007,3494.000,3.470,2026-06-28 08:29:57.163683
7236,464,1578.000,3.401,2026-06-28 08:29:57.163683
7237,63,189.500,3.008,2026-06-28 08:29:57.163683
7238,252,971.500,3.855,2026-06-28 08:29:57.163683
7239,89,263.000,2.955,2026-06-28 08:29:57.163683
7240,41,109.000,2.659,2026-06-28 08:29:57.163683
7241,160,628.000,3.925,2026-06-28 08:29:57.163683
7242,12,30.500,2.542,2026-06-28 08:29:57.163683
7243,187,695.500,3.719,2026-06-28 08:29:57.163683
7244,60,98.000,1.633,2026-06-28 08:29:57.163683
7245,16,37.000,2.313,2026-06-28 08:29:57.163683
7246,14,30.500,2.179,2026-06-28 08:29:57.163683
7247,1427,4689.000,3.286,2026-06-28 08:29:57.163683
7248,42,122.500,2.917,2026-06-28 08:29:57.163683
7249,84,262.000,3.119,2026-06-28 08:29:57.163683
7250,239,817.000,3.418,2026-06-28 08:29:57.163683
7251,49,156.500,3.194,2026-06-28 08:29:57.163683
7252,70,173.000,2.471,2026-06-28 08:29:57.163683
7253,62,201.000,3.242,2026-06-28 08:29:57.163683
7254,8764,32352.500,3.692,2026-06-28 08:29:57.163683
7255,686,1963.000,2.862,2026-06-28 08:29:57.163683
7256,2123,8594.500,4.048,2026-06-28 08:29:57.163683
7257,358,922.500,2.577,2026-06-28 08:29:57.163683
7258,372,1059.500,2.848,2026-06-28 08:29:57.163683
7259,283,597.000,2.110,2026-06-28 08:29:57.163683
7260,218,774.000,3.550,2026-06-28 08:29:57.163683
7261,292,774.000,2.651,2026-06-28 08:29:57.163683
7262,103,275.500,2.675,2026-06-28 08:29:57.163683
7263,1983,7508.500,3.786,2026-06-28 08:29:57.163683
7264,33,112.500,3.409,2026-06-28 08:29:57.163683
7265,1101,3972.000,3.608,2026-06-28 08:29:57.163683
7266,144,489.500,3.399,2026-06-28 08:29:57.163683
7267,42,103.500,2.464,2026-06-28 08:29:57.163683
7268,22,64.000,2.909,2026-06-28 08:29:57.163683
7269,28,74.500,2.661,2026-06-28 08:29:57.163683
7270,54,155.000,2.870,2026-06-28 08:29:57.163683
7271,11,31.500,2.864,2026-06-28 08:29:57.163683
7272,130,435.000,3.346,2026-06-28 08:29:57.163683
7273,16,49.500,3.094,2026-06-28 08:29:57.163683
7274,42,133.000,3.167,2026-06-28 08:29:57.163683
7275,61,192.500,3.156,2026-06-28 08:29:57.163683
7276,43,116.000,2.698,2026-06-28 08:29:57.163683
7277,13,35.000,2.692,2026-06-28 08:29:57.163683
7278,34,96.500,2.838,2026-06-28 08:29:57.163683
7279,18,55.500,3.083,2026-06-28 08:29:57.163683
7280,111,269.500,2.428,2026-06-28 08:29:57.163683
7281,61,122.000,2.000,2026-06-28 08:29:57.163683
7282,29,21.000,0.724,2026-06-28 08:29:57.163683
7283,128,376.500,2.941,2026-06-28 08:29:57.163683
7284,124,355.000,2.863,2026-06-28 08:29:57.163683
7285,1935,6761.000,3.494,2026-06-28 08:29:57.163683
7286,144,518.500,3.601,2026-06-28 08:29:57.163683
7287,49,155.500,3.173,2026-06-28 08:29:57.163683
7288,38,139.000,3.658,2026-06-28 08:29:57.163683
7289,50,110.000,2.200,2026-06-28 08:29:57.163683
7290,27,86.500,3.204,2026-06-28 08:29:57.163683
7291,21,52.500,2.500,2026-06-28 08:29:57.163683
7292,118,211.500,1.792,2026-06-28 08:29:57.163683
7293,6093,20533.000,3.370,2026-06-28 08:29:57.163683
7294,450,1196.500,2.659,2026-06-28 08:29:57.163683
7295,35,114.000,3.257,2026-06-28 08:29:57.163683
7296,6,14.500,2.417,2026-06-28 08:29:57.163683
7297,291,1076.500,3.699,2026-06-28 08:29:57.163683
7298,11,24.500,2.227,2026-06-28 08:29:57.163683
7299,346,1288.000,3.723,2026-06-28 08:29:57.163683
7300,347,1243.500,3.584,2026-06-28 08:29:57.163683
7301,174,656.000,3.770,2026-06-28 08:29:57.163683
7302,167,625.500,3.746,2026-06-28 08:29:57.163683
7303,701,2592.000,3.698,2026-06-28 08:29:57.163683
7304,160,589.000,3.681,2026-06-28 08:29:57.163683
7305,295,963.500,3.266,2026-06-28 08:29:57.163683
7306,97,358.500,3.696,2026-06-28 08:29:57.163683
7307,221,723.500,3.274,2026-06-28 08:29:57.163683
7308,290,726.000,2.503,2026-06-28 08:29:57.163683
7309,46,162.000,3.522,2026-06-28 08:29:57.163683
7310,307,779.000,2.537,2026-06-28 08:29:57.163683
7311,504,1924.000,3.817,2026-06-28 08:29:57.163683
7312,53,162.500,3.066,2026-06-28 08:29:57.163683
7313,121,291.500,2.409,2026-06-28 08:29:57.163683
7314,70,216.500,3.093,2026-06-28 08:29:57.163683
7315,139,354.000,2.547,2026-06-28 08:29:57.163683
7316,437,1065.000,2.437,2026-06-28 08:29:57.163683
7317,1899,6189.500,3.259,2026-06-28 08:29:57.163683
7318,3130,9971.000,3.186,2026-06-28 08:29:57.163683
7319,423,1068.000,2.525,2026-06-28 08:29:57.163683
7320,431,1283.500,2.978,2026-06-28 08:29:57.163683
7321,291,737.000,2.533,2026-06-28 08:29:57.163683
7322,10,27.000,2.700,2026-06-28 08:29:57.163683
7323,4281,16762.500,3.916,2026-06-28 08:29:57.163683
7324,1575,5244.000,3.330,2026-06-28 08:29:57.163683
7325,3424,10381.000,3.032,2026-06-28 08:29:57.163683
7326,132,419.000,3.174,2026-06-28 08:29:57.163683
7327,1098,4513.000,4.110,2026-06-28 08:29:57.163683
7328,120,444.500,3.704,2026-06-28 08:29:57.163683
7329,24,77.500,3.229,2026-06-28 08:29:57.163683
7330,20,61.000,3.050,2026-06-28 08:29:57.163683
7331,51,165.000,3.235,2026-06-28 08:29:57.163683
7332,35,92.000,2.629,2026-06-28 08:29:57.163683
7333,183,710.000,3.880,2026-06-28 08:29:57.163683
7334,246,909.000,3.695,2026-06-28 08:29:57.163683
7335,264,1015.000,3.845,2026-06-28 08:29:57.163683
7336,51,162.500,3.186,2026-06-28 08:29:57.163683
7337,23,68.500,2.978,2026-06-28 08:29:57.163683
7338,175,662.000,3.783,2026-06-28 08:29:57.163683
7339,12,36.500,3.042,2026-06-28 08:29:57.163683
7340,298,874.000,2.933,2026-06-28 08:29:57.163683
7341,61,201.500,3.303,2026-06-28 08:29:57.163683
7342,47,120.000,2.553,2026-06-28 08:29:57.163683
7343,37,115.000,3.108,2026-06-28 08:29:57.163683
7344,13,46.000,3.538,2026-06-28 08:29:57.163683
7345,343,733.000,2.137,2026-06-28 08:29:57.163683
7346,2142,7119.500,3.324,2026-06-28 08:29:57.163683
7347,2536,8050.000,3.174,2026-06-28 08:29:57.163683
7348,903,3105.000,3.439,2026-06-28 08:29:57.163683
7349,126,468.500,3.718,2026-06-28 08:29:57.163683
7350,7,18.500,2.643,2026-06-28 08:29:57.163683
7351,40,144.500,3.613,2026-06-28 08:29:57.163683
7352,325,1178.500,3.626,2026-06-28 08:29:57.163683
7353,126,254.000,2.016,2026-06-28 08:29:57.163683
7354,395,1233.000,3.122,2026-06-28 08:29:57.163683
7355,172,570.500,3.317,2026-06-28 08:29:57.163683
7356,14,48.000,3.429,2026-06-28 08:29:57.163683
7357,90,296.500,3.294,2026-06-28 08:29:57.163683
7358,45,136.500,3.033,2026-06-28 08:29:57.163683
7359,71,164.000,2.310,2026-06-28 08:29:57.163683
7360,4129,14869.000,3.601,2026-06-28 08:29:57.163683
7361,22352,91769.000,4.106,2026-06-28 08:29:57.163683
7362,866,2624.500,3.031,2026-06-28 08:29:57.163683
7363,6,16.500,2.750,2026-06-28 08:29:57.163683
7364,410,1425.000,3.476,2026-06-28 08:29:57.163683
7365,235,866.500,3.687,2026-06-28 08:29:57.163683
7366,1205,3699.000,3.070,2026-06-28 08:29:57.163683
7367,2082,6307.500,3.030,2026-06-28 08:29:57.163683
7368,43,117.500,2.733,2026-06-28 08:29:57.163683
7369,723,1602.500,2.216,2026-06-28 08:29:57.163683
7370,15,49.000,3.267,2026-06-28 08:29:57.163683
7371,2800,10786.000,3.852,2026-06-28 08:29:57.163683
7372,234,704.500,3.011,2026-06-28 08:29:57.163683
7373,5546,18335.500,3.306,2026-06-28 08:29:57.163683
7374,283,779.000,2.753,2026-06-28 08:29:57.163683
7375,542,1685.500,3.110,2026-06-28 08:29:57.163683
7376,767,2297.000,2.995,2026-06-28 08:29:57.163683
7377,377,1345.500,3.569,2026-06-28 08:29:57.163683
7378,86,191.500,2.227,2026-06-28 08:29:57.163683
7379,449,1336.000,2.976,2026-06-28 08:29:57.163683
7380,941,3088.000,3.282,2026-06-28 08:29:57.163683
7381,896,2439.500,2.723,2026-06-28 08:29:57.163683
7382,415,1567.500,3.777,2026-06-28 08:29:57.163683
7383,140,448.000,3.200,2026-06-28 08:29:57.163683
7384,70,249.500,3.564,2026-06-28 08:29:57.163683
7385,56,137.000,2.446,2026-06-28 08:29:57.163683
7386,1784,6487.000,3.636,2026-06-28 08:29:57.163683
7387,2980,11347.000,3.808,2026-06-28 08:29:57.163683
7388,69,219.000,3.174,2026-06-28 08:29:57.163683
7389,186,504.500,2.712,2026-06-28 08:29:57.163683
7390,35,103.500,2.957,2026-06-28 08:29:57.163683
7391,102,282.000,2.765,2026-06-28 08:29:57.163683
7392,40,118.000,2.950,2026-06-28 08:29:57.163683
7393,35,84.500,2.414,2026-06-28 08:29:57.163683
7394,224,753.500,3.364,2026-06-28 08:29:57.163683
7395,427,1430.000,3.349,2026-06-28 08:29:57.163683
7396,497,2029.500,4.084,2026-06-28 08:29:57.163683
7397,22,70.500,3.205,2026-06-28 08:29:57.163683
7398,28,94.500,3.375,2026-06-28 08:29:57.163683
7399,45,118.500,2.633,2026-06-28 08:29:57.163683
7400,14,40.000,2.857,2026-06-28 08:29:57.163683
7401,17,49.000,2.882,2026-06-28 08:29:57.163683
7402,69,172.000,2.493,2026-06-28 08:29:57.163683
7403,35,73.000,2.086,2026-06-28 08:29:57.163683
7404,9,26.000,2.889,2026-06-28 08:29:57.163683
7405,81,256.000,3.160,2026-06-28 08:29:57.163683
7406,65,217.500,3.346,2026-06-28 08:29:57.163683
7407,37,107.000,2.892,2026-06-28 08:29:57.163683
7408,49,154.000,3.143,2026-06-28 08:29:57.163683
7410,160,485.000,3.031,2026-06-28 08:29:57.163683
7411,30,66.500,2.217,2026-06-28 08:29:57.163683
7412,11,34.000,3.091,2026-06-28 08:29:57.163683
7413,23,53.000,2.304,2026-06-28 08:29:57.163683
7414,91,311.000,3.418,2026-06-28 08:29:57.163683
7415,93,329.500,3.543,2026-06-28 08:29:57.163683
7416,206,700.000,3.398,2026-06-28 08:29:57.163683
7417,83,252.000,3.036,2026-06-28 08:29:57.163683
7418,49,156.500,3.194,2026-06-28 08:29:57.163683
7419,1342,5176.000,3.857,2026-06-28 08:29:57.163683
7420,60,174.500,2.908,2026-06-28 08:29:57.163683
7422,5,17.500,3.500,2026-06-28 08:29:57.163683
7423,8,26.500,3.313,2026-06-28 08:29:57.163683
7437,192,598.000,3.115,2026-06-28 08:29:57.163683
7438,18684,72290.000,3.869,2026-06-28 08:29:57.163683
7439,1461,4430.000,3.032,2026-06-28 08:29:57.163683
7440,166,616.000,3.711,2026-06-28 08:29:57.163683
7441,7,18.000,2.571,2026-06-28 08:29:57.163683
7442,199,626.500,3.148,2026-06-28 08:29:57.163683
7443,17,46.500,2.735,2026-06-28 08:29:57.163683
7444,3330,10353.500,3.109,2026-06-28 08:29:57.163683
7445,4874,18513.500,3.798,2026-06-28 08:29:57.163683
7446,25,57.000,2.280,2026-06-28 08:29:57.163683
7447,6,23.000,3.833,2026-06-28 08:29:57.163683
7448,519,1216.000,2.343,2026-06-28 08:29:57.163683
7449,446,1073.000,2.406,2026-06-28 08:29:57.163683
7450,458,1384.000,3.022,2026-06-28 08:29:57.163683
7451,4517,15948.000,3.531,2026-06-28 08:29:57.163683
7453,229,512.000,2.236,2026-06-28 08:29:57.163683
7454,3712,10380.500,2.796,2026-06-28 08:29:57.163683
7455,33,108.000,3.273,2026-06-28 08:29:57.163683
7456,122,443.500,3.635,2026-06-28 08:29:57.163683
7457,60,165.000,2.750,2026-06-28 08:29:57.163683
7458,6087,20141.500,3.309,2026-06-28 08:29:57.163683
7459,295,1093.000,3.705,2026-06-28 08:29:57.163683
7460,1340,4673.000,3.487,2026-06-28 08:29:57.163683
7461,30,96.000,3.200,2026-06-28 08:29:57.163683
7474,86,306.500,3.564,2026-06-28 08:29:57.163683
7475,61,209.500,3.434,2026-06-28 08:29:57.163683
7477,46,112.500,2.446,2026-06-28 08:29:57.163683
7478,398,1573.000,3.952,2026-06-28 08:29:57.163683
7479,48,170.000,3.542,2026-06-28 08:29:57.163683
7480,90,316.000,3.511,2026-06-28 08:29:57.163683
7481,1058,3698.500,3.496,2026-06-28 08:29:57.163683
7482,2821,10654.000,3.777,2026-06-28 08:29:57.163683
7483,12,38.500,3.208,2026-06-28 08:29:57.163683
7484,519,1997.500,3.849,2026-06-28 08:29:57.163683
7485,149,561.500,3.768,2026-06-28 08:29:57.163683
7486,366,1395.500,3.813,2026-06-28 08:29:57.163683
7487,269,885.000,3.290,2026-06-28 08:29:57.163683
7488,47,167.000,3.553,2026-06-28 08:29:57.163683
7489,222,853.500,3.845,2026-06-28 08:29:57.163683
7490,50,172.500,3.450,2026-06-28 08:29:57.163683
7491,55,181.500,3.300,2026-06-28 08:29:57.163683
7492,125,418.500,3.348,2026-06-28 08:29:57.163683
7493,394,1503.000,3.815,2026-06-28 08:29:57.163683
7502,4305,18353.000,4.263,2026-06-28 08:29:57.163683
7505,334,1326.000,3.970,2026-06-28 08:29:57.163683
7521,32,89.500,2.797,2026-06-28 08:29:57.163683
7523,83,228.000,2.747,2026-06-28 08:29:57.163683
7528,9,28.000,3.111,2026-06-28 08:29:57.163683
7541,362,1103.000,3.047,2026-06-28 08:29:57.163683
7560,873,3444.500,3.946,2026-06-28 08:29:57.163683
7561,101,355.000,3.515,2026-06-28 08:29:57.163683
7562,204,701.500,3.439,2026-06-28 08:29:57.163683
7563,41,137.000,3.341,2026-06-28 08:29:57.163683
7564,290,1113.000,3.838,2026-06-28 08:29:57.163683
7565,25,64.000,2.560,2026-06-28 08:29:57.163683
7566,756,3041.500,4.023,2026-06-28 08:29:57.163683
7567,5,17.500,3.500,2026-06-28 08:29:57.163683
7569,2172,7845.000,3.612,2026-06-28 08:29:57.163683
7570,1436,4722.500,3.289,2026-06-28 08:29:57.163683
7571,50,162.500,3.250,2026-06-28 08:29:57.163683
7572,526,2043.500,3.885,2026-06-28 08:29:57.163683
7573,913,2968.500,3.251,2026-06-28 08:29:57.163683
7574,74,260.500,3.520,2026-06-28 08:29:57.163683
7577,177,680.000,3.842,2026-06-28 08:29:57.163683
7578,86,321.500,3.738,2026-06-28 08:29:57.163683
7579,537,1990.000,3.706,2026-06-28 08:29:57.163683
7580,122,441.500,3.619,2026-06-28 08:29:57.163683
7581,173,593.000,3.428,2026-06-28 08:29:57.163683
7582,24,82.500,3.438,2026-06-28 08:29:57.163683
7583,33,115.000,3.485,2026-06-28 08:29:57.163683
7584,395,1533.500,3.882,2026-06-28 08:29:57.163683
7585,117,435.500,3.722,2026-06-28 08:29:57.163683
7586,146,538.000,3.685,2026-06-28 08:29:57.163683
7587,645,2622.000,4.065,2026-06-28 08:29:57.163683
7613,102,334.000,3.275,2026-06-28 08:29:57.163683
7614,614,2123.000,3.458,2026-06-28 08:29:57.163683
7615,101,359.500,3.559,2026-06-28 08:29:57.163683
7616,322,1062.500,3.300,2026-06-28 08:29:57.163683
7617,226,764.500,3.383,2026-06-28 08:29:57.163683
7618,872,3137.500,3.598,2026-06-28 08:29:57.163683
7619,691,2660.500,3.850,2026-06-28 08:29:57.163683
7620,209,797.000,3.813,2026-06-28 08:29:57.163683
7621,22,72.500,3.295,2026-06-28 08:29:57.163683
7622,8,28.000,3.500,2026-06-28 08:29:57.163683
7623,11,37.000,3.364,2026-06-28 08:29:57.163683
7624,583,2007.000,3.443,2026-06-28 08:29:57.163683
7625,44,138.500,3.148,2026-06-28 08:29:57.163683
7626,127,350.000,2.756,2026-06-28 08:29:57.163683
7627,17,47.500,2.794,2026-06-28 08:29:57.163683
7636,201,573.500,2.853,2026-06-28 08:29:57.163683
7637,128,423.000,3.305,2026-06-28 08:29:57.163683
7638,50,159.000,3.180,2026-06-28 08:29:57.163683
7639,8,17.000,2.125,2026-06-28 08:29:57.163683
7644,9,32.500,3.611,2026-06-28 08:29:57.163683
7645,24,79.000,3.292,2026-06-28 08:29:57.163683
7646,314,978.500,3.116,2026-06-28 08:29:57.163683
7647,305,1131.500,3.710,2026-06-28 08:29:57.163683
7648,18,50.000,2.778,2026-06-28 08:29:57.163683
7649,1043,3834.000,3.676,2026-06-28 08:29:57.163683
7650,115,392.000,3.409,2026-06-28 08:29:57.163683
7657,77,230.000,2.987,2026-06-28 08:29:57.163683
7669,1734,6963.500,4.016,2026-06-28 08:29:57.163683
7675,80,268.500,3.356,2026-06-28 08:29:57.163683
7697,65,198.000,3.046,2026-06-28 08:29:57.163683
7698,982,3613.000,3.679,2026-06-28 08:29:57.163683
7699,15,45.000,3.000,2026-06-28 08:29:57.163683
7700,712,2907.000,4.083,2026-06-28 08:29:57.163683
7701,1533,3061.000,1.997,2026-06-28 08:29:57.163683
7702,191,677.000,3.545,2026-06-28 08:29:57.163683
7703,44,75.000,1.705,2026-06-28 08:29:57.163683
7704,211,523.000,2.479,2026-06-28 08:29:57.163683
7705,264,993.500,3.763,2026-06-28 08:29:57.163683
7706,922,3627.500,3.934,2026-06-28 08:29:57.163683
7707,191,538.500,2.819,2026-06-28 08:29:57.163683
7708,432,1448.000,3.352,2026-06-28 08:29:57.163683
7713,330,1152.000,3.491,2026-06-28 08:29:57.163683
7714,306,1100.500,3.596,2026-06-28 08:29:57.163683
7716,134,446.000,3.328,2026-06-28 08:29:57.163683
7719,37,112.500,3.041,2026-06-28 08:29:57.163683
7720,572,2067.500,3.615,2026-06-28 08:29:57.163683
7723,44,104.000,2.364,2026-06-28 08:29:57.163683
7724,65,149.500,2.300,2026-06-28 08:29:57.163683
7725,249,483.500,1.942,2026-06-28 08:29:57.163683
7726,10,31.500,3.150,2026-06-28 08:29:57.163683
7727,79,209.000,2.646,2026-06-28 08:29:57.163683
7728,616,2291.500,3.720,2026-06-28 08:29:57.163683
7730,118,385.500,3.267,2026-06-28 08:29:57.163683
7738,9,31.000,3.444,2026-06-28 08:29:57.163683
7739,43,121.000,2.814,2026-06-28 08:29:57.163683
7742,103,331.500,3.218,2026-06-28 08:29:57.163683
7743,446,1541.000,3.455,2026-06-28 08:29:57.163683
7745,285,1042.500,3.658,2026-06-28 08:29:57.163683
7748,346,1334.500,3.857,2026-06-28 08:29:57.163683
7749,228,841.500,3.691,2026-06-28 08:29:57.163683
7750,5,16.500,3.300,2026-06-28 08:29:57.163683
7751,14,46.500,3.321,2026-06-28 08:29:57.163683
7752,11,32.500,2.955,2026-06-28 08:29:57.163683
7753,101,363.000,3.594,2026-06-28 08:29:57.163683
7756,264,979.000,3.708,2026-06-28 08:29:57.163683
7757,772,2694.000,3.490,2026-06-28 08:29:57.163683
7758,42,139.000,3.310,2026-06-28 08:29:57.163683
7759,219,844.500,3.856,2026-06-28 08:29:57.163683
7761,50,180.500,3.610,2026-06-28 08:29:57.163683
7762,548,2153.000,3.929,2026-06-28 08:29:57.163683
7763,105,375.500,3.576,2026-06-28 08:29:57.163683
7764,57,159.500,2.798,2026-06-28 08:29:57.163683
7765,7,26.500,3.786,2026-06-28 08:29:57.163683
7766,1061,4312.000,4.064,2026-06-28 08:29:57.163683
7767,425,1714.000,4.033,2026-06-28 08:29:57.163683
7768,25,57.000,2.280,2026-06-28 08:29:57.163683
7769,40,121.500,3.038,2026-06-28 08:29:57.163683
7770,87,297.000,3.414,2026-06-28 08:29:57.163683
7771,422,1577.000,3.737,2026-06-28 08:29:57.163683
7772,20,62.000,3.100,2026-06-28 08:29:57.163683
7773,475,1777.500,3.742,2026-06-28 08:29:57.163683
7774,45,150.000,3.333,2026-06-28 08:29:57.163683
7775,41,138.500,3.378,2026-06-28 08:29:57.163683
7778,7,19.000,2.714,2026-06-28 08:29:57.163683
7781,398,1198.000,3.010,2026-06-28 08:29:57.163683
7782,319,972.500,3.049,2026-06-28 08:29:57.163683
7783,9,31.500,3.500,2026-06-28 08:29:57.163683
7784,84,237.000,2.821,2026-06-28 08:29:57.163683
7785,67,240.000,3.582,2026-06-28 08:29:57.163683
7786,190,745.000,3.921,2026-06-28 08:29:57.163683
7787,105,385.500,3.671,2026-06-28 08:29:57.163683
7789,120,404.000,3.367,2026-06-28 08:29:57.163683
7790,177,578.500,3.268,2026-06-28 08:29:57.163683
7791,311,1033.500,3.323,2026-06-28 08:29:57.163683
7792,440,1625.500,3.694,2026-06-28 08:29:57.163683
7802,1226,4566.000,3.724,2026-06-28 08:29:57.163683
7808,11,30.500,2.773,2026-06-28 08:29:57.163683
7809,306,977.000,3.193,2026-06-28 08:29:57.163683
7810,562,1996.000,3.552,2026-06-28 08:29:57.163683
7811,420,1375.000,3.274,2026-06-28 08:29:57.163683
7812,440,1480.500,3.365,2026-06-28 08:29:57.163683
7813,26,80.500,3.096,2026-06-28 08:29:57.163683
7814,34,109.500,3.221,2026-06-28 08:29:57.163683
7815,191,709.500,3.715,2026-06-28 08:29:57.163683
7817,432,1245.500,2.883,2026-06-28 08:29:57.163683
7818,64,213.000,3.328,2026-06-28 08:29:57.163683
7820,477,1926.500,4.039,2026-06-28 08:29:57.163683
7821,39,137.000,3.513,2026-06-28 08:29:57.163683
7822,57,181.000,3.175,2026-06-28 08:29:57.163683
7824,17,58.500,3.441,2026-06-28 08:29:57.163683
7825,5,14.500,2.900,2026-06-28 08:29:57.163683
7826,313,1155.000,3.690,2026-06-28 08:29:57.163683
7827,832,2995.500,3.600,2026-06-28 08:29:57.163683
7828,16,52.000,3.250,2026-06-28 08:29:57.163683
7831,336,1303.000,3.878,2026-06-28 08:29:57.163683
7832,216,835.000,3.866,2026-06-28 08:29:57.163683
7833,278,1072.000,3.856,2026-06-28 08:29:57.163683
7834,490,1913.000,3.904,2026-06-28 08:29:57.163683
7835,169,631.500,3.737,2026-06-28 08:29:57.163683
7836,1017,3954.000,3.888,2026-06-28 08:29:57.163683
7837,40,119.500,2.988,2026-06-28 08:29:57.163683
7838,6,19.000,3.167,2026-06-28 08:29:57.163683
7839,45,150.000,3.333,2026-06-28 08:29:57.163683
7840,407,1510.000,3.710,2026-06-28 08:29:57.163683
7841,829,3017.000,3.639,2026-06-28 08:29:57.163683
7842,1608,5738.500,3.569,2026-06-28 08:29:57.163683
7843,110,398.500,3.623,2026-06-28 08:29:57.163683
7844,346,1311.500,3.790,2026-06-28 08:29:57.163683
7845,473,1261.500,2.667,2026-06-28 08:29:57.163683
7846,306,718.500,2.348,2026-06-28 08:29:57.163683
7847,102,330.500,3.240,2026-06-28 08:29:57.163683
7850,8,27.500,3.438,2026-06-28 08:29:57.163683
7872,18,62.000,3.444,2026-06-28 08:29:57.163683
7878,43,133.500,3.105,2026-06-28 08:29:57.163683
7879,202,687.000,3.401,2026-06-28 08:29:57.163683
7880,30,98.500,3.283,2026-06-28 08:29:57.163683
7881,120,381.000,3.175,2026-06-28 08:29:57.163683
7882,39,125.000,3.205,2026-06-28 08:29:57.163683
7883,202,705.500,3.493,2026-06-28 08:29:57.163683
7884,112,407.500,3.638,2026-06-28 08:29:57.163683
7885,54,165.000,3.056,2026-06-28 08:29:57.163683
7886,46,136.500,2.967,2026-06-28 08:29:57.163683
7887,23,52.500,2.283,2026-06-28 08:29:57.163683
7888,279,1006.000,3.606,2026-06-28 08:29:57.163683
7889,276,964.000,3.493,2026-06-28 08:29:57.163683
7890,46,146.500,3.185,2026-06-28 08:29:57.163683
7891,218,761.500,3.493,2026-06-28 08:29:57.163683
7892,94,296.500,3.154,2026-06-28 08:29:57.163683
7893,45,133.500,2.967,2026-06-28 08:29:57.163683
7894,339,1215.000,3.584,2026-06-28 08:29:57.163683
7895,251,927.000,3.693,2026-06-28 08:29:57.163683
7896,209,754.000,3.608,2026-06-28 08:29:57.163683
7897,143,512.500,3.584,2026-06-28 08:29:57.163683
7898,60,197.500,3.292,2026-06-28 08:29:57.163683
7899,153,557.500,3.644,2026-06-28 08:29:57.163683
7900,35,100.000,2.857,2026-06-28 08:29:57.163683
7901,28,89.000,3.179,2026-06-28 08:29:57.163683
7912,35,115.000,3.286,2026-06-28 08:29:57.163683
7913,28,84.000,3.000,2026-06-28 08:29:57.163683
7914,64,223.000,3.484,2026-06-28 08:29:57.163683
7915,214,780.500,3.647,2026-06-28 08:29:57.163683
7916,91,285.000,3.132,2026-06-28 08:29:57.163683
7917,46,130.000,2.826,2026-06-28 08:29:57.163683
7918,160,569.500,3.559,2026-06-28 08:29:57.163683
7919,145,557.500,3.845,2026-06-28 08:29:57.163683
7920,148,565.000,3.818,2026-06-28 08:29:57.163683
7921,36,77.000,2.139,2026-06-28 08:29:57.163683
7922,40,124.500,3.113,2026-06-28 08:29:57.163683
7923,98,347.000,3.541,2026-06-28 08:29:57.163683
7924,411,1612.500,3.923,2026-06-28 08:29:57.163683
7925,982,3901.000,3.973,2026-06-28 08:29:57.163683
7926,601,2464.000,4.100,2026-06-28 08:29:57.163683
7928,29,96.500,3.328,2026-06-28 08:29:57.163683
7930,221,649.000,2.937,2026-06-28 08:29:57.163683
7931,12,38.000,3.167,2026-06-28 08:29:57.163683
7932,445,1732.000,3.892,2026-06-28 08:29:57.163683
7933,213,757.500,3.556,2026-06-28 08:29:57.163683
7934,1203,4549.500,3.782,2026-06-28 08:29:57.163683
7935,50,181.000,3.620,2026-06-28 08:29:57.163683
7936,159,620.000,3.899,2026-06-28 08:29:57.163683
7937,306,1205.500,3.940,2026-06-28 08:29:57.163683
7938,318,1281.500,4.030,2026-06-28 08:29:57.163683
7939,350,1400.000,4.000,2026-06-28 08:29:57.163683
7940,164,610.500,3.723,2026-06-28 08:29:57.163683
7941,326,1308.000,4.012,2026-06-28 08:29:57.163683
7942,155,572.500,3.694,2026-06-28 08:29:57.163683
7943,469,1836.000,3.915,2026-06-28 08:29:57.163683
7944,233,893.000,3.833,2026-06-28 08:29:57.163683
7945,17,62.500,3.676,2026-06-28 08:29:57.163683
7946,54,176.000,3.259,2026-06-28 08:29:57.163683
7947,73,254.500,3.486,2026-06-28 08:29:57.163683
7948,62,206.500,3.331,2026-06-28 08:29:57.163683
7949,75,240.500,3.207,2026-06-28 08:29:57.163683
7950,9,28.500,3.167,2026-06-28 08:29:57.163683
7951,210,667.000,3.176,2026-06-28 08:29:57.163683
7952,19,52.000,2.737,2026-06-28 08:29:57.163683
7953,25,84.000,3.360,2026-06-28 08:29:57.163683
7954,46,135.500,2.946,2026-06-28 08:29:57.163683
7958,30,83.000,2.767,2026-06-28 08:29:57.163683
7959,70,230.500,3.293,2026-06-28 08:29:57.163683
7976,269,853.000,3.171,2026-06-28 08:29:57.163683
7979,271,1062.000,3.919,2026-06-28 08:29:57.163683
7980,1112,4167.500,3.748,2026-06-28 08:29:57.163683
7981,1888,7506.500,3.976,2026-06-28 08:29:57.163683
7982,620,2250.000,3.629,2026-06-28 08:29:57.163683
7983,676,2540.500,3.758,2026-06-28 08:29:57.163683
7984,242,815.500,3.370,2026-06-28 08:29:57.163683
7985,12,39.000,3.250,2026-06-28 08:29:57.163683
7986,99,222.500,2.247,2026-06-28 08:29:57.163683
7987,68,204.500,3.007,2026-06-28 08:29:57.163683
7988,127,327.000,2.575,2026-06-28 08:29:57.163683
7989,27,77.000,2.852,2026-06-28 08:29:57.163683
7990,244,831.000,3.406,2026-06-28 08:29:57.163683
7991,545,1758.500,3.227,2026-06-28 08:29:57.163683
7992,27,100.500,3.722,2026-06-28 08:29:57.163683
7993,84,272.500,3.244,2026-06-28 08:29:57.163683
7994,24,78.500,3.271,2026-06-28 08:29:57.163683
7995,36,120.000,3.333,2026-06-28 08:29:57.163683
8003,46,142.500,3.098,2026-06-28 08:29:57.163683
8004,52,156.000,3.000,2026-06-28 08:29:57.163683
8007,60,191.500,3.192,2026-06-28 08:29:57.163683
8008,394,1321.500,3.354,2026-06-28 08:29:57.163683
8009,30,94.500,3.150,2026-06-28 08:29:57.163683
8010,468,1724.000,3.684,2026-06-28 08:29:57.163683
8011,432,1665.500,3.855,2026-06-28 08:29:57.163683
8012,551,2125.000,3.857,2026-06-28 08:29:57.163683
8013,72,239.000,3.319,2026-06-28 08:29:57.163683
8014,1643,6608.000,4.022,2026-06-28 08:29:57.163683
8015,227,814.000,3.586,2026-06-28 08:29:57.163683
8016,507,1844.500,3.638,2026-06-28 08:29:57.163683
8017,144,499.000,3.465,2026-06-28 08:29:57.163683
8019,594,2024.500,3.408,2026-06-28 08:29:57.163683
8024,91,281.000,3.088,2026-06-28 08:29:57.163683
8025,69,229.000,3.319,2026-06-28 08:29:57.163683
8033,591,2318.500,3.923,2026-06-28 08:29:57.163683
8035,83,237.500,2.861,2026-06-28 08:29:57.163683
8037,12,37.500,3.125,2026-06-28 08:29:57.163683
8039,456,1668.500,3.659,2026-06-28 08:29:57.163683
8040,101,335.500,3.322,2026-06-28 08:29:57.163683
8041,12,32.000,2.667,2026-06-28 08:29:57.163683
8042,1431,5504.000,3.846,2026-06-28 08:29:57.163683
8043,73,213.000,2.918,2026-06-28 08:29:57.163683
8044,284,1094.500,3.854,2026-06-28 08:29:57.163683
8045,411,1339.500,3.259,2026-06-28 08:29:57.163683
8055,18,46.500,2.583,2026-06-28 08:29:57.163683
8056,96,321.500,3.349,2026-06-28 08:29:57.163683
8057,67,234.000,3.493,2026-06-28 08:29:57.163683
8062,110,272.500,2.477,2026-06-28 08:29:57.163683
8063,61,195.000,3.197,2026-06-28 08:29:57.163683
8068,21,76.500,3.643,2026-06-28 08:29:57.163683
8069,25,78.500,3.140,2026-06-28 08:29:57.163683
8070,26,88.000,3.385,2026-06-28 08:29:57.163683
8092,71,199.500,2.810,2026-06-28 08:29:57.163683
8093,132,399.000,3.023,2026-06-28 08:29:57.163683
8094,539,2063.500,3.828,2026-06-28 08:29:57.163683
8095,6,16.500,2.750,2026-06-28 08:29:57.163683
8117,311,1150.000,3.698,2026-06-28 08:29:57.163683
8118,83,184.500,2.223,2026-06-28 08:29:57.163683
8119,222,696.500,3.137,2026-06-28 08:29:57.163683
8120,20,65.000,3.250,2026-06-28 08:29:57.163683
8121,227,852.000,3.753,2026-06-28 08:29:57.163683
8122,14,21.000,1.500,2026-06-28 08:29:57.163683
8123,78,271.500,3.481,2026-06-28 08:29:57.163683
8124,34,110.500,3.250,2026-06-28 08:29:57.163683
8125,461,1862.000,4.039,2026-06-28 08:29:57.163683
8126,154,551.000,3.578,2026-06-28 08:29:57.163683
8127,58,177.000,3.052,2026-06-28 08:29:57.163683
8128,742,2953.000,3.980,2026-06-28 08:29:57.163683
8129,87,234.500,2.695,2026-06-28 08:29:57.163683
8130,133,415.500,3.124,2026-06-28 08:29:57.163683
8131,622,2301.500,3.700,2026-06-28 08:29:57.163683
8132,3595,14205.500,3.951,2026-06-28 08:29:57.163683
8133,79,287.000,3.633,2026-06-28 08:29:57.163683
8134,184,616.500,3.351,2026-06-28 08:29:57.163683
8136,33,70.000,2.121,2026-06-28 08:29:57.163683
8137,41,88.000,2.146,2026-06-28 08:29:57.163683
8138,58,111.500,1.922,2026-06-28 08:29:57.163683
8139,24,72.500,3.021,2026-06-28 08:29:57.163683
8140,54,185.500,3.435,2026-06-28 08:29:57.163683
8141,25,65.500,2.620,2026-06-28 08:29:57.163683
8142,140,463.500,3.311,2026-06-28 08:29:57.163683
8143,82,294.000,3.585,2026-06-28 08:29:57.163683
8147,531,1945.000,3.663,2026-06-28 08:29:57.163683
8148,12,42.500,3.542,2026-06-28 08:29:57.163683
8149,36,111.500,3.097,2026-06-28 08:29:57.163683
8153,126,447.000,3.548,2026-06-28 08:29:57.163683
8154,1268,5030.500,3.967,2026-06-28 08:29:57.163683
8157,553,2035.000,3.680,2026-06-28 08:29:57.163683
8158,452,1584.000,3.504,2026-06-28 08:29:57.163683
8167,467,1800.500,3.855,2026-06-28 08:29:57.163683
8168,47,141.000,3.000,2026-06-28 08:29:57.163683
8169,1730,5614.000,3.245,2026-06-28 08:29:57.163683
8183,660,2425.000,3.674,2026-06-28 08:29:57.163683
8187,45,140.000,3.111,2026-06-28 08:29:57.163683
8188,206,823.000,3.995,2026-06-28 08:29:57.163683
8189,79,268.500,3.399,2026-06-28 08:29:57.163683
8190,137,491.000,3.584,2026-06-28 08:29:57.163683
8191,293,1109.500,3.787,2026-06-28 08:29:57.163683
8194,79,272.500,3.449,2026-06-28 08:29:57.163683
8195,432,1706.000,3.949,2026-06-28 08:29:57.163683
8196,195,608.000,3.118,2026-06-28 08:29:57.163683
8197,451,1755.500,3.892,2026-06-28 08:29:57.163683
8198,64,217.500,3.398,2026-06-28 08:29:57.163683
8199,350,1379.000,3.940,2026-06-28 08:29:57.163683
8201,100,341.500,3.415,2026-06-28 08:29:57.163683
8202,45,163.000,3.622,2026-06-28 08:29:57.163683
8203,22,80.500,3.659,2026-06-28 08:29:57.163683
8206,63,192.500,3.056,2026-06-28 08:29:57.163683
8207,1735,6804.000,3.922,2026-06-28 08:29:57.163683
8208,95,345.000,3.632,2026-06-28 08:29:57.163683
8220,19,50.000,2.632,2026-06-28 08:29:57.163683
8221,153,556.500,3.637,2026-06-28 08:29:57.163683
8222,97,318.000,3.278,2026-06-28 08:29:57.163683
8224,14,47.500,3.393,2026-06-28 08:29:57.163683
8225,554,1829.000,3.301,2026-06-28 08:29:57.163683
8227,87,284.500,3.270,2026-06-28 08:29:57.163683
8228,2606,10575.500,4.058,2026-06-28 08:29:57.163683
8232,64,236.500,3.695,2026-06-28 08:29:57.163683
8235,319,1255.500,3.936,2026-06-28 08:29:57.163683
8236,39,133.500,3.423,2026-06-28 08:29:57.163683
8237,7,23.000,3.286,2026-06-28 08:29:57.163683
8238,47,159.000,3.383,2026-06-28 08:29:57.163683
8239,344,1359.000,3.951,2026-06-28 08:29:57.163683
8240,29,92.000,3.172,2026-06-28 08:29:57.163683
8241,62,152.000,2.452,2026-06-28 08:29:57.163683
8252,27,81.500,3.019,2026-06-28 08:29:57.163683
8253,880,3403.000,3.867,2026-06-28 08:29:57.163683
8254,516,1915.500,3.712,2026-06-28 08:29:57.163683
8255,32,102.000,3.188,2026-06-28 08:29:57.163683
8256,113,413.500,3.659,2026-06-28 08:29:57.163683
8257,74,260.500,3.520,2026-06-28 08:29:57.163683
8258,81,252.500,3.117,2026-06-28 08:29:57.163683
8259,85,266.500,3.135,2026-06-28 08:29:57.163683
8260,85,311.000,3.659,2026-06-28 08:29:57.163683
8261,315,1197.000,3.800,2026-06-28 08:29:57.163683
8262,14,49.000,3.500,2026-06-28 08:29:57.163683
8263,60,199.000,3.317,2026-06-28 08:29:57.163683
8264,250,954.500,3.818,2026-06-28 08:29:57.163683
8265,65,147.500,2.269,2026-06-28 08:29:57.163683
8266,523,1554.500,2.972,2026-06-28 08:29:57.163683
8267,16,51.500,3.219,2026-06-28 08:29:57.163683
8268,412,1284.000,3.117,2026-06-28 08:29:57.163683
8269,38,90.000,2.368,2026-06-28 08:29:57.163683
8270,233,868.500,3.727,2026-06-28 08:29:57.163683
8272,58,187.500,3.233,2026-06-28 08:29:57.163683
8273,160,555.000,3.469,2026-06-28 08:29:57.163683
8275,108,397.500,3.681,2026-06-28 08:29:57.163683
8290,76,115.500,1.520,2026-06-28 08:29:57.163683
8291,222,801.000,3.608,2026-06-28 08:29:57.163683
8292,58,207.500,3.578,2026-06-28 08:29:57.163683
8293,28,86.500,3.089,2026-06-28 08:29:57.163683
8294,34,106.500,3.132,2026-06-28 08:29:57.163683
8295,164,556.500,3.393,2026-06-28 08:29:57.163683
8302,92,332.000,3.609,2026-06-28 08:29:57.163683
8327,374,1434.500,3.836,2026-06-28 08:29:57.163683
8329,15,51.500,3.433,2026-06-28 08:29:57.163683
8330,153,573.500,3.748,2026-06-28 08:29:57.163683
8331,131,484.500,3.698,2026-06-28 08:29:57.163683
8332,105,384.000,3.657,2026-06-28 08:29:57.163683
8334,214,777.000,3.631,2026-06-28 08:29:57.163683
8335,73,287.000,3.932,2026-06-28 08:29:57.163683
8336,97,354.000,3.649,2026-06-28 08:29:57.163683
8337,1025,4027.000,3.929,2026-06-28 08:29:57.163683
8338,366,1404.500,3.837,2026-06-28 08:29:57.163683
8339,10,38.000,3.800,2026-06-28 08:29:57.163683
8340,2431,9183.000,3.777,2026-06-28 08:29:57.163683
8341,512,1873.000,3.658,2026-06-28 08:29:57.163683
8360,14564,52254.500,3.588,2026-06-28 08:29:57.163683
8361,5980,18197.000,3.043,2026-06-28 08:29:57.163683
8362,522,1581.000,3.029,2026-06-28 08:29:57.163683
8363,312,635.000,2.035,2026-06-28 08:29:57.163683
8364,313,1128.000,3.604,2026-06-28 08:29:57.163683
8365,117,406.000,3.470,2026-06-28 08:29:57.163683
8366,2338,8473.000,3.624,2026-06-28 08:29:57.163683
8367,108,351.000,3.250,2026-06-28 08:29:57.163683
8368,13157,49366.000,3.752,2026-06-28 08:29:57.163683
8369,618,1866.500,3.020,2026-06-28 08:29:57.163683
8370,1692,6422.500,3.796,2026-06-28 08:29:57.163683
8371,3370,10965.500,3.254,2026-06-28 08:29:57.163683
8372,1080,2432.500,2.252,2026-06-28 08:29:57.163683
8373,1821,4827.000,2.651,2026-06-28 08:29:57.163683
8374,40,134.000,3.350,2026-06-28 08:29:57.163683
8375,83,268.000,3.229,2026-06-28 08:29:57.163683
8376,6502,22010.500,3.385,2026-06-28 08:29:57.163683
8377,71,244.500,3.444,2026-06-28 08:29:57.163683
8378,155,524.500,3.384,2026-06-28 08:29:57.163683
8379,253,947.500,3.745,2026-06-28 08:29:57.163683
8380,54,112.000,2.074,2026-06-28 08:29:57.163683
8381,40,143.500,3.588,2026-06-28 08:29:57.163683
8382,80,193.500,2.419,2026-06-28 08:29:57.163683
8383,111,309.500,2.788,2026-06-28 08:29:57.163683
8384,29,87.000,3.000,2026-06-28 08:29:57.163683
8385,146,531.000,3.637,2026-06-28 08:29:57.163683
8387,927,1620.500,1.748,2026-06-28 08:29:57.163683
8388,34,107.500,3.162,2026-06-28 08:29:57.163683
8391,65,224.500,3.454,2026-06-28 08:29:57.163683
8392,36,110.500,3.069,2026-06-28 08:29:57.163683
8393,38,77.500,2.039,2026-06-28 08:29:57.163683
8395,91,324.500,3.566,2026-06-28 08:29:57.163683
8397,36,112.000,3.111,2026-06-28 08:29:57.163683
8398,20,66.000,3.300,2026-06-28 08:29:57.163683
8399,18,53.500,2.972,2026-06-28 08:29:57.163683
8400,83,290.500,3.500,2026-06-28 08:29:57.163683
8401,279,1032.000,3.699,2026-06-28 08:29:57.163683
8402,33,95.500,2.894,2026-06-28 08:29:57.163683
8403,29,91.000,3.138,2026-06-28 08:29:57.163683
8404,355,1308.000,3.685,2026-06-28 08:29:57.163683
8405,241,906.500,3.761,2026-06-28 08:29:57.163683
8407,46,158.500,3.446,2026-06-28 08:29:57.163683
8410,97,338.000,3.485,2026-06-28 08:29:57.163683
8411,6,11.000,1.833,2026-06-28 08:29:57.163683
8420,14,55.000,3.929,2026-06-28 08:29:57.163683
8421,37,116.000,3.135,2026-06-28 08:29:57.163683
8422,45,154.500,3.433,2026-06-28 08:29:57.163683
8423,51,187.500,3.676,2026-06-28 08:29:57.163683
8424,26,79.500,3.058,2026-06-28 08:29:57.163683
8425,60,151.500,2.525,2026-06-28 08:29:57.163683
8426,126,425.500,3.377,2026-06-28 08:29:57.163683
8427,38,69.000,1.816,2026-06-28 08:29:57.163683
8444,13,41.000,3.154,2026-06-28 08:29:57.163683
8446,194,656.000,3.381,2026-06-28 08:29:57.163683
8447,157,444.000,2.828,2026-06-28 08:29:57.163683
8448,15,51.000,3.400,2026-06-28 08:29:57.163683
8450,16,50.000,3.125,2026-06-28 08:29:57.163683
8451,277,997.000,3.599,2026-06-28 08:29:57.163683
8452,20,32.500,1.625,2026-06-28 08:29:57.163683
8453,38,114.500,3.013,2026-06-28 08:29:57.163683
8454,40,128.000,3.200,2026-06-28 08:29:57.163683
8455,16,53.000,3.313,2026-06-28 08:29:57.163683
8456,92,346.500,3.766,2026-06-28 08:29:57.163683
8457,5,15.500,3.100,2026-06-28 08:29:57.163683
8458,16,55.000,3.438,2026-06-28 08:29:57.163683
8459,246,966.000,3.927,2026-06-28 08:29:57.163683
8460,124,406.500,3.278,2026-06-28 08:29:57.163683
8461,5,15.000,3.000,2026-06-28 08:29:57.163683
8462,45,156.500,3.478,2026-06-28 08:29:57.163683
8463,67,236.000,3.522,2026-06-28 08:29:57.163683
8464,8375,30639.000,3.658,2026-06-28 08:29:57.163683
8465,12,33.500,2.792,2026-06-28 08:29:57.163683
8469,10,28.500,2.850,2026-06-28 08:29:57.163683
8477,759,3035.000,3.999,2026-06-28 08:29:57.163683
8478,33,117.000,3.545,2026-06-28 08:29:57.163683
8480,26,83.500,3.212,2026-06-28 08:29:57.163683
8481,90,318.500,3.539,2026-06-28 08:29:57.163683
8482,355,1320.500,3.720,2026-06-28 08:29:57.163683
8483,32,92.000,2.875,2026-06-28 08:29:57.163683
8484,93,353.000,3.796,2026-06-28 08:29:57.163683
8485,162,599.500,3.701,2026-06-28 08:29:57.163683
8486,64,226.000,3.531,2026-06-28 08:29:57.163683
8487,134,435.500,3.250,2026-06-28 08:29:57.163683
8488,46,152.000,3.304,2026-06-28 08:29:57.163683
8491,636,2548.500,4.007,2026-06-28 08:29:57.163683
8492,749,2871.500,3.834,2026-06-28 08:29:57.163683
8493,1389,4953.500,3.566,2026-06-28 08:29:57.163683
8494,198,712.500,3.598,2026-06-28 08:29:57.163683
8495,177,599.500,3.387,2026-06-28 08:29:57.163683
8496,154,538.500,3.497,2026-06-28 08:29:57.163683
8499,154,529.000,3.435,2026-06-28 08:29:57.163683
8500,5,14.000,2.800,2026-06-28 08:29:57.163683
8501,714,2477.500,3.470,2026-06-28 08:29:57.163683
8502,124,405.500,3.270,2026-06-28 08:29:57.163683
8503,76,237.500,3.125,2026-06-28 08:29:57.163683
8504,80,272.500,3.406,2026-06-28 08:29:57.163683
8505,66,236.500,3.583,2026-06-28 08:29:57.163683
8506,48,133.000,2.771,2026-06-28 08:29:57.163683
8507,1238,4706.000,3.801,2026-06-28 08:29:57.163683
8511,105,388.500,3.700,2026-06-28 08:29:57.163683
8512,304,1007.500,3.314,2026-06-28 08:29:57.163683
8516,297,1192.000,4.013,2026-06-28 08:29:57.163683
8518,44,154.000,3.500,2026-06-28 08:29:57.163683
8519,13,30.000,2.308,2026-06-28 08:29:57.163683
8520,189,648.000,3.429,2026-06-28 08:29:57.163683
8521,246,857.000,3.484,2026-06-28 08:29:57.163683
8522,82,277.000,3.378,2026-06-28 08:29:57.163683
8524,52,158.500,3.048,2026-06-28 08:29:57.163683
8525,74,233.500,3.155,2026-06-28 08:29:57.163683
8526,910,2603.500,2.861,2026-06-28 08:29:57.163683
8527,187,558.500,2.987,2026-06-28 08:29:57.163683
8528,5403,18016.000,3.334,2026-06-28 08:29:57.163683
8529,5264,18475.000,3.510,2026-06-28 08:29:57.163683
8530,862,3376.500,3.917,2026-06-28 08:29:57.163683
8531,1177,2747.500,2.334,2026-06-28 08:29:57.163683
8532,439,1493.500,3.402,2026-06-28 08:29:57.163683
8533,3968,15094.500,3.804,2026-06-28 08:29:57.163683
8534,144,483.000,3.354,2026-06-28 08:29:57.163683
8535,322,1028.500,3.194,2026-06-28 08:29:57.163683
8537,112,338.500,3.022,2026-06-28 08:29:57.163683
8540,58,173.000,2.983,2026-06-28 08:29:57.163683
8541,9,17.500,1.944,2026-06-28 08:29:57.163683
8542,873,3443.000,3.944,2026-06-28 08:29:57.163683
8543,62,182.500,2.944,2026-06-28 08:29:57.163683
8544,28,92.000,3.286,2026-06-28 08:29:57.163683
8571,171,538.500,3.149,2026-06-28 08:29:57.163683
8572,43,140.000,3.256,2026-06-28 08:29:57.163683
8573,185,673.500,3.641,2026-06-28 08:29:57.163683
8574,199,706.500,3.550,2026-06-28 08:29:57.163683
8575,190,673.500,3.545,2026-06-28 08:29:57.163683
8576,479,1656.500,3.458,2026-06-28 08:29:57.163683
8577,52,185.000,3.558,2026-06-28 08:29:57.163683
8578,211,637.000,3.019,2026-06-28 08:29:57.163683
8579,46,157.500,3.424,2026-06-28 08:29:57.163683
8580,456,1795.000,3.936,2026-06-28 08:29:57.163683
8581,1004,3697.000,3.682,2026-06-28 08:29:57.163683
8582,474,1841.000,3.884,2026-06-28 08:29:57.163683
8583,43,148.500,3.453,2026-06-28 08:29:57.163683
8584,123,449.000,3.650,2026-06-28 08:29:57.163683
8585,78,237.000,3.038,2026-06-28 08:29:57.163683
8586,21,72.000,3.429,2026-06-28 08:29:57.163683
8587,63,196.000,3.111,2026-06-28 08:29:57.163683
8588,132,345.000,2.614,2026-06-28 08:29:57.163683
8589,581,2163.000,3.723,2026-06-28 08:29:57.163683
8591,434,1383.000,3.187,2026-06-28 08:29:57.163683
8592,10,32.500,3.250,2026-06-28 08:29:57.163683
8593,110,355.000,3.227,2026-06-28 08:29:57.163683
8594,8,24.000,3.000,2026-06-28 08:29:57.163683
8595,67,238.000,3.552,2026-06-28 08:29:57.163683
8596,1060,3831.500,3.615,2026-06-28 08:29:57.163683
8597,16,37.500,2.344,2026-06-28 08:29:57.163683
8598,89,285.000,3.202,2026-06-28 08:29:57.163683
8599,17,51.000,3.000,2026-06-28 08:29:57.163683
8600,452,1700.000,3.761,2026-06-28 08:29:57.163683
8601,145,537.500,3.707,2026-06-28 08:29:57.163683
8602,120,446.500,3.721,2026-06-28 08:29:57.163683
8603,17,54.500,3.206,2026-06-28 08:29:57.163683
8604,828,2909.500,3.514,2026-06-28 08:29:57.163683
8605,289,893.000,3.090,2026-06-28 08:29:57.163683
8606,17,59.500,3.500,2026-06-28 08:29:57.163683
8607,705,2712.000,3.847,2026-06-28 08:29:57.163683
8608,91,316.000,3.473,2026-06-28 08:29:57.163683
8609,202,770.000,3.812,2026-06-28 08:29:57.163683
8610,932,3340.000,3.584,2026-06-28 08:29:57.163683
8611,66,229.500,3.477,2026-06-28 08:29:57.163683
8612,114,335.000,2.939,2026-06-28 08:29:57.163683
8613,25,72.500,2.900,2026-06-28 08:29:57.163683
8614,778,2474.500,3.181,2026-06-28 08:29:57.163683
8615,45,142.500,3.167,2026-06-28 08:29:57.163683
8616,60,196.000,3.267,2026-06-28 08:29:57.163683
8617,91,279.500,3.071,2026-06-28 08:29:57.163683
8618,197,734.500,3.728,2026-06-28 08:29:57.163683
8619,36,125.500,3.486,2026-06-28 08:29:57.163683
8620,434,1724.500,3.974,2026-06-28 08:29:57.163683
8621,15,50.000,3.333,2026-06-28 08:29:57.163683
8622,8179,29258.500,3.577,2026-06-28 08:29:57.163683
8623,2335,8179.500,3.503,2026-06-28 08:29:57.163683
8624,15,47.000,3.133,2026-06-28 08:29:57.163683
8625,23,82.000,3.565,2026-06-28 08:29:57.163683
8626,49,142.500,2.908,2026-06-28 08:29:57.163683
8628,15,49.500,3.300,2026-06-28 08:29:57.163683
8629,58,205.000,3.534,2026-06-28 08:29:57.163683
8630,14,50.500,3.607,2026-06-28 08:29:57.163683
8631,79,263.000,3.329,2026-06-28 08:29:57.163683
8632,15,35.500,2.367,2026-06-28 08:29:57.163683
8633,1444,4913.000,3.402,2026-06-28 08:29:57.163683
8634,119,308.000,2.588,2026-06-28 08:29:57.163683
8635,28,74.000,2.643,2026-06-28 08:29:57.163683
8636,15712,55795.000,3.551,2026-06-28 08:29:57.163683
8637,13,34.500,2.654,2026-06-28 08:29:57.163683
8638,3449,13580.500,3.938,2026-06-28 08:29:57.163683
8639,249,738.500,2.966,2026-06-28 08:29:57.163683
8640,1971,5980.000,3.034,2026-06-28 08:29:57.163683
8641,5258,18365.000,3.493,2026-06-28 08:29:57.163683
8642,98,258.500,2.638,2026-06-28 08:29:57.163683
8643,648,2035.000,3.140,2026-06-28 08:29:57.163683
8644,9666,33442.500,3.460,2026-06-28 08:29:57.163683
8645,2218,8543.500,3.852,2026-06-28 08:29:57.163683
8646,7,19.500,2.786,2026-06-28 08:29:57.163683
8647,17,46.500,2.735,2026-06-28 08:29:57.163683
8648,21,58.000,2.762,2026-06-28 08:29:57.163683
8649,48,134.000,2.792,2026-06-28 08:29:57.163683
8650,139,525.500,3.781,2026-06-28 08:29:57.163683
8651,153,539.500,3.526,2026-06-28 08:29:57.163683
8652,16,45.500,2.844,2026-06-28 08:29:57.163683
8653,20,52.500,2.625,2026-06-28 08:29:57.163683
8654,33,98.500,2.985,2026-06-28 08:29:57.163683
8655,52,166.500,3.202,2026-06-28 08:29:57.163683
8656,486,1967.000,4.047,2026-06-28 08:29:57.163683
8657,62,209.000,3.371,2026-06-28 08:29:57.163683
8658,57,132.000,2.316,2026-06-28 08:29:57.163683
8659,25,84.500,3.380,2026-06-28 08:29:57.163683
8660,36,121.000,3.361,2026-06-28 08:29:57.163683
8661,211,725.000,3.436,2026-06-28 08:29:57.163683
8662,88,304.000,3.455,2026-06-28 08:29:57.163683
8663,54,184.500,3.417,2026-06-28 08:29:57.163683
8664,30,100.500,3.350,2026-06-28 08:29:57.163683
8665,13435,51685.500,3.847,2026-06-28 08:29:57.163683
8666,1425,2732.000,1.917,2026-06-28 08:29:57.163683
8667,299,1035.000,3.462,2026-06-28 08:29:57.163683
8668,8,25.000,3.125,2026-06-28 08:29:57.163683
8669,48,130.000,2.708,2026-06-28 08:29:57.163683
8670,243,947.500,3.899,2026-06-28 08:29:57.163683
8671,26,82.000,3.154,2026-06-28 08:29:57.163683
8672,15,54.500,3.633,2026-06-28 08:29:57.163683
8673,8,24.500,3.063,2026-06-28 08:29:57.163683
8674,65,208.000,3.200,2026-06-28 08:29:57.163683
8675,165,608.000,3.685,2026-06-28 08:29:57.163683
8676,84,169.500,2.018,2026-06-28 08:29:57.163683
8677,53,157.000,2.962,2026-06-28 08:29:57.163683
8678,54,177.000,3.278,2026-06-28 08:29:57.163683
8679,9,27.500,3.056,2026-06-28 08:29:57.163683
8680,59,188.000,3.186,2026-06-28 08:29:57.163683
8681,41,127.000,3.098,2026-06-28 08:29:57.163683
8682,15,50.000,3.333,2026-06-28 08:29:57.163683
8683,45,146.000,3.244,2026-06-28 08:29:57.163683
8684,294,1174.500,3.995,2026-06-28 08:29:57.163683
8685,25,73.500,2.940,2026-06-28 08:29:57.163683
8686,30,104.500,3.483,2026-06-28 08:29:57.163683
8687,37,81.000,2.189,2026-06-28 08:29:57.163683
8688,28,78.500,2.804,2026-06-28 08:29:57.163683
8689,98,336.000,3.429,2026-06-28 08:29:57.163683
8690,644,2374.000,3.686,2026-06-28 08:29:57.163683
8691,11,33.000,3.000,2026-06-28 08:29:57.163683
8692,49,161.500,3.296,2026-06-28 08:29:57.163683
8693,21,60.500,2.881,2026-06-28 08:29:57.163683
8694,35,124.500,3.557,2026-06-28 08:29:57.163683
8695,195,687.000,3.523,2026-06-28 08:29:57.163683
8696,36,110.500,3.069,2026-06-28 08:29:57.163683
8697,16,53.000,3.313,2026-06-28 08:29:57.163683
8698,61,193.000,3.164,2026-06-28 08:29:57.163683
8699,5,17.500,3.500,2026-06-28 08:29:57.163683
8700,87,290.500,3.339,2026-06-28 08:29:57.163683
8701,98,214.000,2.184,2026-06-28 08:29:57.163683
8702,41,116.500,2.841,2026-06-28 08:29:57.163683
8703,27,75.000,2.778,2026-06-28 08:29:57.163683
8704,14,34.500,2.464,2026-06-28 08:29:57.163683
8705,27,70.000,2.593,2026-06-28 08:29:57.163683
8706,12,33.500,2.792,2026-06-28 08:29:57.163683
8709,68,200.500,2.949,2026-06-28 08:29:57.163683
8710,139,498.500,3.586,2026-06-28 08:29:57.163683
8711,401,1480.000,3.691,2026-06-28 08:29:57.163683
8712,322,1234.000,3.832,2026-06-28 08:29:57.163683
8713,158,453.500,2.870,2026-06-28 08:29:57.163683
8714,46,144.500,3.141,2026-06-28 08:29:57.163683
8715,22,74.000,3.364,2026-06-28 08:29:57.163683
8716,32,104.000,3.250,2026-06-28 08:29:57.163683
8717,10,24.500,2.450,2026-06-28 08:29:57.163683
8718,124,454.000,3.661,2026-06-28 08:29:57.163683
8719,21,60.500,2.881,2026-06-28 08:29:57.163683
8720,172,425.500,2.474,2026-06-28 08:29:57.163683
8721,31,91.000,2.935,2026-06-28 08:29:57.163683
8722,59,135.500,2.297,2026-06-28 08:29:57.163683
8723,12,33.500,2.792,2026-06-28 08:29:57.163683
8724,239,925.500,3.872,2026-06-28 08:29:57.163683
8725,98,332.500,3.393,2026-06-28 08:29:57.163683
8726,131,463.500,3.538,2026-06-28 08:29:57.163683
8727,87,282.000,3.241,2026-06-28 08:29:57.163683
8728,28,78.500,2.804,2026-06-28 08:29:57.163683
8729,32,96.000,3.000,2026-06-28 08:29:57.163683
8730,135,481.000,3.563,2026-06-28 08:29:57.163683
8731,282,901.500,3.197,2026-06-28 08:29:57.163683
8732,105,373.000,3.552,2026-06-28 08:29:57.163683
8733,60,189.500,3.158,2026-06-28 08:29:57.163683
8734,24,74.500,3.104,2026-06-28 08:29:57.163683
8735,24,74.000,3.083,2026-06-28 08:29:57.163683
8736,26,88.500,3.404,2026-06-28 08:29:57.163683
8738,200,747.000,3.735,2026-06-28 08:29:57.163683
8739,162,624.500,3.855,2026-06-28 08:29:57.163683
8740,104,382.000,3.673,2026-06-28 08:29:57.163683
8741,15,36.000,2.400,2026-06-28 08:29:57.163683
8742,20,48.500,2.425,2026-06-28 08:29:57.163683
8743,45,131.000,2.911,2026-06-28 08:29:57.163683
8744,35,107.500,3.071,2026-06-28 08:29:57.163683
8745,46,140.000,3.043,2026-06-28 08:29:57.163683
8746,54,148.500,2.750,2026-06-28 08:29:57.163683
8747,46,79.500,1.728,2026-06-28 08:29:57.163683
8748,46,155.000,3.370,2026-06-28 08:29:57.163683
8749,62,221.000,3.565,2026-06-28 08:29:57.163683
8750,16,47.000,2.938,2026-06-28 08:29:57.163683
8751,210,787.500,3.750,2026-06-28 08:29:57.163683
8752,140,526.500,3.761,2026-06-28 08:29:57.163683
8753,111,389.500,3.509,2026-06-28 08:29:57.163683
8754,377,1458.000,3.867,2026-06-28 08:29:57.163683
8755,80,295.000,3.688,2026-06-28 08:29:57.163683
8756,25,77.000,3.080,2026-06-28 08:29:57.163683
8757,39,138.500,3.551,2026-06-28 08:29:57.163683
8758,41,132.500,3.232,2026-06-28 08:29:57.163683
8759,19,69.000,3.632,2026-06-28 08:29:57.163683
8760,52,124.500,2.394,2026-06-28 08:29:57.163683
8761,77,263.000,3.416,2026-06-28 08:29:57.163683
8762,43,142.000,3.302,2026-06-28 08:29:57.163683
8763,15,46.500,3.100,2026-06-28 08:29:57.163683
8764,6,15.000,2.500,2026-06-28 08:29:57.163683
8765,228,853.000,3.741,2026-06-28 08:29:57.163683
8766,34,116.500,3.426,2026-06-28 08:29:57.163683
8767,162,608.500,3.756,2026-06-28 08:29:57.163683
8768,115,418.500,3.639,2026-06-28 08:29:57.163683
8769,51,153.000,3.000,2026-06-28 08:29:57.163683
8770,32,73.500,2.297,2026-06-28 08:29:57.163683
8771,37,122.000,3.297,2026-06-28 08:29:57.163683
8772,467,1823.000,3.904,2026-06-28 08:29:57.163683
8773,127,424.000,3.339,2026-06-28 08:29:57.163683
8774,48,142.500,2.969,2026-06-28 08:29:57.163683
8775,37,129.000,3.486,2026-06-28 08:29:57.163683
8776,15,39.000,2.600,2026-06-28 08:29:57.163683
8777,27,93.500,3.463,2026-06-28 08:29:57.163683
8778,71,230.000,3.239,2026-06-28 08:29:57.163683
8779,115,378.500,3.291,2026-06-28 08:29:57.163683
8780,51,169.000,3.314,2026-06-28 08:29:57.163683
8781,2539,8561.000,3.372,2026-06-28 08:29:57.163683
8782,240,547.500,2.281,2026-06-28 08:29:57.163683
8783,4581,14951.500,3.264,2026-06-28 08:29:57.163683
8784,9454,36188.000,3.828,2026-06-28 08:29:57.163683
8785,132,526.000,3.985,2026-06-28 08:29:57.163683
8786,119,454.000,3.815,2026-06-28 08:29:57.163683
8787,69,210.000,3.043,2026-06-28 08:29:57.163683
8788,35,110.500,3.157,2026-06-28 08:29:57.163683
8789,29,76.000,2.621,2026-06-28 08:29:57.163683
8790,21,68.500,3.262,2026-06-28 08:29:57.163683
8791,20,53.000,2.650,2026-06-28 08:29:57.163683
8792,28,67.500,2.411,2026-06-28 08:29:57.163683
8793,48,148.500,3.094,2026-06-28 08:29:57.163683
8794,31,114.500,3.694,2026-06-28 08:29:57.163683
8795,160,558.500,3.491,2026-06-28 08:29:57.163683
8796,422,1525.000,3.614,2026-06-28 08:29:57.163683
8797,179,689.500,3.852,2026-06-28 08:29:57.163683
8798,7895,29195.500,3.698,2026-06-28 08:29:57.163683
8799,302,804.500,2.664,2026-06-28 08:29:57.163683
8800,501,1621.000,3.236,2026-06-28 08:29:57.163683
8801,48,158.500,3.302,2026-06-28 08:29:57.163683
8802,8,24.500,3.063,2026-06-28 08:29:57.163683
8803,34,116.500,3.426,2026-06-28 08:29:57.163683
8804,34,122.500,3.603,2026-06-28 08:29:57.163683
8805,111,360.500,3.248,2026-06-28 08:29:57.163683
8806,6,15.500,2.583,2026-06-28 08:29:57.163683
8807,3535,12410.500,3.511,2026-06-28 08:29:57.163683
8808,906,2624.500,2.897,2026-06-28 08:29:57.163683
8809,325,1153.000,3.548,2026-06-28 08:29:57.163683
8810,3755,9924.500,2.643,2026-06-28 08:29:57.163683
8811,236,349.500,1.481,2026-06-28 08:29:57.163683
8812,18,51.000,2.833,2026-06-28 08:29:57.163683
8813,264,848.500,3.214,2026-06-28 08:29:57.163683
8814,681,1951.500,2.866,2026-06-28 08:29:57.163683
8815,576,1361.000,2.363,2026-06-28 08:29:57.163683
8816,33,89.500,2.712,2026-06-28 08:29:57.163683
8817,16,40.000,2.500,2026-06-28 08:29:57.163683
8818,47,125.000,2.660,2026-06-28 08:29:57.163683
8819,27,62.500,2.315,2026-06-28 08:29:57.163683
8820,30,77.500,2.583,2026-06-28 08:29:57.163683
8821,39,94.500,2.423,2026-06-28 08:29:57.163683
8822,49,117.500,2.398,2026-06-28 08:29:57.163683
8823,53,135.500,2.557,2026-06-28 08:29:57.163683
8824,14,50.000,3.571,2026-06-28 08:29:57.163683
8825,33,80.500,2.439,2026-06-28 08:29:57.163683
8826,57,197.000,3.456,2026-06-28 08:29:57.163683
8827,1178,4589.500,3.896,2026-06-28 08:29:57.163683
8828,32,104.500,3.266,2026-06-28 08:29:57.163683
8829,36,78.500,2.181,2026-06-28 08:29:57.163683
8830,574,1078.000,1.878,2026-06-28 08:29:57.163683
8831,327,938.500,2.870,2026-06-28 08:29:57.163683
8832,129,432.000,3.349,2026-06-28 08:29:57.163683
8833,582,1855.000,3.187,2026-06-28 08:29:57.163683
8834,36,81.000,2.250,2026-06-28 08:29:57.163683
8835,189,508.000,2.688,2026-06-28 08:29:57.163683
8836,524,1718.000,3.279,2026-06-28 08:29:57.163683
8837,21,58.500,2.786,2026-06-28 08:29:57.163683
8838,559,2062.000,3.689,2026-06-28 08:29:57.163683
8839,94,167.500,1.782,2026-06-28 08:29:57.163683
8840,82,267.000,3.256,2026-06-28 08:29:57.163683
8841,102,329.000,3.225,2026-06-28 08:29:57.163683
8842,12,24.000,2.000,2026-06-28 08:29:57.163683
8843,33,78.500,2.379,2026-06-28 08:29:57.163683
8844,107,397.500,3.715,2026-06-28 08:29:57.163683
8845,23,80.000,3.478,2026-06-28 08:29:57.163683
8846,67,192.000,2.866,2026-06-28 08:29:57.163683
8847,49,87.500,1.786,2026-06-28 08:29:57.163683
8848,215,823.000,3.828,2026-06-28 08:29:57.163683
8849,64,153.000,2.391,2026-06-28 08:29:57.163683
8850,88,247.000,2.807,2026-06-28 08:29:57.163683
8851,68,245.000,3.603,2026-06-28 08:29:57.163683
8852,60,199.500,3.325,2026-06-28 08:29:57.163683
8853,16,48.500,3.031,2026-06-28 08:29:57.163683
8854,76,216.500,2.849,2026-06-28 08:29:57.163683
8855,108,273.500,2.532,2026-06-28 08:29:57.163683
8856,28,49.500,1.768,2026-06-28 08:29:57.163683
8857,19,64.500,3.395,2026-06-28 08:29:57.163683
8858,25,71.500,2.860,2026-06-28 08:29:57.163683
8859,209,175.000,0.837,2026-06-28 08:29:57.163683
8860,1306,4012.500,3.072,2026-06-28 08:29:57.163683
8861,2520,7546.500,2.995,2026-06-28 08:29:57.163683
8862,233,782.500,3.358,2026-06-28 08:29:57.163683
8864,310,818.500,2.640,2026-06-28 08:29:57.163683
8865,3111,9573.000,3.077,2026-06-28 08:29:57.163683
8866,1212,3896.000,3.215,2026-06-28 08:29:57.163683
8867,54,136.000,2.519,2026-06-28 08:29:57.163683
8868,108,305.000,2.824,2026-06-28 08:29:57.163683
8869,320,849.000,2.653,2026-06-28 08:29:57.163683
8870,1207,3493.000,2.894,2026-06-28 08:29:57.163683
8871,66,184.000,2.788,2026-06-28 08:29:57.163683
8872,186,526.500,2.831,2026-06-28 08:29:57.163683
8873,3968,15471.500,3.899,2026-06-28 08:29:57.163683
8874,11651,45492.000,3.905,2026-06-28 08:29:57.163683
8875,97,349.000,3.598,2026-06-28 08:29:57.163683
8876,15,48.500,3.233,2026-06-28 08:29:57.163683
8877,8,25.000,3.125,2026-06-28 08:29:57.163683
8878,28,66.500,2.375,2026-06-28 08:29:57.163683
8879,1078,3993.500,3.705,2026-06-28 08:29:57.163683
8880,1399,4693.000,3.355,2026-06-28 08:29:57.163683
8881,45,145.000,3.222,2026-06-28 08:29:57.163683
8882,118,395.000,3.347,2026-06-28 08:29:57.163683
8883,16,43.000,2.688,2026-06-28 08:29:57.163683
8884,349,1058.000,3.032,2026-06-28 08:29:57.163683
8885,76,225.000,2.961,2026-06-28 08:29:57.163683
8886,75,178.500,2.380,2026-06-28 08:29:57.163683
8887,29,81.500,2.810,2026-06-28 08:29:57.163683
8889,37,95.500,2.581,2026-06-28 08:29:57.163683
8890,19,37.500,1.974,2026-06-28 08:29:57.163683
8891,40,117.500,2.938,2026-06-28 08:29:57.163683
8892,45,102.000,2.267,2026-06-28 08:29:57.163683
8893,69,173.500,2.514,2026-06-28 08:29:57.163683
8894,203,480.000,2.365,2026-06-28 08:29:57.163683
8895,27,88.000,3.259,2026-06-28 08:29:57.163683
8896,44,136.000,3.091,2026-06-28 08:29:57.163683
8897,18,59.500,3.306,2026-06-28 08:29:57.163683
8898,53,176.500,3.330,2026-06-28 08:29:57.163683
8899,102,331.000,3.245,2026-06-28 08:29:57.163683
8900,53,170.000,3.208,2026-06-28 08:29:57.163683
8901,22,77.000,3.500,2026-06-28 08:29:57.163683
8902,40,103.500,2.588,2026-06-28 08:29:57.163683
8903,81,184.500,2.278,2026-06-28 08:29:57.163683
8904,13,19.500,1.500,2026-06-28 08:29:57.163683
8905,395,1218.500,3.085,2026-06-28 08:29:57.163683
8906,409,1285.000,3.142,2026-06-28 08:29:57.163683
8907,1857,5388.000,2.901,2026-06-28 08:29:57.163683
8908,799,2568.500,3.215,2026-06-28 08:29:57.163683
8910,3505,12654.500,3.610,2026-06-28 08:29:57.163683
8911,205,627.500,3.061,2026-06-28 08:29:57.163683
8912,572,1421.000,2.484,2026-06-28 08:29:57.163683
8913,58,188.500,3.250,2026-06-28 08:29:57.163683
8914,2643,10182.500,3.853,2026-06-28 08:29:57.163683
8915,284,1026.500,3.614,2026-06-28 08:29:57.163683
8916,784,2523.000,3.218,2026-06-28 08:29:57.163683
8917,4568,16024.500,3.508,2026-06-28 08:29:57.163683
8918,222,751.500,3.385,2026-06-28 08:29:57.163683
8919,211,665.000,3.152,2026-06-28 08:29:57.163683
8920,112,416.500,3.719,2026-06-28 08:29:57.163683
8921,67,232.500,3.470,2026-06-28 08:29:57.163683
8922,63,195.000,3.095,2026-06-28 08:29:57.163683
8923,253,889.000,3.514,2026-06-28 08:29:57.163683
8924,68,224.000,3.294,2026-06-28 08:29:57.163683
8925,13,44.000,3.385,2026-06-28 08:29:57.163683
8926,25,82.500,3.300,2026-06-28 08:29:57.163683
8927,111,312.500,2.815,2026-06-28 08:29:57.163683
8928,371,1263.000,3.404,2026-06-28 08:29:57.163683
8929,96,301.000,3.135,2026-06-28 08:29:57.163683
8930,299,1139.500,3.811,2026-06-28 08:29:57.163683
8931,126,424.000,3.365,2026-06-28 08:29:57.163683
8932,87,233.000,2.678,2026-06-28 08:29:57.163683
8933,218,792.000,3.633,2026-06-28 08:29:57.163683
8934,171,418.500,2.447,2026-06-28 08:29:57.163683
8935,56,154.000,2.750,2026-06-28 08:29:57.163683
8936,19,71.500,3.763,2026-06-28 08:29:57.163683
8937,1345,4784.500,3.557,2026-06-28 08:29:57.163683
8938,186,643.500,3.460,2026-06-28 08:29:57.163683
8939,599,1897.000,3.167,2026-06-28 08:29:57.163683
8940,7,18.500,2.643,2026-06-28 08:29:57.163683
8941,77,197.000,2.558,2026-06-28 08:29:57.163683
8942,6,19.000,3.167,2026-06-28 08:29:57.163683
8943,421,1489.000,3.537,2026-06-28 08:29:57.163683
8944,13,35.500,2.731,2026-06-28 08:29:57.163683
8946,214,529.000,2.472,2026-06-28 08:29:57.163683
8947,1827,5128.000,2.807,2026-06-28 08:29:57.163683
8948,1085,3196.500,2.946,2026-06-28 08:29:57.163683
8949,7532,28031.500,3.722,2026-06-28 08:29:57.163683
8950,5326,20373.000,3.825,2026-06-28 08:29:57.163683
8951,779,2939.500,3.773,2026-06-28 08:29:57.163683
8952,24,76.500,3.188,2026-06-28 08:29:57.163683
8953,9,25.500,2.833,2026-06-28 08:29:57.163683
8954,33,115.000,3.485,2026-06-28 08:29:57.163683
8955,197,674.500,3.424,2026-06-28 08:29:57.163683
8956,133,419.000,3.150,2026-06-28 08:29:57.163683
8957,5499,19065.000,3.467,2026-06-28 08:29:57.163683
8958,4040,15420.500,3.817,2026-06-28 08:29:57.163683
8959,470,1386.000,2.949,2026-06-28 08:29:57.163683
8960,19,57.000,3.000,2026-06-28 08:29:57.163683
8961,19890,77741.500,3.909,2026-06-28 08:29:57.163683
8962,28,90.500,3.232,2026-06-28 08:29:57.163683
8963,99,249.500,2.520,2026-06-28 08:29:57.163683
8964,44,124.500,2.830,2026-06-28 08:29:57.163683
8965,1544,4874.000,3.157,2026-06-28 08:29:57.163683
8966,1843,6629.000,3.597,2026-06-28 08:29:57.163683
8967,304,666.500,2.192,2026-06-28 08:29:57.163683
8968,797,2508.500,3.147,2026-06-28 08:29:57.163683
8969,2106,6223.500,2.955,2026-06-28 08:29:57.163683
8970,6686,25318.500,3.787,2026-06-28 08:29:57.163683
8971,55,193.000,3.509,2026-06-28 08:29:57.163683
8972,4741,16175.500,3.412,2026-06-28 08:29:57.163683
8973,1534,5872.500,3.828,2026-06-28 08:29:57.163683
8974,816,2509.500,3.075,2026-06-28 08:29:57.163683
8975,5,13.000,2.600,2026-06-28 08:29:57.163683
8976,10,30.500,3.050,2026-06-28 08:29:57.163683
8977,1745,4496.500,2.577,2026-06-28 08:29:57.163683
8978,386,865.000,2.241,2026-06-28 08:29:57.163683
8979,61,210.500,3.451,2026-06-28 08:29:57.163683
8980,56,185.000,3.304,2026-06-28 08:29:57.163683
8981,3593,13019.000,3.623,2026-06-28 08:29:57.163683
8982,214,797.000,3.724,2026-06-28 08:29:57.163683
8983,4119,15425.000,3.745,2026-06-28 08:29:57.163683
8984,5868,19052.500,3.247,2026-06-28 08:29:57.163683
8985,2120,6295.000,2.969,2026-06-28 08:29:57.163683
8986,79,235.500,2.981,2026-06-28 08:29:57.163683
8987,101,335.000,3.317,2026-06-28 08:29:57.163683
8988,76,205.000,2.697,2026-06-28 08:29:57.163683
8989,194,700.500,3.611,2026-06-28 08:29:57.163683
8990,34,95.500,2.809,2026-06-28 08:29:57.163683
8991,53,157.000,2.962,2026-06-28 08:29:57.163683
8992,32,83.000,2.594,2026-06-28 08:29:57.163683
8993,35,98.000,2.800,2026-06-28 08:29:57.163683
8994,61,190.500,3.123,2026-06-28 08:29:57.163683
8995,28,72.000,2.571,2026-06-28 08:29:57.163683
8996,36,108.000,3.000,2026-06-28 08:29:57.163683
8997,25,68.000,2.720,2026-06-28 08:29:57.163683
8998,359,1386.500,3.862,2026-06-28 08:29:57.163683
8999,185,678.000,3.665,2026-06-28 08:29:57.163683
9000,102,356.000,3.490,2026-06-28 08:29:57.163683
9001,51,143.000,2.804,2026-06-28 08:29:57.163683
9002,62,187.000,3.016,2026-06-28 08:29:57.163683
9003,32,87.000,2.719,2026-06-28 08:29:57.163683
9004,369,1042.000,2.824,2026-06-28 08:29:57.163683
9005,310,950.500,3.066,2026-06-28 08:29:57.163683
9006,6,19.000,3.167,2026-06-28 08:29:57.163683
9007,16,53.000,3.313,2026-06-28 08:29:57.163683
9008,45,137.000,3.044,2026-06-28 08:29:57.163683
9009,7,19.000,2.714,2026-06-28 08:29:57.163683
9010,676,2613.500,3.866,2026-06-28 08:29:57.163683
9011,72,268.500,3.729,2026-06-28 08:29:57.163683
9012,8,26.000,3.250,2026-06-28 08:29:57.163683
9013,62,224.500,3.621,2026-06-28 08:29:57.163683
9014,45,166.500,3.700,2026-06-28 08:29:57.163683
9015,26,72.000,2.769,2026-06-28 08:29:57.163683
9016,13,26.500,2.038,2026-06-28 08:29:57.163683
9017,24,62.500,2.604,2026-06-28 08:29:57.163683
9018,723,2761.000,3.819,2026-06-28 08:29:57.163683
9019,21,42.000,2.000,2026-06-28 08:29:57.163683
25735,8,28.500,3.563,2026-06-28 08:29:57.163683
25736,27,81.000,3.000,2026-06-28 08:29:57.163683
25737,52,176.000,3.385,2026-06-28 08:29:57.163683
25738,66,226.500,3.432,2026-06-28 08:29:57.163683
25739,10,33.000,3.300,2026-06-28 08:29:57.163683
25741,41,155.000,3.780,2026-06-28 08:29:57.163683
25742,20,73.500,3.675,2026-06-28 08:29:57.163683
25743,7,19.000,2.714,2026-06-28 08:29:57.163683
25744,75,266.000,3.547,2026-06-28 08:29:57.163683
25746,71,235.500,3.317,2026-06-28 08:29:57.163683
25747,5,16.500,3.300,2026-06-28 08:29:57.163683
25748,13,46.500,3.577,2026-06-28 08:29:57.163683
25749,5,18.500,3.700,2026-06-28 08:29:57.163683
25750,404,1591.500,3.939,2026-06-28 08:29:57.163683
25751,26,90.500,3.481,2026-06-28 08:29:57.163683
25752,109,393.500,3.610,2026-06-28 08:29:57.163683
25753,188,721.000,3.835,2026-06-28 08:29:57.163683
25755,184,642.500,3.492,2026-06-28 08:29:57.163683
25757,97,294.000,3.031,2026-06-28 08:29:57.163683
25759,45,161.000,3.578,2026-06-28 08:29:57.163683
25762,64,221.000,3.453,2026-06-28 08:29:57.163683
25763,174,676.000,3.885,2026-06-28 08:29:57.163683
25764,165,633.500,3.839,2026-06-28 08:29:57.163683
25765,24,77.500,3.229,2026-06-28 08:29:57.163683
25766,89,326.500,3.669,2026-06-28 08:29:57.163683
25767,13,49.000,3.769,2026-06-28 08:29:57.163683
25769,288,1120.500,3.891,2026-06-28 08:29:57.163683
25770,8,27.500,3.438,2026-06-28 08:29:57.163683
25771,640,2466.000,3.853,2026-06-28 08:29:57.163683
25773,200,726.500,3.633,2026-06-28 08:29:57.163683
25774,162,604.000,3.728,2026-06-28 08:29:57.163683
25775,15,54.500,3.633,2026-06-28 08:29:57.163683
25777,380,1475.500,3.883,2026-06-28 08:29:57.163683
25778,20,67.000,3.350,2026-06-28 08:29:57.163683
25782,54,196.500,3.639,2026-06-28 08:29:57.163683
25783,13,40.500,3.115,2026-06-28 08:29:57.163683
25785,18,67.000,3.722,2026-06-28 08:29:57.163683
25786,39,136.500,3.500,2026-06-28 08:29:57.163683
25788,754,2860.000,3.793,2026-06-28 08:29:57.163683
25789,52,190.500,3.663,2026-06-28 08:29:57.163683
25792,45,168.500,3.744,2026-06-28 08:29:57.163683
25793,156,572.000,3.667,2026-06-28 08:29:57.163683
25794,6,20.500,3.417,2026-06-28 08:29:57.163683
25795,135,495.500,3.670,2026-06-28 08:29:57.163683
25796,7,19.500,2.786,2026-06-28 08:29:57.163683
25797,77,276.500,3.591,2026-06-28 08:29:57.163683
25798,44,154.500,3.511,2026-06-28 08:29:57.163683
25800,19,65.000,3.421,2026-06-28 08:29:57.163683
25801,40,119.500,2.988,2026-06-28 08:29:57.163683
25802,46,124.000,2.696,2026-06-28 08:29:57.163683
25803,8,19.500,2.438,2026-06-28 08:29:57.163683
25804,8,28.000,3.500,2026-06-28 08:29:57.163683
25805,261,1024.500,3.925,2026-06-28 08:29:57.163683
25806,8,25.500,3.188,2026-06-28 08:29:57.163683
25807,47,149.500,3.181,2026-06-28 08:29:57.163683
25808,18,61.500,3.417,2026-06-28 08:29:57.163683
25810,17,48.000,2.824,2026-06-28 08:29:57.163683
25811,16,55.500,3.469,2026-06-28 08:29:57.163683
25812,42,144.500,3.440,2026-06-28 08:29:57.163683
25814,5,16.000,3.200,2026-06-28 08:29:57.163683
25818,46,165.500,3.598,2026-06-28 08:29:57.163683
25819,25,72.000,2.880,2026-06-28 08:29:57.163683
25820,24,72.000,3.000,2026-06-28 08:29:57.163683
25822,24,72.500,3.021,2026-06-28 08:29:57.163683
25824,16,53.500,3.344,2026-06-28 08:29:57.163683
25825,161,604.000,3.752,2026-06-28 08:29:57.163683
25826,172,656.500,3.817,2026-06-28 08:29:57.163683
25827,396,1481.000,3.740,2026-06-28 08:29:57.163683
25828,205,747.000,3.644,2026-06-28 08:29:57.163683
25829,7,8.500,1.214,2026-06-28 08:29:57.163683
25830,38,135.500,3.566,2026-06-28 08:29:57.163683
25831,16,57.000,3.563,2026-06-28 08:29:57.163683
25832,10,36.000,3.600,2026-06-28 08:29:57.163683
25833,108,405.500,3.755,2026-06-28 08:29:57.163683
25834,142,531.000,3.739,2026-06-28 08:29:57.163683
25835,89,310.000,3.483,2026-06-28 08:29:57.163683
25837,7,24.500,3.500,2026-06-28 08:29:57.163683
25839,113,418.000,3.699,2026-06-28 08:29:57.163683
25840,60,216.500,3.608,2026-06-28 08:29:57.163683
25841,150,574.500,3.830,2026-06-28 08:29:57.163683
25842,68,234.000,3.441,2026-06-28 08:29:57.163683
25846,11,42.500,3.864,2026-06-28 08:29:57.163683
25850,428,1692.500,3.954,2026-06-28 08:29:57.163683
25852,80,300.500,3.756,2026-06-28 08:29:57.163683
25854,15,43.500,2.900,2026-06-28 08:29:57.163683
25855,190,705.500,3.713,2026-06-28 08:29:57.163683
25856,294,1082.000,3.680,2026-06-28 08:29:57.163683
25858,13,47.000,3.615,2026-06-28 08:29:57.163683
25859,25,92.000,3.680,2026-06-28 08:29:57.163683
25860,11,38.500,3.500,2026-06-28 08:29:57.163683
25861,15,47.500,3.167,2026-06-28 08:29:57.163683
25864,8,28.000,3.500,2026-06-28 08:29:57.163683
25865,169,638.000,3.775,2026-06-28 08:29:57.163683
25866,147,539.500,3.670,2026-06-28 08:29:57.163683
25868,200,756.000,3.780,2026-06-28 08:29:57.163683
25869,23,79.500,3.457,2026-06-28 08:29:57.163683
25870,135,497.500,3.685,2026-06-28 08:29:57.163683
25874,22,68.500,3.114,2026-06-28 08:29:57.163683
25875,11,35.000,3.182,2026-06-28 08:29:57.163683
25878,25,78.500,3.140,2026-06-28 08:29:57.163683
25879,18,59.500,3.306,2026-06-28 08:29:57.163683
25881,13,43.000,3.308,2026-06-28 08:29:57.163683
25882,8,28.000,3.500,2026-06-28 08:29:57.163683
25884,5,16.500,3.300,2026-06-28 08:29:57.163683
25885,8,24.000,3.000,2026-06-28 08:29:57.163683
25886,151,574.500,3.805,2026-06-28 08:29:57.163683
25887,5,17.000,3.400,2026-06-28 08:29:57.163683
25888,35,115.000,3.286,2026-06-28 08:29:57.163683
25890,8,25.500,3.188,2026-06-28 08:29:57.163683
25891,207,735.000,3.551,2026-06-28 08:29:57.163683
25893,74,257.000,3.473,2026-06-28 08:29:57.163683
25894,9,33.000,3.667,2026-06-28 08:29:57.163683
25898,154,596.500,3.873,2026-06-28 08:29:57.163683
25899,48,155.000,3.229,2026-06-28 08:29:57.163683
25900,64,218.000,3.406,2026-06-28 08:29:57.163683
25901,115,414.500,3.604,2026-06-28 08:29:57.163683
25902,12,40.000,3.333,2026-06-28 08:29:57.163683
25903,22,74.000,3.364,2026-06-28 08:29:57.163683
25904,90,312.500,3.472,2026-06-28 08:29:57.163683
25905,82,302.000,3.683,2026-06-28 08:29:57.163683
25906,49,169.500,3.459,2026-06-28 08:29:57.163683
25907,6,18.000,3.000,2026-06-28 08:29:57.163683
25908,40,132.000,3.300,2026-06-28 08:29:57.163683
25911,123,457.000,3.715,2026-06-28 08:29:57.163683
25912,9,30.500,3.389,2026-06-28 08:29:57.163683
25913,29,85.000,2.931,2026-06-28 08:29:57.163683
25914,61,212.500,3.484,2026-06-28 08:29:57.163683
25915,8,30.000,3.750,2026-06-28 08:29:57.163683
25916,97,327.500,3.376,2026-06-28 08:29:57.163683
25918,91,333.000,3.659,2026-06-28 08:29:57.163683
25919,7,21.000,3.000,2026-06-28 08:29:57.163683
25920,43,149.500,3.477,2026-06-28 08:29:57.163683
25921,7,22.500,3.214,2026-06-28 08:29:57.163683
25922,10,35.500,3.550,2026-06-28 08:29:57.163683
25923,434,1647.500,3.796,2026-06-28 08:29:57.163683
25924,41,143.000,3.488,2026-06-28 08:29:57.163683
25926,23,84.500,3.674,2026-06-28 08:29:57.163683
25927,250,928.000,3.712,2026-06-28 08:29:57.163683
25929,106,391.000,3.689,2026-06-28 08:29:57.163683
25930,104,392.500,3.774,2026-06-28 08:29:57.163683
25931,31,97.000,3.129,2026-06-28 08:29:57.163683
25932,6,16.500,2.750,2026-06-28 08:29:57.163683
25934,55,186.500,3.391,2026-06-28 08:29:57.163683
25936,5,14.000,2.800,2026-06-28 08:29:57.163683
25937,195,715.000,3.667,2026-06-28 08:29:57.163683
25938,190,680.500,3.582,2026-06-28 08:29:57.163683
25940,406,1554.000,3.828,2026-06-28 08:29:57.163683
25941,78,302.500,3.878,2026-06-28 08:29:57.163683
25942,16,50.500,3.156,2026-06-28 08:29:57.163683
25943,112,408.000,3.643,2026-06-28 08:29:57.163683
25944,25,89.000,3.560,2026-06-28 08:29:57.163683
25945,92,338.000,3.674,2026-06-28 08:29:57.163683
25946,61,199.000,3.262,2026-06-28 08:29:57.163683
25947,126,475.500,3.774,2026-06-28 08:29:57.163683
25948,11,36.500,3.318,2026-06-28 08:29:57.163683
25950,24,81.500,3.396,2026-06-28 08:29:57.163683
25951,38,133.000,3.500,2026-06-28 08:29:57.163683
25952,154,570.500,3.705,2026-06-28 08:29:57.163683
25954,201,794.500,3.953,2026-06-28 08:29:57.163683
25956,6,22.500,3.750,2026-06-28 08:29:57.163683
25959,48,146.000,3.042,2026-06-28 08:29:57.163683
25960,31,107.000,3.452,2026-06-28 08:29:57.163683
25961,99,359.000,3.626,2026-06-28 08:29:57.163683
25962,92,306.000,3.326,2026-06-28 08:29:57.163683
25963,167,658.000,3.940,2026-06-28 08:29:57.163683
25964,17,62.500,3.676,2026-06-28 08:29:57.163683
25965,16,57.500,3.594,2026-06-28 08:29:57.163683
25966,12,44.000,3.667,2026-06-28 08:29:57.163683
25971,184,626.000,3.402,2026-06-28 08:29:57.163683
25972,33,108.500,3.288,2026-06-28 08:29:57.163683
25974,15,50.000,3.333,2026-06-28 08:29:57.163683
25975,34,128.500,3.779,2026-06-28 08:29:57.163683
25976,15,46.500,3.100,2026-06-28 08:29:57.163683
25977,76,247.000,3.250,2026-06-28 08:29:57.163683
25980,13,46.000,3.538,2026-06-28 08:29:57.163683
25984,7,24.500,3.500,2026-06-28 08:29:57.163683
25986,20,67.500,3.375,2026-06-28 08:29:57.163683
25987,14,58.000,4.143,2026-06-28 08:29:57.163683
25989,9,30.000,3.333,2026-06-28 08:29:57.163683
25990,13,46.500,3.577,2026-06-28 08:29:57.163683
25991,8,23.000,2.875,2026-06-28 08:29:57.163683
25993,99,343.000,3.465,2026-06-28 08:29:57.163683
25994,15,56.000,3.733,2026-06-28 08:29:57.163683
25995,150,565.500,3.770,2026-06-28 08:29:57.163683
25996,169,622.500,3.683,2026-06-28 08:29:57.163683
25998,22,59.000,2.682,2026-06-28 08:29:57.163683
25999,215,761.500,3.542,2026-06-28 08:29:57.163683
26000,6,18.000,3.000,2026-06-28 08:29:57.163683
26001,9,31.000,3.444,2026-06-28 08:29:57.163683
26002,86,313.000,3.640,2026-06-28 08:29:57.163683
26003,302,1209.000,4.003,2026-06-28 08:29:57.163683
26005,92,336.500,3.658,2026-06-28 08:29:57.163683
26006,10,30.500,3.050,2026-06-28 08:29:57.163683
26007,336,1263.000,3.759,2026-06-28 08:29:57.163683
26009,39,145.500,3.731,2026-06-28 08:29:57.163683
26010,46,146.000,3.174,2026-06-28 08:29:57.163683
26012,97,364.000,3.753,2026-06-28 08:29:57.163683
26013,17,50.000,2.941,2026-06-28 08:29:57.163683
26019,9,27.000,3.000,2026-06-28 08:29:57.163683
26021,40,115.500,2.888,2026-06-28 08:29:57.163683
26022,11,32.000,2.909,2026-06-28 08:29:57.163683
26025,56,190.500,3.402,2026-06-28 08:29:57.163683
26027,8,21.500,2.688,2026-06-28 08:29:57.163683
26030,6,18.500,3.083,2026-06-28 08:29:57.163683
26033,8,28.500,3.563,2026-06-28 08:29:57.163683
26034,13,46.500,3.577,2026-06-28 08:29:57.163683
26038,64,226.500,3.539,2026-06-28 08:29:57.163683
26043,60,193.500,3.225,2026-06-28 08:29:57.163683
26044,5,18.000,3.600,2026-06-28 08:29:57.163683
26047,7,14.000,2.000,2026-06-28 08:29:57.163683
26048,57,219.500,3.851,2026-06-28 08:29:57.163683
26049,33,119.000,3.606,2026-06-28 08:29:57.163683
26051,56,203.000,3.625,2026-06-28 08:29:57.163683
26052,241,927.500,3.849,2026-06-28 08:29:57.163683
26055,144,555.500,3.858,2026-06-28 08:29:57.163683
26056,20,70.000,3.500,2026-06-28 08:29:57.163683
26059,28,105.500,3.768,2026-06-28 08:29:57.163683
26062,15,47.000,3.133,2026-06-28 08:29:57.163683
26064,200,779.500,3.898,2026-06-28 08:29:57.163683
26066,5,16.000,3.200,2026-06-28 08:29:57.163683
26067,13,40.000,3.077,2026-06-28 08:29:57.163683
26068,23,77.000,3.348,2026-06-28 08:29:57.163683
26070,19,74.500,3.921,2026-06-28 08:29:57.163683
26072,14,54.500,3.893,2026-06-28 08:29:57.163683
26073,51,194.500,3.814,2026-06-28 08:29:57.163683
26074,9,23.000,2.556,2026-06-28 08:29:57.163683
26076,6,21.500,3.583,2026-06-28 08:29:57.163683
26078,183,697.500,3.811,2026-06-28 08:29:57.163683
26079,17,60.500,3.559,2026-06-28 08:29:57.163683
26080,25,46.500,1.860,2026-06-28 08:29:57.163683
26082,384,1562.500,4.069,2026-06-28 08:29:57.163683
26083,84,298.500,3.554,2026-06-28 08:29:57.163683
26084,737,2772.500,3.762,2026-06-28 08:29:57.163683
26085,309,1113.000,3.602,2026-06-28 08:29:57.163683
26086,18,68.500,3.806,2026-06-28 08:29:57.163683
26090,31,118.000,3.806,2026-06-28 08:29:57.163683
26093,13,45.500,3.500,2026-06-28 08:29:57.163683
26094,228,894.500,3.923,2026-06-28 08:29:57.163683
26095,16,52.500,3.281,2026-06-28 08:29:57.163683
26096,29,95.000,3.276,2026-06-28 08:29:57.163683
26098,8,15.000,1.875,2026-06-28 08:29:57.163683
26100,10,35.500,3.550,2026-06-28 08:29:57.163683
26101,190,672.500,3.539,2026-06-28 08:29:57.163683
26104,13,48.000,3.692,2026-06-28 08:29:57.163683
26106,13,37.500,2.885,2026-06-28 08:29:57.163683
26107,17,58.000,3.412,2026-06-28 08:29:57.163683
26109,17,68.000,4.000,2026-06-28 08:29:57.163683
26110,17,59.500,3.500,2026-06-28 08:29:57.163683
26111,374,1460.000,3.904,2026-06-28 08:29:57.163683
26112,18,56.500,3.139,2026-06-28 08:29:57.163683
26113,59,214.500,3.636,2026-06-28 08:29:57.163683
26116,191,684.500,3.584,2026-06-28 08:29:57.163683
26117,70,232.000,3.314,2026-06-28 08:29:57.163683
26119,91,332.500,3.654,2026-06-28 08:29:57.163683
26122,198,769.500,3.886,2026-06-28 08:29:57.163683
26123,49,147.000,3.000,2026-06-28 08:29:57.163683
26124,88,271.000,3.080,2026-06-28 08:29:57.163683
26125,12,38.000,3.167,2026-06-28 08:29:57.163683
26128,37,127.000,3.432,2026-06-28 08:29:57.163683
26131,1238,5038.000,4.069,2026-06-28 08:29:57.163683
26133,985,3777.500,3.835,2026-06-28 08:29:57.163683
26134,80,254.500,3.181,2026-06-28 08:29:57.163683
26136,17,49.500,2.912,2026-06-28 08:29:57.163683
26137,6,15.500,2.583,2026-06-28 08:29:57.163683
26138,65,226.000,3.477,2026-06-28 08:29:57.163683
26139,85,291.000,3.424,2026-06-28 08:29:57.163683
26140,6,17.000,2.833,2026-06-28 08:29:57.163683
26141,30,106.000,3.533,2026-06-28 08:29:57.163683
26142,28,91.000,3.250,2026-06-28 08:29:57.163683
26144,39,129.500,3.321,2026-06-28 08:29:57.163683
26146,7,23.500,3.357,2026-06-28 08:29:57.163683
26147,71,263.000,3.704,2026-06-28 08:29:57.163683
26148,179,674.500,3.768,2026-06-28 08:29:57.163683
26150,579,2360.000,4.076,2026-06-28 08:29:57.163683
26151,252,957.000,3.798,2026-06-28 08:29:57.163683
26152,783,2498.500,3.191,2026-06-28 08:29:57.163683
26153,30,100.000,3.333,2026-06-28 08:29:57.163683
26155,70,236.000,3.371,2026-06-28 08:29:57.163683
26156,5,17.000,3.400,2026-06-28 08:29:57.163683
26157,55,95.500,1.736,2026-06-28 08:29:57.163683
26158,158,605.000,3.829,2026-06-28 08:29:57.163683
26159,71,249.000,3.507,2026-06-28 08:29:57.163683
26160,28,90.500,3.232,2026-06-28 08:29:57.163683
26163,244,949.500,3.891,2026-06-28 08:29:57.163683
26164,31,112.500,3.629,2026-06-28 08:29:57.163683
26167,10,39.000,3.900,2026-06-28 08:29:57.163683
26169,62,225.000,3.629,2026-06-28 08:29:57.163683
26170,77,269.000,3.494,2026-06-28 08:29:57.163683
26171,265,1045.500,3.945,2026-06-28 08:29:57.163683
26172,356,1312.500,3.687,2026-06-28 08:29:57.163683
26174,43,138.500,3.221,2026-06-28 08:29:57.163683
26175,11,35.500,3.227,2026-06-28 08:29:57.163683
26176,42,151.000,3.595,2026-06-28 08:29:57.163683
26177,8,26.000,3.250,2026-06-28 08:29:57.163683
26178,139,510.500,3.673,2026-06-28 08:29:57.163683
26180,13,44.000,3.385,2026-06-28 08:29:57.163683
26181,105,344.500,3.281,2026-06-28 08:29:57.163683
26183,39,140.500,3.603,2026-06-28 08:29:57.163683
26184,15,55.000,3.667,2026-06-28 08:29:57.163683
26185,20,62.500,3.125,2026-06-28 08:29:57.163683
26187,66,227.500,3.447,2026-06-28 08:29:57.163683
26188,41,151.500,3.695,2026-06-28 08:29:57.163683
26189,37,110.000,2.973,2026-06-28 08:29:57.163683
26191,16,55.000,3.438,2026-06-28 08:29:57.163683
26195,25,75.500,3.020,2026-06-28 08:29:57.163683
26197,13,46.000,3.538,2026-06-28 08:29:57.163683
26198,171,583.500,3.412,2026-06-28 08:29:57.163683
26199,133,426.000,3.203,2026-06-28 08:29:57.163683
26203,243,864.500,3.558,2026-06-28 08:29:57.163683
26204,20,69.500,3.475,2026-06-28 08:29:57.163683
26205,26,86.000,3.308,2026-06-28 08:29:57.163683
26206,5,16.000,3.200,2026-06-28 08:29:57.163683
26207,13,46.500,3.577,2026-06-28 08:29:57.163683
26208,126,481.000,3.817,2026-06-28 08:29:57.163683
26210,10,26.000,2.600,2026-06-28 08:29:57.163683
26211,20,65.000,3.250,2026-06-28 08:29:57.163683
26213,16,58.500,3.656,2026-06-28 08:29:57.163683
26215,7,21.000,3.000,2026-06-28 08:29:57.163683
26219,34,117.000,3.441,2026-06-28 08:29:57.163683
26220,12,35.500,2.958,2026-06-28 08:29:57.163683
26221,5,12.000,2.400,2026-06-28 08:29:57.163683
26222,93,333.000,3.581,2026-06-28 08:29:57.163683
26225,72,262.500,3.646,2026-06-28 08:29:57.163683
26226,45,138.500,3.078,2026-06-28 08:29:57.163683
26228,49,177.500,3.622,2026-06-28 08:29:57.163683
26229,8,25.000,3.125,2026-06-28 08:29:57.163683
26230,78,247.500,3.173,2026-06-28 08:29:57.163683
26231,132,494.500,3.746,2026-06-28 08:29:57.163683
26235,5,16.500,3.300,2026-06-28 08:29:57.163683
26236,12,47.000,3.917,2026-06-28 08:29:57.163683
26237,82,288.500,3.518,2026-06-28 08:29:57.163683
26240,144,493.000,3.424,2026-06-28 08:29:57.163683
26241,102,367.000,3.598,2026-06-28 08:29:57.163683
26242,992,3683.000,3.713,2026-06-28 08:29:57.163683
26245,33,114.000,3.455,2026-06-28 08:29:57.163683
26246,158,592.500,3.750,2026-06-28 08:29:57.163683
26247,12,38.500,3.208,2026-06-28 08:29:57.163683
26248,29,92.500,3.190,2026-06-28 08:29:57.163683
26249,162,562.500,3.472,2026-06-28 08:29:57.163683
26251,29,100.000,3.448,2026-06-28 08:29:57.163683
26252,45,166.000,3.689,2026-06-28 08:29:57.163683
26253,29,97.000,3.345,2026-06-28 08:29:57.163683
26256,43,142.500,3.314,2026-06-28 08:29:57.163683
26257,35,100.500,2.871,2026-06-28 08:29:57.163683
26258,340,1304.500,3.837,2026-06-28 08:29:57.163683
26259,25,94.500,3.780,2026-06-28 08:29:57.163683
26265,41,134.000,3.268,2026-06-28 08:29:57.163683
26268,50,176.500,3.530,2026-06-28 08:29:57.163683
26269,126,472.500,3.750,2026-06-28 08:29:57.163683
26270,96,356.000,3.708,2026-06-28 08:29:57.163683
26271,94,340.000,3.617,2026-06-28 08:29:57.163683
26274,7,21.000,3.000,2026-06-28 08:29:57.163683
26277,38,126.000,3.316,2026-06-28 08:29:57.163683
26280,71,257.500,3.627,2026-06-28 08:29:57.163683
26282,18,68.500,3.806,2026-06-28 08:29:57.163683
26283,155,551.500,3.558,2026-06-28 08:29:57.163683
26285,400,1388.000,3.470,2026-06-28 08:29:57.163683
26288,25,81.000,3.240,2026-06-28 08:29:57.163683
26289,48,153.000,3.188,2026-06-28 08:29:57.163683
26290,5,15.500,3.100,2026-06-28 08:29:57.163683
26291,5,16.500,3.300,2026-06-28 08:29:57.163683
26294,250,876.500,3.506,2026-06-28 08:29:57.163683
26295,6,13.000,2.167,2026-06-28 08:29:57.163683
26297,10,33.500,3.350,2026-06-28 08:29:57.163683
26299,51,162.500,3.186,2026-06-28 08:29:57.163683
26301,48,160.500,3.344,2026-06-28 08:29:57.163683
26302,146,530.500,3.634,2026-06-28 08:29:57.163683
26303,161,542.000,3.366,2026-06-28 08:29:57.163683
26306,95,339.500,3.574,2026-06-28 08:29:57.163683
26307,10,36.500,3.650,2026-06-28 08:29:57.163683
26308,7,24.000,3.429,2026-06-28 08:29:57.163683
26309,16,49.500,3.094,2026-06-28 08:29:57.163683
26312,8,26.000,3.250,2026-06-28 08:29:57.163683
26313,134,491.000,3.664,2026-06-28 08:29:57.163683
26314,23,58.500,2.543,2026-06-28 08:29:57.163683
26315,6,20.000,3.333,2026-06-28 08:29:57.163683
26317,69,189.000,2.739,2026-06-28 08:29:57.163683
26318,130,506.500,3.896,2026-06-28 08:29:57.163683
26320,28,84.000,3.000,2026-06-28 08:29:57.163683
26321,18,62.500,3.472,2026-06-28 08:29:57.163683
26322,137,469.500,3.427,2026-06-28 08:29:57.163683
26323,30,88.000,2.933,2026-06-28 08:29:57.163683
26324,79,281.500,3.563,2026-06-28 08:29:57.163683
26325,74,280.500,3.791,2026-06-28 08:29:57.163683
26326,309,1225.000,3.964,2026-06-28 08:29:57.163683
26327,15,44.000,2.933,2026-06-28 08:29:57.163683
26333,19,53.000,2.789,2026-06-28 08:29:57.163683
26334,30,110.000,3.667,2026-06-28 08:29:57.163683
26336,80,242.500,3.031,2026-06-28 08:29:57.163683
26338,15,48.000,3.200,2026-06-28 08:29:57.163683
26339,21,67.500,3.214,2026-06-28 08:29:57.163683
26340,55,208.000,3.782,2026-06-28 08:29:57.163683
26341,23,64.000,2.783,2026-06-28 08:29:57.163683
26342,57,211.000,3.702,2026-06-28 08:29:57.163683
26343,11,34.000,3.091,2026-06-28 08:29:57.163683
26344,69,232.500,3.370,2026-06-28 08:29:57.163683
26345,39,125.000,3.205,2026-06-28 08:29:57.163683
26346,29,103.000,3.552,2026-06-28 08:29:57.163683
26347,79,307.000,3.886,2026-06-28 08:29:57.163683
26349,209,761.000,3.641,2026-06-28 08:29:57.163683
26350,313,1226.000,3.917,2026-06-28 08:29:57.163683
26354,6,19.500,3.250,2026-06-28 08:29:57.163683
26356,26,66.500,2.558,2026-06-28 08:29:57.163683
26357,14,50.000,3.571,2026-06-28 08:29:57.163683
26359,236,856.000,3.627,2026-06-28 08:29:57.163683
26360,67,247.000,3.687,2026-06-28 08:29:57.163683
26364,19,61.000,3.211,2026-06-28 08:29:57.163683
26365,51,162.500,3.186,2026-06-28 08:29:57.163683
26366,161,632.500,3.929,2026-06-28 08:29:57.163683
26368,8,31.000,3.875,2026-06-28 08:29:57.163683
26369,7,23.500,3.357,2026-06-28 08:29:57.163683
26370,9,33.000,3.667,2026-06-28 08:29:57.163683
26371,82,246.000,3.000,2026-06-28 08:29:57.163683
26372,9,33.000,3.667,2026-06-28 08:29:57.163683
26375,534,1852.000,3.468,2026-06-28 08:29:57.163683
26377,5,16.500,3.300,2026-06-28 08:29:57.163683
26378,30,95.000,3.167,2026-06-28 08:29:57.163683
26379,69,250.000,3.623,2026-06-28 08:29:57.163683
26380,32,87.000,2.719,2026-06-28 08:29:57.163683
26383,54,165.500,3.065,2026-06-28 08:29:57.163683
26386,361,1226.500,3.398,2026-06-28 08:29:57.163683
26387,11,39.000,3.545,2026-06-28 08:29:57.163683
26388,43,140.000,3.256,2026-06-28 08:29:57.163683
26391,141,458.000,3.248,2026-06-28 08:29:57.163683
26392,11,37.500,3.409,2026-06-28 08:29:57.163683
26393,76,267.500,3.520,2026-06-28 08:29:57.163683
26394,109,379.000,3.477,2026-06-28 08:29:57.163683
26395,104,374.500,3.601,2026-06-28 08:29:57.163683
26398,316,1041.000,3.294,2026-06-28 08:29:57.163683
26399,55,196.500,3.573,2026-06-28 08:29:57.163683
26400,160,617.000,3.856,2026-06-28 08:29:57.163683
26401,5,15.000,3.000,2026-06-28 08:29:57.163683
26403,266,903.000,3.395,2026-06-28 08:29:57.163683
26404,15,38.500,2.567,2026-06-28 08:29:57.163683
26409,12,30.000,2.500,2026-06-28 08:29:57.163683
26410,7,21.500,3.071,2026-06-28 08:29:57.163683
26411,16,55.500,3.469,2026-06-28 08:29:57.163683
26413,103,377.000,3.660,2026-06-28 08:29:57.163683
26414,72,251.500,3.493,2026-06-28 08:29:57.163683
26416,11,42.000,3.818,2026-06-28 08:29:57.163683
26417,8,29.000,3.625,2026-06-28 08:29:57.163683
26418,11,41.500,3.773,2026-06-28 08:29:57.163683
26422,418,1466.500,3.508,2026-06-28 08:29:57.163683
26424,7,23.500,3.357,2026-06-28 08:29:57.163683
26425,329,1249.500,3.798,2026-06-28 08:29:57.163683
26429,7,20.000,2.857,2026-06-28 08:29:57.163683
26430,18,55.000,3.056,2026-06-28 08:29:57.163683
26431,48,176.500,3.677,2026-06-28 08:29:57.163683
26432,15,44.000,2.933,2026-06-28 08:29:57.163683
26433,6,25.500,4.250,2026-06-28 08:29:57.163683
26435,11,31.500,2.864,2026-06-28 08:29:57.163683
26438,6,20.000,3.333,2026-06-28 08:29:57.163683
26444,282,1020.000,3.617,2026-06-28 08:29:57.163683
26448,48,156.000,3.250,2026-06-28 08:29:57.163683
26452,8,24.000,3.000,2026-06-28 08:29:57.163683
26453,53,207.500,3.915,2026-06-28 08:29:57.163683
26462,330,1124.500,3.408,2026-06-28 08:29:57.163683
26463,66,225.000,3.409,2026-06-28 08:29:57.163683
26464,162,489.000,3.019,2026-06-28 08:29:57.163683
26465,64,151.000,2.359,2026-06-28 08:29:57.163683
26467,120,393.000,3.275,2026-06-28 08:29:57.163683
26468,18,45.000,2.500,2026-06-28 08:29:57.163683
26470,13,31.000,2.385,2026-06-28 08:29:57.163683
26471,472,1834.000,3.886,2026-06-28 08:29:57.163683
26472,170,643.000,3.782,2026-06-28 08:29:57.163683
26475,8,25.500,3.188,2026-06-28 08:29:57.163683
26476,216,758.500,3.512,2026-06-28 08:29:57.163683
26479,135,451.500,3.344,2026-06-28 08:29:57.163683
26481,17,55.500,3.265,2026-06-28 08:29:57.163683
26483,26,84.500,3.250,2026-06-28 08:29:57.163683
26484,5,16.000,3.200,2026-06-28 08:29:57.163683
26485,363,1308.500,3.605,2026-06-28 08:29:57.163683
26486,8,28.500,3.563,2026-06-28 08:29:57.163683
26487,86,273.000,3.174,2026-06-28 08:29:57.163683
26488,123,380.000,3.089,2026-06-28 08:29:57.163683
26489,5,13.000,2.600,2026-06-28 08:29:57.163683
26490,22,56.000,2.545,2026-06-28 08:29:57.163683
26491,144,499.000,3.465,2026-06-28 08:29:57.163683
26492,421,1368.500,3.251,2026-06-28 08:29:57.163683
26493,46,154.500,3.359,2026-06-28 08:29:57.163683
26494,42,143.500,3.417,2026-06-28 08:29:57.163683
26495,109,337.500,3.096,2026-06-28 08:29:57.163683
26496,5,16.000,3.200,2026-06-28 08:29:57.163683
26497,67,244.000,3.642,2026-06-28 08:29:57.163683
26498,12,44.500,3.708,2026-06-28 08:29:57.163683
26501,39,140.500,3.603,2026-06-28 08:29:57.163683
26502,166,594.500,3.581,2026-06-28 08:29:57.163683
26504,152,486.500,3.201,2026-06-28 08:29:57.163683
26505,20,74.000,3.700,2026-06-28 08:29:57.163683
26509,89,296.500,3.331,2026-06-28 08:29:57.163683
26510,7,23.000,3.286,2026-06-28 08:29:57.163683
26512,34,119.000,3.500,2026-06-28 08:29:57.163683
26513,239,700.000,2.929,2026-06-28 08:29:57.163683
26514,20,56.000,2.800,2026-06-28 08:29:57.163683
26520,12,44.000,3.667,2026-06-28 08:29:57.163683
26521,71,247.500,3.486,2026-06-28 08:29:57.163683
26523,42,121.500,2.893,2026-06-28 08:29:57.163683
26524,250,976.000,3.904,2026-06-28 08:29:57.163683
26527,135,497.000,3.681,2026-06-28 08:29:57.163683
26528,477,1891.000,3.964,2026-06-28 08:29:57.163683
26529,21,69.000,3.286,2026-06-28 08:29:57.163683
26538,17,48.500,2.853,2026-06-28 08:29:57.163683
26539,53,178.500,3.368,2026-06-28 08:29:57.163683
26540,37,115.500,3.122,2026-06-28 08:29:57.163683
26542,10,30.000,3.000,2026-06-28 08:29:57.163683
26544,25,74.500,2.980,2026-06-28 08:29:57.163683
26546,7,25.000,3.571,2026-06-28 08:29:57.163683
26547,321,1198.000,3.732,2026-06-28 08:29:57.163683
26550,63,235.500,3.738,2026-06-28 08:29:57.163683
26553,18,53.000,2.944,2026-06-28 08:29:57.163683
26554,372,1345.500,3.617,2026-06-28 08:29:57.163683
26555,726,2335.500,3.217,2026-06-28 08:29:57.163683
26558,84,256.500,3.054,2026-06-28 08:29:57.163683
26559,14,43.500,3.107,2026-06-28 08:29:57.163683
26560,85,293.000,3.447,2026-06-28 08:29:57.163683
26561,97,304.500,3.139,2026-06-28 08:29:57.163683
26562,120,397.500,3.313,2026-06-28 08:29:57.163683
26564,182,658.000,3.615,2026-06-28 08:29:57.163683
26565,36,127.000,3.528,2026-06-28 08:29:57.163683
26566,31,93.000,3.000,2026-06-28 08:29:57.163683
26567,72,179.000,2.486,2026-06-28 08:29:57.163683
26569,9,22.000,2.444,2026-06-28 08:29:57.163683
26571,8,26.500,3.313,2026-06-28 08:29:57.163683
26574,14,47.000,3.357,2026-06-28 08:29:57.163683
26577,47,161.500,3.436,2026-06-28 08:29:57.163683
26578,200,793.000,3.965,2026-06-28 08:29:57.163683
26581,20,69.500,3.475,2026-06-28 08:29:57.163683
26582,18,58.500,3.250,2026-06-28 08:29:57.163683
26585,283,1052.000,3.717,2026-06-28 08:29:57.163683
26589,6,17.500,2.917,2026-06-28 08:29:57.163683
26590,8,21.500,2.688,2026-06-28 08:29:57.163683
26593,18,52.500,2.917,2026-06-28 08:29:57.163683
26596,31,123.500,3.984,2026-06-28 08:29:57.163683
26599,167,611.500,3.662,2026-06-28 08:29:57.163683
26602,29,99.500,3.431,2026-06-28 08:29:57.163683
26603,240,741.000,3.088,2026-06-28 08:29:57.163683
26606,266,979.500,3.682,2026-06-28 08:29:57.163683
26608,8,25.500,3.188,2026-06-28 08:29:57.163683
26611,12,39.500,3.292,2026-06-28 08:29:57.163683
26612,59,215.500,3.653,2026-06-28 08:29:57.163683
26613,8,24.500,3.063,2026-06-28 08:29:57.163683
26614,3252,13110.500,4.032,2026-06-28 08:29:57.163683
26616,74,261.500,3.534,2026-06-28 08:29:57.163683
26617,18,59.000,3.278,2026-06-28 08:29:57.163683
26622,31,107.000,3.452,2026-06-28 08:29:57.163683
26629,262,739.000,2.821,2026-06-28 08:29:57.163683
26630,71,204.000,2.873,2026-06-28 08:29:57.163683
26631,117,418.500,3.577,2026-06-28 08:29:57.163683
26634,5,15.500,3.100,2026-06-28 08:29:57.163683
26638,12,29.000,2.417,2026-06-28 08:29:57.163683
26643,17,59.000,3.471,2026-06-28 08:29:57.163683
26644,25,98.000,3.920,2026-06-28 08:29:57.163683
26645,5,17.000,3.400,2026-06-28 08:29:57.163683
26647,8,27.000,3.375,2026-06-28 08:29:57.163683
26649,380,1482.500,3.901,2026-06-28 08:29:57.163683
26655,5,19.500,3.900,2026-06-28 08:29:57.163683
26662,2474,9772.000,3.950,2026-06-28 08:29:57.163683
26663,139,510.000,3.669,2026-06-28 08:29:57.163683
26664,6,13.500,2.250,2026-06-28 08:29:57.163683
26672,8,28.500,3.563,2026-06-28 08:29:57.163683
26674,40,164.500,4.113,2026-06-28 08:29:57.163683
26675,13,43.500,3.346,2026-06-28 08:29:57.163683
26676,46,124.500,2.707,2026-06-28 08:29:57.163683
26677,11,32.000,2.909,2026-06-28 08:29:57.163683
26680,821,2739.000,3.336,2026-06-28 08:29:57.163683
26681,106,373.500,3.524,2026-06-28 08:29:57.163683
26682,18,45.500,2.528,2026-06-28 08:29:57.163683
26684,30,91.000,3.033,2026-06-28 08:29:57.163683
26686,234,531.500,2.271,2026-06-28 08:29:57.163683
26688,211,554.000,2.626,2026-06-28 08:29:57.163683
26689,21,57.500,2.738,2026-06-28 08:29:57.163683
26690,8,22.000,2.750,2026-06-28 08:29:57.163683
26691,52,184.500,3.548,2026-06-28 08:29:57.163683
26693,432,1392.000,3.222,2026-06-28 08:29:57.163683
26694,211,811.500,3.846,2026-06-28 08:29:57.163683
26695,93,308.000,3.312,2026-06-28 08:29:57.163683
26696,141,403.500,2.862,2026-06-28 08:29:57.163683
26698,48,140.500,2.927,2026-06-28 08:29:57.163683
26699,58,225.000,3.879,2026-06-28 08:29:57.163683
26700,147,413.000,2.810,2026-06-28 08:29:57.163683
26701,94,338.000,3.596,2026-06-28 08:29:57.163683
26702,52,182.500,3.510,2026-06-28 08:29:57.163683
26703,18,62.000,3.444,2026-06-28 08:29:57.163683
26704,269,944.000,3.509,2026-06-28 08:29:57.163683
26707,7,25.000,3.571,2026-06-28 08:29:57.163683
26710,38,98.000,2.579,2026-06-28 08:29:57.163683
26712,335,1338.500,3.996,2026-06-28 08:29:57.163683
26713,256,961.500,3.756,2026-06-28 08:29:57.163683
26714,12,34.000,2.833,2026-06-28 08:29:57.163683
26717,49,150.000,3.061,2026-06-28 08:29:57.163683
26719,13,36.000,2.769,2026-06-28 08:29:57.163683
26720,14,48.500,3.464,2026-06-28 08:29:57.163683
26726,119,331.000,2.782,2026-06-28 08:29:57.163683
26728,36,115.000,3.194,2026-06-28 08:29:57.163683
26729,918,3667.000,3.995,2026-06-28 08:29:57.163683
26730,7,21.000,3.000,2026-06-28 08:29:57.163683
26731,67,228.000,3.403,2026-06-28 08:29:57.163683
26732,39,135.500,3.474,2026-06-28 08:29:57.163683
26734,57,160.500,2.816,2026-06-28 08:29:57.163683
26736,86,309.500,3.599,2026-06-28 08:29:57.163683
26737,17,52.000,3.059,2026-06-28 08:29:57.163683
26741,52,118.500,2.279,2026-06-28 08:29:57.163683
26743,75,268.500,3.580,2026-06-28 08:29:57.163683
26744,65,214.000,3.292,2026-06-28 08:29:57.163683
26745,175,544.000,3.109,2026-06-28 08:29:57.163683
26746,100,273.000,2.730,2026-06-28 08:29:57.163683
26749,47,162.000,3.447,2026-06-28 08:29:57.163683
26750,257,871.000,3.389,2026-06-28 08:29:57.163683
26751,10,33.000,3.300,2026-06-28 08:29:57.163683
26752,7,14.000,2.000,2026-06-28 08:29:57.163683
26755,24,53.500,2.229,2026-06-28 08:29:57.163683
26756,13,54.000,4.154,2026-06-28 08:29:57.163683
26757,14,54.500,3.893,2026-06-28 08:29:57.163683
26758,127,471.500,3.713,2026-06-28 08:29:57.163683
26760,95,346.500,3.647,2026-06-28 08:29:57.163683
26761,12,46.500,3.875,2026-06-28 08:29:57.163683
26762,28,91.500,3.268,2026-06-28 08:29:57.163683
26764,26,61.000,2.346,2026-06-28 08:29:57.163683
26765,9,27.500,3.056,2026-06-28 08:29:57.163683
26770,107,364.000,3.402,2026-06-28 08:29:57.163683
26774,43,126.500,2.942,2026-06-28 08:29:57.163683
26775,32,88.000,2.750,2026-06-28 08:29:57.163683
26776,1804,7069.500,3.919,2026-06-28 08:29:57.163683
26777,11,39.500,3.591,2026-06-28 08:29:57.163683
26778,77,174.500,2.266,2026-06-28 08:29:57.163683
26782,126,392.000,3.111,2026-06-28 08:29:57.163683
26784,10,28.000,2.800,2026-06-28 08:29:57.163683
26788,130,474.500,3.650,2026-06-28 08:29:57.163683
26791,71,220.000,3.099,2026-06-28 08:29:57.163683
26792,83,186.500,2.247,2026-06-28 08:29:57.163683
26793,5,21.500,4.300,2026-06-28 08:29:57.163683
26796,86,318.000,3.698,2026-06-28 08:29:57.163683
26797,47,180.000,3.830,2026-06-28 08:29:57.163683
26802,8,30.000,3.750,2026-06-28 08:29:57.163683
26803,45,137.500,3.056,2026-06-28 08:29:57.163683
26804,9,31.000,3.444,2026-06-28 08:29:57.163683
26806,21,36.000,1.714,2026-06-28 08:29:57.163683
26809,12,40.500,3.375,2026-06-28 08:29:57.163683
26810,187,689.500,3.687,2026-06-28 08:29:57.163683
26811,38,133.000,3.500,2026-06-28 08:29:57.163683
26812,90,318.000,3.533,2026-06-28 08:29:57.163683
26813,10,35.500,3.550,2026-06-28 08:29:57.163683
26819,280,799.000,2.854,2026-06-28 08:29:57.163683
26822,12,42.000,3.500,2026-06-28 08:29:57.163683
26826,5,19.500,3.900,2026-06-28 08:29:57.163683
26827,7,20.500,2.929,2026-06-28 08:29:57.163683
26828,106,185.500,1.750,2026-06-28 08:29:57.163683
26831,18,58.000,3.222,2026-06-28 08:29:57.163683
26834,47,122.500,2.606,2026-06-28 08:29:57.163683
26835,6,21.500,3.583,2026-06-28 08:29:57.163683
26838,208,757.500,3.642,2026-06-28 08:29:57.163683
26840,432,1665.000,3.854,2026-06-28 08:29:57.163683
26841,71,185.500,2.613,2026-06-28 08:29:57.163683
26842,89,324.500,3.646,2026-06-28 08:29:57.163683
26843,13,32.000,2.462,2026-06-28 08:29:57.163683
26849,67,238.000,3.552,2026-06-28 08:29:57.163683
26850,66,231.500,3.508,2026-06-28 08:29:57.163683
26851,10,32.000,3.200,2026-06-28 08:29:57.163683
26854,8,21.000,2.625,2026-06-28 08:29:57.163683
26856,8,24.000,3.000,2026-06-28 08:29:57.163683
26861,31,103.000,3.323,2026-06-28 08:29:57.163683
26865,603,2333.500,3.870,2026-06-28 08:29:57.163683
26868,5,18.000,3.600,2026-06-28 08:29:57.163683
26869,14,48.000,3.429,2026-06-28 08:29:57.163683
26870,381,956.500,2.510,2026-06-28 08:29:57.163683
26871,64,177.500,2.773,2026-06-28 08:29:57.163683
26873,16,56.500,3.531,2026-06-28 08:29:57.163683
26875,76,280.500,3.691,2026-06-28 08:29:57.163683
26886,14,39.500,2.821,2026-06-28 08:29:57.163683
26887,252,739.500,2.935,2026-06-28 08:29:57.163683
26898,15,42.500,2.833,2026-06-28 08:29:57.163683
26900,17,51.500,3.029,2026-06-28 08:29:57.163683
26901,47,148.500,3.160,2026-06-28 08:29:57.163683
26903,458,1816.500,3.966,2026-06-28 08:29:57.163683
26908,20,61.500,3.075,2026-06-28 08:29:57.163683
26913,64,200.000,3.125,2026-06-28 08:29:57.163683
26914,55,187.000,3.400,2026-06-28 08:29:57.163683
26915,83,231.500,2.789,2026-06-28 08:29:57.163683
26925,124,427.500,3.448,2026-06-28 08:29:57.163683
26928,17,62.000,3.647,2026-06-28 08:29:57.163683
26933,6,16.000,2.667,2026-06-28 08:29:57.163683
26934,70,247.000,3.529,2026-06-28 08:29:57.163683
26937,23,52.000,2.261,2026-06-28 08:29:57.163683
26938,16,50.000,3.125,2026-06-28 08:29:57.163683
26939,290,1110.500,3.829,2026-06-28 08:29:57.163683
26940,50,154.500,3.090,2026-06-28 08:29:57.163683
26941,12,43.500,3.625,2026-06-28 08:29:57.163683
26947,217,812.500,3.744,2026-06-28 08:29:57.163683
26948,13,45.000,3.462,2026-06-28 08:29:57.163683
26949,41,124.500,3.037,2026-06-28 08:29:57.163683
26950,19,54.500,2.868,2026-06-28 08:29:57.163683
26954,14,53.500,3.821,2026-06-28 08:29:57.163683
26958,19,73.000,3.842,2026-06-28 08:29:57.163683
26965,197,683.500,3.470,2026-06-28 08:29:57.163683
26966,30,94.500,3.150,2026-06-28 08:29:57.163683
26970,11,33.500,3.045,2026-06-28 08:29:57.163683
26973,52,160.500,3.087,2026-06-28 08:29:57.163683
26974,318,1114.000,3.503,2026-06-28 08:29:57.163683
26975,9,21.500,2.389,2026-06-28 08:29:57.163683
26976,18,52.500,2.917,2026-06-28 08:29:57.163683
26981,7,23.500,3.357,2026-06-28 08:29:57.163683
26982,32,112.500,3.516,2026-06-28 08:29:57.163683
26985,59,192.500,3.263,2026-06-28 08:29:57.163683
26989,42,135.500,3.226,2026-06-28 08:29:57.163683
26990,12,37.000,3.083,2026-06-28 08:29:57.163683
26992,5,12.500,2.500,2026-06-28 08:29:57.163683
26994,10,34.000,3.400,2026-06-28 08:29:57.163683
26996,37,117.500,3.176,2026-06-28 08:29:57.163683
26998,20,70.500,3.525,2026-06-28 08:29:57.163683
26999,142,448.500,3.158,2026-06-28 08:29:57.163683
27001,5,13.000,2.600,2026-06-28 08:29:57.163683
27002,330,1324.500,4.014,2026-06-28 08:29:57.163683
27003,95,255.000,2.684,2026-06-28 08:29:57.163683
27004,14,33.000,2.357,2026-06-28 08:29:57.163683
27005,188,696.500,3.705,2026-06-28 08:29:57.163683
27006,87,301.500,3.466,2026-06-28 08:29:57.163683
27008,18,39.500,2.194,2026-06-28 08:29:57.163683
27009,37,127.500,3.446,2026-06-28 08:29:57.163683
27016,9,23.000,2.556,2026-06-28 08:29:57.163683
27018,13,45.500,3.500,2026-06-28 08:29:57.163683
27020,416,1371.000,3.296,2026-06-28 08:29:57.163683
27022,134,460.500,3.437,2026-06-28 08:29:57.163683
27027,14,49.000,3.500,2026-06-28 08:29:57.163683
27031,11,38.000,3.455,2026-06-28 08:29:57.163683
27032,146,490.500,3.360,2026-06-28 08:29:57.163683
27033,184,724.000,3.935,2026-06-28 08:29:57.163683
27036,166,566.000,3.410,2026-06-28 08:29:57.163683
27040,30,96.000,3.200,2026-06-28 08:29:57.163683
27044,43,108.000,2.512,2026-06-28 08:29:57.163683
27046,34,100.500,2.956,2026-06-28 08:29:57.163683
27049,18,61.000,3.389,2026-06-28 08:29:57.163683
27050,16,60.500,3.781,2026-06-28 08:29:57.163683
27064,29,101.500,3.500,2026-06-28 08:29:57.163683
27067,47,158.000,3.362,2026-06-28 08:29:57.163683
27070,5,17.000,3.400,2026-06-28 08:29:57.163683
27073,135,494.500,3.663,2026-06-28 08:29:57.163683
27074,8,29.000,3.625,2026-06-28 08:29:57.163683
27075,224,651.500,2.908,2026-06-28 08:29:57.163683
27078,5,14.500,2.900,2026-06-28 08:29:57.163683
27081,6,21.500,3.583,2026-06-28 08:29:57.163683
27087,9,27.500,3.056,2026-06-28 08:29:57.163683
27092,7,24.000,3.429,2026-06-28 08:29:57.163683
27093,6,21.500,3.583,2026-06-28 08:29:57.163683
27094,15,51.000,3.400,2026-06-28 08:29:57.163683
27095,28,101.500,3.625,2026-06-28 08:29:57.163683
27096,11,37.500,3.409,2026-06-28 08:29:57.163683
27103,5,15.000,3.000,2026-06-28 08:29:57.163683
27105,5,16.500,3.300,2026-06-28 08:29:57.163683
27108,19,65.500,3.447,2026-06-28 08:29:57.163683
27109,128,465.500,3.637,2026-06-28 08:29:57.163683
27112,40,133.500,3.338,2026-06-28 08:29:57.163683
27114,37,129.500,3.500,2026-06-28 08:29:57.163683
27124,19,65.000,3.421,2026-06-28 08:29:57.163683
27132,5,11.000,2.200,2026-06-28 08:29:57.163683
27134,27,93.500,3.463,2026-06-28 08:29:57.163683
27136,7,11.500,1.643,2026-06-28 08:29:57.163683
27140,5,10.500,2.100,2026-06-28 08:29:57.163683
27147,29,85.500,2.948,2026-06-28 08:29:57.163683
27152,95,297.000,3.126,2026-06-28 08:29:57.163683
27155,108,350.000,3.241,2026-06-28 08:29:57.163683
27156,394,1529.000,3.881,2026-06-28 08:29:57.163683
27158,18,61.000,3.389,2026-06-28 08:29:57.163683
27162,30,103.000,3.433,2026-06-28 08:29:57.163683
27163,12,49.000,4.083,2026-06-28 08:29:57.163683
27166,24,69.500,2.896,2026-06-28 08:29:57.163683
27170,42,98.500,2.345,2026-06-28 08:29:57.163683
27172,9,22.000,2.444,2026-06-28 08:29:57.163683
27176,30,116.000,3.867,2026-06-28 08:29:57.163683
27178,133,505.500,3.801,2026-06-28 08:29:57.163683
27180,90,271.000,3.011,2026-06-28 08:29:57.163683
27186,154,555.500,3.607,2026-06-28 08:29:57.163683
27192,26,72.000,2.769,2026-06-28 08:29:57.163683
27193,407,1318.000,3.238,2026-06-28 08:29:57.163683
27197,7,13.000,1.857,2026-06-28 08:29:57.163683
27198,5,13.500,2.700,2026-06-28 08:29:57.163683
27204,8,15.500,1.938,2026-06-28 08:29:57.163683
27212,8,25.500,3.188,2026-06-28 08:29:57.163683
27213,12,32.500,2.708,2026-06-28 08:29:57.163683
27215,15,44.500,2.967,2026-06-28 08:29:57.163683
27216,102,349.500,3.426,2026-06-28 08:29:57.163683
27217,27,90.500,3.352,2026-06-28 08:29:57.163683
27220,11,29.000,2.636,2026-06-28 08:29:57.163683
27221,8,28.500,3.563,2026-06-28 08:29:57.163683
27223,14,49.000,3.500,2026-06-28 08:29:57.163683
27232,7,20.500,2.929,2026-06-28 08:29:57.163683
27236,8,22.500,2.813,2026-06-28 08:29:57.163683
27238,28,84.500,3.018,2026-06-28 08:29:57.163683
27239,9,28.000,3.111,2026-06-28 08:29:57.163683
27246,54,190.500,3.528,2026-06-28 08:29:57.163683
27251,331,1270.500,3.838,2026-06-28 08:29:57.163683
27253,106,314.500,2.967,2026-06-28 08:29:57.163683
27255,70,251.500,3.593,2026-06-28 08:29:57.163683
27261,17,54.500,3.206,2026-06-28 08:29:57.163683
27266,1196,4393.500,3.673,2026-06-28 08:29:57.163683
27268,15,43.500,2.900,2026-06-28 08:29:57.163683
27271,125,440.500,3.524,2026-06-28 08:29:57.163683
27274,8,23.500,2.938,2026-06-28 08:29:57.163683
27276,10,39.000,3.900,2026-06-28 08:29:57.163683
27277,6,14.000,2.333,2026-06-28 08:29:57.163683
27292,13,38.500,2.962,2026-06-28 08:29:57.163683
27297,5,17.500,3.500,2026-06-28 08:29:57.163683
27298,10,23.500,2.350,2026-06-28 08:29:57.163683
27302,15,58.500,3.900,2026-06-28 08:29:57.163683
27304,7,25.500,3.643,2026-06-28 08:29:57.163683
27305,10,31.500,3.150,2026-06-28 08:29:57.163683
27306,14,37.000,2.643,2026-06-28 08:29:57.163683
27309,77,175.500,2.279,2026-06-28 08:29:57.163683
27311,345,1226.500,3.555,2026-06-28 08:29:57.163683
27313,8,26.500,3.313,2026-06-28 08:29:57.163683
27315,8,25.000,3.125,2026-06-28 08:29:57.163683
27316,63,206.500,3.278,2026-06-28 08:29:57.163683
27317,1244,4503.500,3.620,2026-06-28 08:29:57.163683
27320,8,27.500,3.438,2026-06-28 08:29:57.163683
27322,9,31.500,3.500,2026-06-28 08:29:57.163683
27326,39,121.000,3.103,2026-06-28 08:29:57.163683
27327,40,72.000,1.800,2026-06-28 08:29:57.163683
27329,130,487.500,3.750,2026-06-28 08:29:57.163683
27332,7,24.000,3.429,2026-06-28 08:29:57.163683
27334,18,66.500,3.694,2026-06-28 08:29:57.163683
27338,222,714.500,3.218,2026-06-28 08:29:57.163683
27340,68,216.500,3.184,2026-06-28 08:29:57.163683
27344,14,49.500,3.536,2026-06-28 08:29:57.163683
27345,6,13.500,2.250,2026-06-28 08:29:57.163683
27347,26,74.000,2.846,2026-06-28 08:29:57.163683
27350,10,33.500,3.350,2026-06-28 08:29:57.163683
27351,88,277.000,3.148,2026-06-28 08:29:57.163683
27356,9,29.000,3.222,2026-06-28 08:29:57.163683
27357,33,110.000,3.333,2026-06-28 08:29:57.163683
27362,59,207.500,3.517,2026-06-28 08:29:57.163683
27365,43,148.000,3.442,2026-06-28 08:29:57.163683
27366,102,391.500,3.838,2026-06-28 08:29:57.163683
27368,259,894.500,3.454,2026-06-28 08:29:57.163683
27369,152,558.500,3.674,2026-06-28 08:29:57.163683
27370,67,242.000,3.612,2026-06-28 08:29:57.163683
27372,9,32.000,3.556,2026-06-28 08:29:57.163683
27373,188,676.500,3.598,2026-06-28 08:29:57.163683
27376,209,790.500,3.782,2026-06-28 08:29:57.163683
27391,211,754.000,3.573,2026-06-28 08:29:57.163683
27392,61,186.500,3.057,2026-06-28 08:29:57.163683
27397,445,1693.000,3.804,2026-06-28 08:29:57.163683
27402,153,474.500,3.101,2026-06-28 08:29:57.163683
27408,259,857.000,3.309,2026-06-28 08:29:57.163683
27410,434,1620.000,3.733,2026-06-28 08:29:57.163683
27411,7,17.500,2.500,2026-06-28 08:29:57.163683
27416,467,1665.500,3.566,2026-06-28 08:29:57.163683
27420,6,18.000,3.000,2026-06-28 08:29:57.163683
27423,13,55.500,4.269,2026-06-28 08:29:57.163683
27426,42,119.000,2.833,2026-06-28 08:29:57.163683
27431,11,38.500,3.500,2026-06-28 08:29:57.163683
27432,91,334.000,3.670,2026-06-28 08:29:57.163683
27434,235,591.000,2.515,2026-06-28 08:29:57.163683
27436,12,34.500,2.875,2026-06-28 08:29:57.163683
27441,218,724.500,3.323,2026-06-28 08:29:57.163683
27445,19,46.500,2.447,2026-06-28 08:29:57.163683
27447,17,55.500,3.265,2026-06-28 08:29:57.163683
27450,94,275.000,2.926,2026-06-28 08:29:57.163683
27451,8,26.000,3.250,2026-06-28 08:29:57.163683
27454,5,14.000,2.800,2026-06-28 08:29:57.163683
27456,101,364.500,3.609,2026-06-28 08:29:57.163683
27458,13,37.000,2.846,2026-06-28 08:29:57.163683
27461,37,106.500,2.878,2026-06-28 08:29:57.163683
27468,6,17.000,2.833,2026-06-28 08:29:57.163683
27469,15,51.500,3.433,2026-06-28 08:29:57.163683
27473,126,258.500,2.052,2026-06-28 08:29:57.163683
27474,6,15.000,2.500,2026-06-28 08:29:57.163683
27478,446,1324.500,2.970,2026-06-28 08:29:57.163683
27480,21,63.500,3.024,2026-06-28 08:29:57.163683
27482,549,1638.500,2.985,2026-06-28 08:29:57.163683
27485,16,54.000,3.375,2026-06-28 08:29:57.163683
27488,8,22.000,2.750,2026-06-28 08:29:57.163683
27491,165,549.000,3.327,2026-06-28 08:29:57.163683
27496,5,15.000,3.000,2026-06-28 08:29:57.163683
27497,22,73.000,3.318,2026-06-28 08:29:57.163683
27506,14,50.000,3.571,2026-06-28 08:29:57.163683
27509,59,185.000,3.136,2026-06-28 08:29:57.163683
27513,47,167.500,3.564,2026-06-28 08:29:57.163683
27515,52,187.500,3.606,2026-06-28 08:29:57.163683
27518,17,64.500,3.794,2026-06-28 08:29:57.163683
27523,289,1098.000,3.799,2026-06-28 08:29:57.163683
27524,31,76.000,2.452,2026-06-28 08:29:57.163683
27528,48,158.500,3.302,2026-06-28 08:29:57.163683
27530,10,32.000,3.200,2026-06-28 08:29:57.163683
27537,69,220.000,3.188,2026-06-28 08:29:57.163683
27539,19,61.500,3.237,2026-06-28 08:29:57.163683
27544,34,110.500,3.250,2026-06-28 08:29:57.163683
27548,25,55.500,2.220,2026-06-28 08:29:57.163683
27549,14,41.000,2.929,2026-06-28 08:29:57.163683
27550,42,144.000,3.429,2026-06-28 08:29:57.163683
27555,128,445.500,3.480,2026-06-28 08:29:57.163683
27563,244,851.500,3.490,2026-06-28 08:29:57.163683
27564,60,170.500,2.842,2026-06-28 08:29:57.163683
27571,35,125.000,3.571,2026-06-28 08:29:57.163683
27573,11,39.000,3.545,2026-06-28 08:29:57.163683
27576,6,21.500,3.583,2026-06-28 08:29:57.163683
27584,166,538.500,3.244,2026-06-28 08:29:57.163683
27587,27,74.500,2.759,2026-06-28 08:29:57.163683
27592,1054,4029.000,3.823,2026-06-28 08:29:57.163683
27595,12,30.500,2.542,2026-06-28 08:29:57.163683
27598,6,17.000,2.833,2026-06-28 08:29:57.163683
27602,9,16.000,1.778,2026-06-28 08:29:57.163683
27603,11,37.500,3.409,2026-06-28 08:29:57.163683
27604,297,1001.500,3.372,2026-06-28 08:29:57.163683
27608,236,734.000,3.110,2026-06-28 08:29:57.163683
27611,2884,11610.000,4.026,2026-06-28 08:29:57.163683
27616,17,35.000,2.059,2026-06-28 08:29:57.163683
27618,255,584.500,2.292,2026-06-28 08:29:57.163683
27619,87,280.000,3.218,2026-06-28 08:29:57.163683
27620,41,143.000,3.488,2026-06-28 08:29:57.163683
27624,5,17.500,3.500,2026-06-28 08:29:57.163683
27627,47,167.500,3.564,2026-06-28 08:29:57.163683
27631,13,38.000,2.923,2026-06-28 08:29:57.163683
27636,88,304.000,3.455,2026-06-28 08:29:57.163683
27639,7,23.500,3.357,2026-06-28 08:29:57.163683
27640,11,35.500,3.227,2026-06-28 08:29:57.163683
27641,65,215.000,3.308,2026-06-28 08:29:57.163683
27642,12,24.000,2.000,2026-06-28 08:29:57.163683
27643,90,248.000,2.756,2026-06-28 08:29:57.163683
27644,41,130.000,3.171,2026-06-28 08:29:57.163683
27646,36,129.500,3.597,2026-06-28 08:29:57.163683
27647,83,308.000,3.711,2026-06-28 08:29:57.163683
27648,152,490.000,3.224,2026-06-28 08:29:57.163683
27656,6,18.000,3.000,2026-06-28 08:29:57.163683
27658,14,40.000,2.857,2026-06-28 08:29:57.163683
27660,2812,10355.000,3.682,2026-06-28 08:29:57.163683
27664,156,446.500,2.862,2026-06-28 08:29:57.163683
27667,25,92.000,3.680,2026-06-28 08:29:57.163683
27671,70,259.500,3.707,2026-06-28 08:29:57.163683
27674,614,2188.000,3.564,2026-06-28 08:29:57.163683
27679,12,39.500,3.292,2026-06-28 08:29:57.163683
27683,9,25.000,2.778,2026-06-28 08:29:57.163683
27684,11,37.500,3.409,2026-06-28 08:29:57.163683
27685,242,505.000,2.087,2026-06-28 08:29:57.163683
27689,174,541.500,3.112,2026-06-28 08:29:57.163683
27692,13,44.500,3.423,2026-06-28 08:29:57.163683
27695,54,188.500,3.491,2026-06-28 08:29:57.163683
27699,26,89.500,3.442,2026-06-28 08:29:57.163683
27700,547,2052.500,3.752,2026-06-28 08:29:57.163683
27702,20,62.500,3.125,2026-06-28 08:29:57.163683
27704,121,293.500,2.426,2026-06-28 08:29:57.163683
27705,54,152.500,2.824,2026-06-28 08:29:57.163683
27706,3438,11598.500,3.374,2026-06-28 08:29:57.163683
27708,32,90.000,2.813,2026-06-28 08:29:57.163683
27711,5,14.000,2.800,2026-06-28 08:29:57.163683
27713,30,100.500,3.350,2026-06-28 08:29:57.163683
27716,143,530.500,3.710,2026-06-28 08:29:57.163683
27717,55,175.000,3.182,2026-06-28 08:29:57.163683
27718,5,17.000,3.400,2026-06-28 08:29:57.163683
27719,33,51.500,1.561,2026-06-28 08:29:57.163683
27721,1992,7645.500,3.838,2026-06-28 08:29:57.163683
27722,305,1162.000,3.810,2026-06-28 08:29:57.163683
27724,61,201.500,3.303,2026-06-28 08:29:57.163683
27727,674,2673.000,3.966,2026-06-28 08:29:57.163683
27728,1176,4373.000,3.719,2026-06-28 08:29:57.163683
27729,19,69.000,3.632,2026-06-28 08:29:57.163683
27731,879,3279.500,3.731,2026-06-28 08:29:57.163683
27734,31,98.000,3.161,2026-06-28 08:29:57.163683
27735,52,142.000,2.731,2026-06-28 08:29:57.163683
27736,31,103.500,3.339,2026-06-28 08:29:57.163683
27738,61,221.500,3.631,2026-06-28 08:29:57.163683
27740,18,58.500,3.250,2026-06-28 08:29:57.163683
27741,707,2804.500,3.967,2026-06-28 08:29:57.163683
27743,24,77.500,3.229,2026-06-28 08:29:57.163683
27744,79,276.000,3.494,2026-06-28 08:29:57.163683
27746,140,462.000,3.300,2026-06-28 08:29:57.163683
27751,130,404.500,3.112,2026-06-28 08:29:57.163683
27754,7,24.500,3.500,2026-06-28 08:29:57.163683
27756,7,14.500,2.071,2026-06-28 08:29:57.163683
27758,36,123.000,3.417,2026-06-28 08:29:57.163683
27760,10,33.500,3.350,2026-06-28 08:29:57.163683
27762,14,41.000,2.929,2026-06-28 08:29:57.163683
27764,7,24.500,3.500,2026-06-28 08:29:57.163683
27765,29,73.000,2.517,2026-06-28 08:29:57.163683
27768,126,460.500,3.655,2026-06-28 08:29:57.163683
27769,11,41.500,3.773,2026-06-28 08:29:57.163683
27771,7,19.000,2.714,2026-06-28 08:29:57.163683
27772,725,2444.000,3.371,2026-06-28 08:29:57.163683
27773,6207,25393.000,4.091,2026-06-28 08:29:57.163683
27776,52,173.500,3.337,2026-06-28 08:29:57.163683
27778,121,369.500,3.054,2026-06-28 08:29:57.163683
27781,17,52.000,3.059,2026-06-28 08:29:57.163683
27783,35,116.000,3.314,2026-06-28 08:29:57.163683
27784,101,304.000,3.010,2026-06-28 08:29:57.163683
27786,9,19.500,2.167,2026-06-28 08:29:57.163683
27787,6,19.000,3.167,2026-06-28 08:29:57.163683
27788,1251,4413.000,3.528,2026-06-28 08:29:57.163683
27790,962,3499.500,3.638,2026-06-28 08:29:57.163683
27792,171,563.000,3.292,2026-06-28 08:29:57.163683
27793,296,567.500,1.917,2026-06-28 08:29:57.163683
27797,84,315.500,3.756,2026-06-28 08:29:57.163683
27798,13,44.000,3.385,2026-06-28 08:29:57.163683
27799,8,19.500,2.438,2026-06-28 08:29:57.163683
27800,280,1053.500,3.763,2026-06-28 08:29:57.163683
27801,1346,4884.000,3.629,2026-06-28 08:29:57.163683
27802,104,381.500,3.668,2026-06-28 08:29:57.163683
27803,1449,5729.000,3.954,2026-06-28 08:29:57.163683
27805,21,70.500,3.357,2026-06-28 08:29:57.163683
27808,2161,7171.500,3.319,2026-06-28 08:29:57.163683
27811,36,117.000,3.250,2026-06-28 08:29:57.163683
27812,93,333.500,3.586,2026-06-28 08:29:57.163683
27815,1078,4265.500,3.957,2026-06-28 08:29:57.163683
27816,298,1073.000,3.601,2026-06-28 08:29:57.163683
27820,272,1021.500,3.756,2026-06-28 08:29:57.163683
27821,1756,5907.500,3.364,2026-06-28 08:29:57.163683
27822,825,2322.500,2.815,2026-06-28 08:29:57.163683
27823,5,12.500,2.500,2026-06-28 08:29:57.163683
27824,6,21.500,3.583,2026-06-28 08:29:57.163683
27826,94,323.500,3.441,2026-06-28 08:29:57.163683
27827,12,37.500,3.125,2026-06-28 08:29:57.163683
27828,126,450.000,3.571,2026-06-28 08:29:57.163683
27830,63,204.000,3.238,2026-06-28 08:29:57.163683
27831,2883,10908.000,3.784,2026-06-28 08:29:57.163683
27833,109,317.500,2.913,2026-06-28 08:29:57.163683
27834,466,1823.500,3.913,2026-06-28 08:29:57.163683
27835,12,41.500,3.458,2026-06-28 08:29:57.163683
27837,684,2026.000,2.962,2026-06-28 08:29:57.163683
27838,690,2468.000,3.577,2026-06-28 08:29:57.163683
27839,1055,2743.000,2.600,2026-06-28 08:29:57.163683
27840,17,40.500,2.382,2026-06-28 08:29:57.163683
27841,32,112.000,3.500,2026-06-28 08:29:57.163683
27843,91,343.500,3.775,2026-06-28 08:29:57.163683
27846,1552,6106.500,3.935,2026-06-28 08:29:57.163683
27847,29,96.000,3.310,2026-06-28 08:29:57.163683
27850,388,1395.500,3.597,2026-06-28 08:29:57.163683
27851,111,386.000,3.477,2026-06-28 08:29:57.163683
27856,10,35.000,3.500,2026-06-28 08:29:57.163683
27857,184,711.500,3.867,2026-06-28 08:29:57.163683
27862,21,76.000,3.619,2026-06-28 08:29:57.163683
27864,68,192.000,2.824,2026-06-28 08:29:57.163683
27865,176,568.500,3.230,2026-06-28 08:29:57.163683
27866,152,582.500,3.832,2026-06-28 08:29:57.163683
27867,38,140.500,3.697,2026-06-28 08:29:57.163683
27869,400,1506.000,3.765,2026-06-28 08:29:57.163683
27871,214,833.500,3.895,2026-06-28 08:29:57.163683
27873,751,2611.000,3.477,2026-06-28 08:29:57.163683
27874,31,90.000,2.903,2026-06-28 08:29:57.163683
27875,53,181.000,3.415,2026-06-28 08:29:57.163683
27876,125,423.000,3.384,2026-06-28 08:29:57.163683
27878,706,2767.000,3.919,2026-06-28 08:29:57.163683
27879,375,1454.000,3.877,2026-06-28 08:29:57.163683
27881,9,28.500,3.167,2026-06-28 08:29:57.163683
27882,332,1270.500,3.827,2026-06-28 08:29:57.163683
27884,91,329.500,3.621,2026-06-28 08:29:57.163683
27887,36,89.000,2.472,2026-06-28 08:29:57.163683
27888,77,200.500,2.604,2026-06-28 08:29:57.163683
27889,6,14.500,2.417,2026-06-28 08:29:57.163683
27891,16,56.000,3.500,2026-06-28 08:29:57.163683
27899,579,1671.000,2.886,2026-06-28 08:29:57.163683
27903,18,55.500,3.083,2026-06-28 08:29:57.163683
27904,3044,11065.000,3.635,2026-06-28 08:29:57.163683
27905,243,740.000,3.045,2026-06-28 08:29:57.163683
27909,7,22.500,3.214,2026-06-28 08:29:57.163683
27911,16,59.000,3.688,2026-06-28 08:29:57.163683
27912,618,2305.500,3.731,2026-06-28 08:29:57.163683
27919,7,21.000,3.000,2026-06-28 08:29:57.163683
27922,86,297.500,3.459,2026-06-28 08:29:57.163683
30659,44,132.000,3.000,2026-06-28 08:29:57.163683
30695,8,22.000,2.750,2026-06-28 08:29:57.163683
30701,89,319.000,3.584,2026-06-28 08:29:57.163683
30707,9159,35453.500,3.871,2026-06-28 08:29:57.163683
30712,133,481.000,3.617,2026-06-28 08:29:57.163683
30721,50,171.500,3.430,2026-06-28 08:29:57.163683
30723,26,85.000,3.269,2026-06-28 08:29:57.163683
30742,20,71.500,3.575,2026-06-28 08:29:57.163683
30745,118,429.000,3.636,2026-06-28 08:29:57.163683
30747,62,213.000,3.435,2026-06-28 08:29:57.163683
30749,8416,34002.500,4.040,2026-06-28 08:29:57.163683
30767,13,41.500,3.192,2026-06-28 08:29:57.163683
30781,5,17.000,3.400,2026-06-28 08:29:57.163683
30783,41,128.000,3.122,2026-06-28 08:29:57.163683
30791,61,159.500,2.615,2026-06-28 08:29:57.163683
30793,7518,25287.500,3.364,2026-06-28 08:29:57.163683
30798,16,47.500,2.969,2026-06-28 08:29:57.163683
30800,9,33.500,3.722,2026-06-28 08:29:57.163683
30803,1037,4160.500,4.012,2026-06-28 08:29:57.163683
30808,10,28.000,2.800,2026-06-28 08:29:57.163683
30810,5424,20120.000,3.709,2026-06-28 08:29:57.163683
30812,5842,21084.000,3.609,2026-06-28 08:29:57.163683
30816,1587,5660.500,3.567,2026-06-28 08:29:57.163683
30818,261,817.000,3.130,2026-06-28 08:29:57.163683
30820,961,3499.500,3.642,2026-06-28 08:29:57.163683
30822,1790,6180.500,3.453,2026-06-28 08:29:57.163683
30825,4288,13322.500,3.107,2026-06-28 08:29:57.163683
30846,547,1864.500,3.409,2026-06-28 08:29:57.163683
30848,421,1522.000,3.615,2026-06-28 08:29:57.163683
30850,649,2337.000,3.601,2026-06-28 08:29:57.163683
30854,14,57.000,4.071,2026-06-28 08:29:57.163683
30856,9,33.000,3.667,2026-06-28 08:29:57.163683
30861,7,21.500,3.071,2026-06-28 08:29:57.163683
30867,100,376.500,3.765,2026-06-28 08:29:57.163683
30883,250,496.000,1.984,2026-06-28 08:29:57.163683
30890,10,30.500,3.050,2026-06-28 08:29:57.163683
30892,167,621.500,3.722,2026-06-28 08:29:57.163683
30894,711,1891.000,2.660,2026-06-28 08:29:57.163683
30896,24,66.500,2.771,2026-06-28 08:29:57.163683
30898,668,2274.000,3.404,2026-06-28 08:29:57.163683
30905,11,29.500,2.682,2026-06-28 08:29:57.163683
30942,14,40.500,2.893,2026-06-28 08:29:57.163683
30949,54,179.500,3.324,2026-06-28 08:29:57.163683
30952,58,191.000,3.293,2026-06-28 08:29:57.163683
30954,33,103.000,3.121,2026-06-28 08:29:57.163683
30970,31,105.000,3.387,2026-06-28 08:29:57.163683
30977,26,56.000,2.154,2026-06-28 08:29:57.163683
30981,23,74.000,3.217,2026-06-28 08:29:57.163683
30991,68,246.000,3.618,2026-06-28 08:29:57.163683
30994,26,77.000,2.962,2026-06-28 08:29:57.163683
30996,61,205.500,3.369,2026-06-28 08:29:57.163683
31000,71,197.500,2.782,2026-06-28 08:29:57.163683
31004,10,29.500,2.950,2026-06-28 08:29:57.163683
31011,11,38.000,3.455,2026-06-28 08:29:57.163683
31026,112,307.000,2.741,2026-06-28 08:29:57.163683
31030,109,406.000,3.725,2026-06-28 08:29:57.163683
31032,67,197.000,2.940,2026-06-28 08:29:57.163683
31035,186,692.000,3.720,2026-06-28 08:29:57.163683
31038,43,125.000,2.907,2026-06-28 08:29:57.163683
31040,10,27.500,2.750,2026-06-28 08:29:57.163683
31042,55,187.500,3.409,2026-06-28 08:29:57.163683
31045,27,61.500,2.278,2026-06-28 08:29:57.163683
31047,28,74.000,2.643,2026-06-28 08:29:57.163683
31049,41,120.500,2.939,2026-06-28 08:29:57.163683
31053,12,31.000,2.583,2026-06-28 08:29:57.163683
31060,7,21.500,3.071,2026-06-28 08:29:57.163683
31079,84,207.000,2.464,2026-06-28 08:29:57.163683
31083,42,86.000,2.048,2026-06-28 08:29:57.163683
31086,47,168.000,3.574,2026-06-28 08:29:57.163683
31090,6,16.500,2.750,2026-06-28 08:29:57.163683
31101,160,566.000,3.538,2026-06-28 08:29:57.163683
31104,49,169.500,3.459,2026-06-28 08:29:57.163683
31107,35,115.000,3.286,2026-06-28 08:29:57.163683
31109,14,44.000,3.143,2026-06-28 08:29:57.163683
31112,13,39.500,3.038,2026-06-28 08:29:57.163683
31114,185,660.000,3.568,2026-06-28 08:29:57.163683
31116,399,1535.000,3.847,2026-06-28 08:29:57.163683
31123,76,278.000,3.658,2026-06-28 08:29:57.163683
31133,56,172.500,3.080,2026-06-28 08:29:57.163683
31148,54,197.000,3.648,2026-06-28 08:29:57.163683
31150,126,411.000,3.262,2026-06-28 08:29:57.163683
31156,85,272.000,3.200,2026-06-28 08:29:57.163683
31158,35,104.000,2.971,2026-06-28 08:29:57.163683
31160,44,144.500,3.284,2026-06-28 08:29:57.163683
31162,305,1010.000,3.311,2026-06-28 08:29:57.163683
31165,9,27.500,3.056,2026-06-28 08:29:57.163683
31184,669,2342.000,3.501,2026-06-28 08:29:57.163683
31188,27,92.000,3.407,2026-06-28 08:29:57.163683
31193,493,1816.500,3.685,2026-06-28 08:29:57.163683
31195,11,35.000,3.182,2026-06-28 08:29:57.163683
31201,9,29.500,3.278,2026-06-28 08:29:57.163683
31221,1257,3141.500,2.499,2026-06-28 08:29:57.163683
31223,176,498.000,2.830,2026-06-28 08:29:57.163683
31225,989,3550.000,3.589,2026-06-28 08:29:57.163683
31247,45,152.500,3.389,2026-06-28 08:29:57.163683
31251,157,494.000,3.146,2026-06-28 08:29:57.163683
31255,189,612.500,3.241,2026-06-28 08:29:57.163683
31260,137,497.500,3.631,2026-06-28 08:29:57.163683
31263,73,241.000,3.301,2026-06-28 08:29:57.163683
31267,11,29.500,2.682,2026-06-28 08:29:57.163683
31270,193,667.500,3.459,2026-06-28 08:29:57.163683
31284,42,118.000,2.810,2026-06-28 08:29:57.163683
31290,28,59.000,2.107,2026-06-28 08:29:57.163683
31297,14,46.000,3.286,2026-06-28 08:29:57.163683
31309,149,580.000,3.893,2026-06-28 08:29:57.163683
31337,19,66.000,3.474,2026-06-28 08:29:57.163683
31340,7,22.500,3.214,2026-06-28 08:29:57.163683
31347,89,323.500,3.635,2026-06-28 08:29:57.163683
31349,35,110.500,3.157,2026-06-28 08:29:57.163683
31353,10,33.500,3.350,2026-06-28 08:29:57.163683
31359,69,254.000,3.681,2026-06-28 08:29:57.163683
31362,43,120.000,2.791,2026-06-28 08:29:57.163683
31364,576,2293.000,3.981,2026-06-28 08:29:57.163683
31367,160,460.500,2.878,2026-06-28 08:29:57.163683
31374,87,330.500,3.799,2026-06-28 08:29:57.163683
31389,12,37.500,3.125,2026-06-28 08:29:57.163683
31408,80,298.000,3.725,2026-06-28 08:29:57.163683
31410,3998,16081.500,4.022,2026-06-28 08:29:57.163683
31413,14,51.000,3.643,2026-06-28 08:29:57.163683
31420,1090,3397.000,3.117,2026-06-28 08:29:57.163683
31422,323,741.500,2.296,2026-06-28 08:29:57.163683
31424,469,701.500,1.496,2026-06-28 08:29:57.163683
31427,930,2676.000,2.877,2026-06-28 08:29:57.163683
31429,81,264.500,3.265,2026-06-28 08:29:57.163683
31431,368,760.000,2.065,2026-06-28 08:29:57.163683
31433,548,1728.000,3.153,2026-06-28 08:29:57.163683
31435,247,948.500,3.840,2026-06-28 08:29:57.163683
31437,458,1803.000,3.937,2026-06-28 08:29:57.163683
31445,187,551.000,2.947,2026-06-28 08:29:57.163683
31447,29,72.500,2.500,2026-06-28 08:29:57.163683
31467,71,231.500,3.261,2026-06-28 08:29:57.163683
31485,178,641.500,3.604,2026-06-28 08:29:57.163683
31487,15,56.500,3.767,2026-06-28 08:29:57.163683
31490,18,57.500,3.194,2026-06-28 08:29:57.163683
31494,23,69.000,3.000,2026-06-28 08:29:57.163683
31502,184,628.000,3.413,2026-06-28 08:29:57.163683
31522,182,710.500,3.904,2026-06-28 08:29:57.163683
31524,44,162.500,3.693,2026-06-28 08:29:57.163683
31528,161,588.500,3.655,2026-06-28 08:29:57.163683
31539,72,239.000,3.319,2026-06-28 08:29:57.163683
31545,105,419.500,3.995,2026-06-28 08:29:57.163683
31547,93,350.000,3.763,2026-06-28 08:29:57.163683
31549,18,54.000,3.000,2026-06-28 08:29:57.163683
31553,129,256.500,1.988,2026-06-28 08:29:57.163683
31555,120,242.500,2.021,2026-06-28 08:29:57.163683
31577,7,24.000,3.429,2026-06-28 08:29:57.163683
31584,52,167.000,3.212,2026-06-28 08:29:57.163683
31588,59,212.500,3.602,2026-06-28 08:29:57.163683
31590,107,403.500,3.771,2026-06-28 08:29:57.163683
31594,39,129.500,3.321,2026-06-28 08:29:57.163683
31598,9,25.500,2.833,2026-06-28 08:29:57.163683
31600,11,34.500,3.136,2026-06-28 08:29:57.163683
31606,8,20.000,2.500,2026-06-28 08:29:57.163683
31610,21,56.500,2.690,2026-06-28 08:29:57.163683
31613,35,88.000,2.514,2026-06-28 08:29:57.163683
31617,146,497.000,3.404,2026-06-28 08:29:57.163683
31619,14,36.500,2.607,2026-06-28 08:29:57.163683
31628,40,147.500,3.688,2026-06-28 08:29:57.163683
31636,20,56.000,2.800,2026-06-28 08:29:57.163683
31645,8,26.000,3.250,2026-06-28 08:29:57.163683
31647,21,60.000,2.857,2026-06-28 08:29:57.163683
31658,5607,22798.500,4.066,2026-06-28 08:29:57.163683
31660,617,2145.500,3.477,2026-06-28 08:29:57.163683
31664,15,45.000,3.000,2026-06-28 08:29:57.163683
31672,22,73.000,3.318,2026-06-28 08:29:57.163683
31680,12,38.500,3.208,2026-06-28 08:29:57.163683
31682,38,141.000,3.711,2026-06-28 08:29:57.163683
31685,4080,13969.000,3.424,2026-06-28 08:29:57.163683
31687,155,451.000,2.910,2026-06-28 08:29:57.163683
31689,244,827.500,3.391,2026-06-28 08:29:57.163683
31692,8,25.000,3.125,2026-06-28 08:29:57.163683
31694,714,2336.000,3.272,2026-06-28 08:29:57.163683
31696,4247,14206.500,3.345,2026-06-28 08:29:57.163683
31698,467,585.000,1.253,2026-06-28 08:29:57.163683
31700,195,608.500,3.121,2026-06-28 08:29:57.163683
31702,151,550.000,3.642,2026-06-28 08:29:57.163683
31705,61,215.000,3.525,2026-06-28 08:29:57.163683
31724,134,290.000,2.164,2026-06-28 08:29:57.163683
31737,78,262.500,3.365,2026-06-28 08:29:57.163683
31742,9,27.000,3.000,2026-06-28 08:29:57.163683
31747,52,125.500,2.413,2026-06-28 08:29:57.163683
31750,9,22.500,2.500,2026-06-28 08:29:57.163683
31770,159,604.000,3.799,2026-06-28 08:29:57.163683
31785,158,556.000,3.519,2026-06-28 08:29:57.163683
31793,7,25.000,3.571,2026-06-28 08:29:57.163683
31804,1149,3890.500,3.386,2026-06-28 08:29:57.163683
31807,117,391.000,3.342,2026-06-28 08:29:57.163683
31826,8,27.000,3.375,2026-06-28 08:29:57.163683
31847,17,51.000,3.000,2026-06-28 08:29:57.163683
31851,31,113.000,3.645,2026-06-28 08:29:57.163683
31854,54,193.000,3.574,2026-06-28 08:29:57.163683
31867,189,548.500,2.902,2026-06-28 08:29:57.163683
31869,13,40.000,3.077,2026-06-28 08:29:57.163683
31878,3977,15059.500,3.787,2026-06-28 08:29:57.163683
31881,14,45.500,3.250,2026-06-28 08:29:57.163683
31889,28,92.500,3.304,2026-06-28 08:29:57.163683
31892,31,89.000,2.871,2026-06-28 08:29:57.163683
31894,10,36.500,3.650,2026-06-28 08:29:57.163683
31900,19,67.000,3.526,2026-06-28 08:29:57.163683
31903,150,574.500,3.830,2026-06-28 08:29:57.163683
31909,63,134.000,2.127,2026-06-28 08:29:57.163683
31915,10,37.000,3.700,2026-06-28 08:29:57.163683
31921,74,256.500,3.466,2026-06-28 08:29:57.163683
31923,620,2276.500,3.672,2026-06-28 08:29:57.163683
31930,96,357.000,3.719,2026-06-28 08:29:57.163683
31932,22,73.000,3.318,2026-06-28 08:29:57.163683
31934,155,550.000,3.548,2026-06-28 08:29:57.163683
31948,19,78.500,4.132,2026-06-28 08:29:57.163683
31950,82,298.000,3.634,2026-06-28 08:29:57.163683
31952,410,1564.000,3.815,2026-06-28 08:29:57.163683
31956,140,465.500,3.325,2026-06-28 08:29:57.163683
31960,10,29.000,2.900,2026-06-28 08:29:57.163683
31963,42,148.000,3.524,2026-06-28 08:29:57.163683
31973,84,312.500,3.720,2026-06-28 08:29:57.163683
31975,7,22.000,3.143,2026-06-28 08:29:57.163683
31991,35,126.500,3.614,2026-06-28 08:29:57.163683
31998,30,92.000,3.067,2026-06-28 08:29:57.163683
32002,14,36.500,2.607,2026-06-28 08:29:57.163683
32009,145,442.000,3.048,2026-06-28 08:29:57.163683
32011,294,715.500,2.434,2026-06-28 08:29:57.163683
32013,27,86.500,3.204,2026-06-28 08:29:57.163683
32015,7,15.500,2.214,2026-06-28 08:29:57.163683
32017,693,1877.000,2.709,2026-06-28 08:29:57.163683
32019,981,2737.000,2.790,2026-06-28 08:29:57.163683
32022,137,445.000,3.248,2026-06-28 08:29:57.163683
32025,206,770.500,3.740,2026-06-28 08:29:57.163683
32029,1212,4023.000,3.319,2026-06-28 08:29:57.163683
32031,1777,5812.500,3.271,2026-06-28 08:29:57.163683
32049,27,86.500,3.204,2026-06-28 08:29:57.163683
32056,14,45.000,3.214,2026-06-28 08:29:57.163683
32058,148,464.000,3.135,2026-06-28 08:29:57.163683
32060,29,92.000,3.172,2026-06-28 08:29:57.163683
32062,7,19.500,2.786,2026-06-28 08:29:57.163683
32074,24,71.000,2.958,2026-06-28 08:29:57.163683
32076,98,249.500,2.546,2026-06-28 08:29:57.163683
32078,106,306.000,2.887,2026-06-28 08:29:57.163683
32082,11,37.000,3.364,2026-06-28 08:29:57.163683
32084,51,139.000,2.725,2026-06-28 08:29:57.163683
32088,13,20.500,1.577,2026-06-28 08:29:57.163683
32090,9,28.000,3.111,2026-06-28 08:29:57.163683
32109,21,60.000,2.857,2026-06-28 08:29:57.163683
32116,190,471.000,2.479,2026-06-28 08:29:57.163683
32120,15,32.000,2.133,2026-06-28 08:29:57.163683
32122,8,20.000,2.500,2026-06-28 08:29:57.163683
32124,43,133.500,3.105,2026-06-28 08:29:57.163683
32126,5,14.000,2.800,2026-06-28 08:29:57.163683
32128,52,124.500,2.394,2026-06-28 08:29:57.163683
32139,165,545.000,3.303,2026-06-28 08:29:57.163683
32141,24,58.500,2.438,2026-06-28 08:29:57.163683
32149,48,128.000,2.667,2026-06-28 08:29:57.163683
32151,25,83.000,3.320,2026-06-28 08:29:57.163683
32153,61,168.000,2.754,2026-06-28 08:29:57.163683
32156,14,38.500,2.750,2026-06-28 08:29:57.163683
32158,7,22.000,3.143,2026-06-28 08:29:57.163683
32160,149,564.000,3.785,2026-06-28 08:29:57.163683
32162,47,155.500,3.309,2026-06-28 08:29:57.163683
32166,10,34.000,3.400,2026-06-28 08:29:57.163683
32168,7,22.500,3.214,2026-06-28 08:29:57.163683
32170,58,197.500,3.405,2026-06-28 08:29:57.163683
32172,15,54.000,3.600,2026-06-28 08:29:57.163683
32174,87,252.500,2.902,2026-06-28 08:29:57.163683
32179,262,1025.500,3.914,2026-06-28 08:29:57.163683
32181,6,20.000,3.333,2026-06-28 08:29:57.163683
32196,102,365.500,3.583,2026-06-28 08:29:57.163683
32199,15,51.500,3.433,2026-06-28 08:29:57.163683
32203,70,261.000,3.729,2026-06-28 08:29:57.163683
32211,28,90.000,3.214,2026-06-28 08:29:57.163683
32213,611,1908.500,3.124,2026-06-28 08:29:57.163683
32216,12,29.000,2.417,2026-06-28 08:29:57.163683
32225,13,45.500,3.500,2026-06-28 08:29:57.163683
32234,116,427.000,3.681,2026-06-28 08:29:57.163683
32239,127,443.000,3.488,2026-06-28 08:29:57.163683
32250,13,37.000,2.846,2026-06-28 08:29:57.163683
32261,96,327.500,3.411,2026-06-28 08:29:57.163683
32263,44,132.500,3.011,2026-06-28 08:29:57.163683
32280,34,122.500,3.603,2026-06-28 08:29:57.163683
32285,24,82.000,3.417,2026-06-28 08:29:57.163683
32289,262,801.500,3.059,2026-06-28 08:29:57.163683
32291,590,1931.000,3.273,2026-06-28 08:29:57.163683
32294,9,24.500,2.722,2026-06-28 08:29:57.163683
32296,883,2204.500,2.497,2026-06-28 08:29:57.163683
32298,466,1444.500,3.100,2026-06-28 08:29:57.163683
32300,218,649.000,2.977,2026-06-28 08:29:57.163683
32302,283,794.000,2.806,2026-06-28 08:29:57.163683
32314,67,213.000,3.179,2026-06-28 08:29:57.163683
32316,78,279.000,3.577,2026-06-28 08:29:57.163683
32318,5,11.500,2.300,2026-06-28 08:29:57.163683
32325,35,104.500,2.986,2026-06-28 08:29:57.163683
32329,21,55.000,2.619,2026-06-28 08:29:57.163683
32333,14,49.500,3.536,2026-06-28 08:29:57.163683
32335,16,48.500,3.031,2026-06-28 08:29:57.163683
32342,17,48.000,2.824,2026-06-28 08:29:57.163683
32345,21,66.500,3.167,2026-06-28 08:29:57.163683
32347,28,81.000,2.893,2026-06-28 08:29:57.163683
32349,85,303.500,3.571,2026-06-28 08:29:57.163683
32352,61,214.500,3.516,2026-06-28 08:29:57.163683
32354,17,51.000,3.000,2026-06-28 08:29:57.163683
32361,16,53.500,3.344,2026-06-28 08:29:57.163683
32369,113,404.500,3.580,2026-06-28 08:29:57.163683
32371,137,480.000,3.504,2026-06-28 08:29:57.163683
32375,30,99.500,3.317,2026-06-28 08:29:57.163683
32381,65,227.500,3.500,2026-06-28 08:29:57.163683
32383,94,285.500,3.037,2026-06-28 08:29:57.163683
32385,43,104.000,2.419,2026-06-28 08:29:57.163683
32387,189,717.000,3.794,2026-06-28 08:29:57.163683
32389,15,51.000,3.400,2026-06-28 08:29:57.163683
32392,71,215.500,3.035,2026-06-28 08:29:57.163683
32395,45,137.500,3.056,2026-06-28 08:29:57.163683
32415,15,51.000,3.400,2026-06-28 08:29:57.163683
32419,12,45.500,3.792,2026-06-28 08:29:57.163683
32440,10,30.500,3.050,2026-06-28 08:29:57.163683
32442,53,152.500,2.877,2026-06-28 08:29:57.163683
32444,27,99.500,3.685,2026-06-28 08:29:57.163683
32452,57,193.500,3.395,2026-06-28 08:29:57.163683
32456,192,688.500,3.586,2026-06-28 08:29:57.163683
32460,291,1145.000,3.935,2026-06-28 08:29:57.163683
32464,40,142.500,3.563,2026-06-28 08:29:57.163683
32469,219,817.500,3.733,2026-06-28 08:29:57.163683
32471,5,15.000,3.000,2026-06-28 08:29:57.163683
32483,25,84.000,3.360,2026-06-28 08:29:57.163683
32485,8,20.500,2.563,2026-06-28 08:29:57.163683
32493,57,198.500,3.482,2026-06-28 08:29:57.163683
32497,7,28.000,4.000,2026-06-28 08:29:57.163683
32501,10,33.000,3.300,2026-06-28 08:29:57.163683
32509,31,114.000,3.677,2026-06-28 08:29:57.163683
32511,31,116.500,3.758,2026-06-28 08:29:57.163683
32515,11,35.000,3.182,2026-06-28 08:29:57.163683
32518,23,73.500,3.196,2026-06-28 08:29:57.163683
32520,10,35.500,3.550,2026-06-28 08:29:57.163683
32525,121,476.000,3.934,2026-06-28 08:29:57.163683
32551,7,23.500,3.357,2026-06-28 08:29:57.163683
32554,198,758.000,3.828,2026-06-28 08:29:57.163683
32560,14,40.000,2.857,2026-06-28 08:29:57.163683
32562,103,392.500,3.811,2026-06-28 08:29:57.163683
32582,257,966.000,3.759,2026-06-28 08:29:57.163683
32584,148,487.500,3.294,2026-06-28 08:29:57.163683
32587,15481,59976.500,3.874,2026-06-28 08:29:57.163683
32589,187,505.000,2.701,2026-06-28 08:29:57.163683
32591,151,523.000,3.464,2026-06-28 08:29:57.163683
32593,34,118.000,3.471,2026-06-28 08:29:57.163683
32596,1277,3904.000,3.057,2026-06-28 08:29:57.163683
32598,937,3060.500,3.266,2026-06-28 08:29:57.163683
32602,32,86.000,2.688,2026-06-28 08:29:57.163683
32605,16,42.000,2.625,2026-06-28 08:29:57.163683
32617,41,105.500,2.573,2026-06-28 08:29:57.163683
32620,22,68.500,3.114,2026-06-28 08:29:57.163683
32625,29,73.500,2.534,2026-06-28 08:29:57.163683
32627,106,197.500,1.863,2026-06-28 08:29:57.163683
32632,76,261.000,3.434,2026-06-28 08:29:57.163683
32646,41,144.000,3.512,2026-06-28 08:29:57.163683
32649,45,169.500,3.767,2026-06-28 08:29:57.163683
32653,15,53.500,3.567,2026-06-28 08:29:57.163683
32657,196,778.500,3.972,2026-06-28 08:29:57.163683
32659,36,112.000,3.111,2026-06-28 08:29:57.163683
32666,63,124.500,1.976,2026-06-28 08:29:57.163683
32668,50,154.000,3.080,2026-06-28 08:29:57.163683
32674,31,96.500,3.113,2026-06-28 08:29:57.163683
32677,20,64.500,3.225,2026-06-28 08:29:57.163683
32686,17,56.500,3.324,2026-06-28 08:29:57.163683
32689,10,31.500,3.150,2026-06-28 08:29:57.163683
32705,5,20.000,4.000,2026-06-28 08:29:57.163683
32707,29,109.000,3.759,2026-06-28 08:29:57.163683
32719,8,28.000,3.500,2026-06-28 08:29:57.163683
32721,112,381.000,3.402,2026-06-28 08:29:57.163683
32728,78,265.000,3.397,2026-06-28 08:29:57.163683
32735,27,96.500,3.574,2026-06-28 08:29:57.163683
32737,22,61.500,2.795,2026-06-28 08:29:57.163683
32741,15,44.500,2.967,2026-06-28 08:29:57.163683
32743,108,330.500,3.060,2026-06-28 08:29:57.163683
32770,147,537.500,3.656,2026-06-28 08:29:57.163683
32777,9,29.000,3.222,2026-06-28 08:29:57.163683
32781,47,152.500,3.245,2026-06-28 08:29:57.163683
32783,7,16.000,2.286,2026-06-28 08:29:57.163683
32788,13,46.000,3.538,2026-06-28 08:29:57.163683
32792,93,343.500,3.694,2026-06-28 08:29:57.163683
32797,7,24.000,3.429,2026-06-28 08:29:57.163683
32799,16,55.000,3.438,2026-06-28 08:29:57.163683
32811,14,51.000,3.643,2026-06-28 08:29:57.163683
32825,145,543.500,3.748,2026-06-28 08:29:57.163683
32830,28,87.500,3.125,2026-06-28 08:29:57.163683
32834,44,145.500,3.307,2026-06-28 08:29:57.163683
32836,7,24.500,3.500,2026-06-28 08:29:57.163683
32840,249,977.000,3.924,2026-06-28 08:29:57.163683
32844,40,148.000,3.700,2026-06-28 08:29:57.163683
32851,9,31.000,3.444,2026-06-28 08:29:57.163683
32853,130,525.000,4.038,2026-06-28 08:29:57.163683
32862,61,194.500,3.189,2026-06-28 08:29:57.163683
32864,5,15.500,3.100,2026-06-28 08:29:57.163683
32866,12,43.000,3.583,2026-06-28 08:29:57.163683
32875,38,134.500,3.539,2026-06-28 08:29:57.163683
32882,60,192.500,3.208,2026-06-28 08:29:57.163683
32892,300,1194.000,3.980,2026-06-28 08:29:57.163683
32898,254,949.500,3.738,2026-06-28 08:29:57.163683
32902,19,60.000,3.158,2026-06-28 08:29:57.163683
32906,22,83.500,3.795,2026-06-28 08:29:57.163683
32914,55,147.000,2.673,2026-06-28 08:29:57.163683
32917,12,37.500,3.125,2026-06-28 08:29:57.163683
32923,5,8.500,1.700,2026-06-28 08:29:57.163683
32925,6,5.500,0.917,2026-06-28 08:29:57.163683
32928,11,34.500,3.136,2026-06-28 08:29:57.163683
32941,6,20.500,3.417,2026-06-28 08:29:57.163683
32943,136,515.500,3.790,2026-06-28 08:29:57.163683
32954,15,53.500,3.567,2026-06-28 08:29:57.163683
32957,11,43.000,3.909,2026-06-28 08:29:57.163683
32966,19,64.000,3.368,2026-06-28 08:29:57.163683
32972,5,16.000,3.200,2026-06-28 08:29:57.163683
32974,15,55.500,3.700,2026-06-28 08:29:57.163683
32979,35,110.500,3.157,2026-06-28 08:29:57.163683
32988,62,210.500,3.395,2026-06-28 08:29:57.163683
32999,11,32.000,2.909,2026-06-28 08:29:57.163683
33001,5,15.500,3.100,2026-06-28 08:29:57.163683
33004,5987,20294.500,3.390,2026-06-28 08:29:57.163683
33008,25,92.000,3.680,2026-06-28 08:29:57.163683
33021,15,49.500,3.300,2026-06-28 08:29:57.163683
33036,179,580.500,3.243,2026-06-28 08:29:57.163683
33051,6,19.500,3.250,2026-06-28 08:29:57.163683
33072,185,690.000,3.730,2026-06-28 08:29:57.163683
33081,40,139.000,3.475,2026-06-28 08:29:57.163683
33085,840,2431.500,2.895,2026-06-28 08:29:57.163683
33090,5,18.000,3.600,2026-06-28 08:29:57.163683
33098,8,27.500,3.438,2026-06-28 08:29:57.163683
33110,17,59.500,3.500,2026-06-28 08:29:57.163683
33113,37,136.500,3.689,2026-06-28 08:29:57.163683
33117,8,31.500,3.938,2026-06-28 08:29:57.163683
33119,38,148.000,3.895,2026-06-28 08:29:57.163683
33124,113,414.000,3.664,2026-06-28 08:29:57.163683
33126,90,305.000,3.389,2026-06-28 08:29:57.163683
33129,5,17.500,3.500,2026-06-28 08:29:57.163683
33132,11,26.000,2.364,2026-06-28 08:29:57.163683
33134,47,164.000,3.489,2026-06-28 08:29:57.163683
33136,98,324.000,3.306,2026-06-28 08:29:57.163683
33138,361,1257.000,3.482,2026-06-28 08:29:57.163683
33145,499,1702.000,3.411,2026-06-28 08:29:57.163683
33148,29,66.500,2.293,2026-06-28 08:29:57.163683
33150,23,72.500,3.152,2026-06-28 08:29:57.163683
33152,14,41.500,2.964,2026-06-28 08:29:57.163683
33154,1225,4795.000,3.914,2026-06-28 08:29:57.163683
33158,773,1796.000,2.323,2026-06-28 08:29:57.163683
33160,6,12.000,2.000,2026-06-28 08:29:57.163683
33162,2505,8695.500,3.471,2026-06-28 08:29:57.163683
33164,729,1730.500,2.374,2026-06-28 08:29:57.163683
33166,8967,34660.000,3.865,2026-06-28 08:29:57.163683
33168,52,106.000,2.038,2026-06-28 08:29:57.163683
33171,929,3538.000,3.808,2026-06-28 08:29:57.163683
33188,59,183.500,3.110,2026-06-28 08:29:57.163683
33191,20,59.500,2.975,2026-06-28 08:29:57.163683
33193,31,87.500,2.823,2026-06-28 08:29:57.163683
33201,8,27.000,3.375,2026-06-28 08:29:57.163683
33235,6,22.500,3.750,2026-06-28 08:29:57.163683
33237,60,214.500,3.575,2026-06-28 08:29:57.163683
33245,21,77.000,3.667,2026-06-28 08:29:57.163683
33247,13,48.500,3.731,2026-06-28 08:29:57.163683
33251,13,50.500,3.885,2026-06-28 08:29:57.163683
33253,5,16.500,3.300,2026-06-28 08:29:57.163683
33255,24,71.000,2.958,2026-06-28 08:29:57.163683
33261,14,48.000,3.429,2026-06-28 08:29:57.163683
33264,45,172.000,3.822,2026-06-28 08:29:57.163683
33270,64,244.500,3.820,2026-06-28 08:29:57.163683
33288,139,521.500,3.752,2026-06-28 08:29:57.163683
33292,7,24.500,3.500,2026-06-28 08:29:57.163683
33294,36,114.500,3.181,2026-06-28 08:29:57.163683
33296,27,80.000,2.963,2026-06-28 08:29:57.163683
33310,10,35.000,3.500,2026-06-28 08:29:57.163683
33312,234,880.000,3.761,2026-06-28 08:29:57.163683
33316,12,41.500,3.458,2026-06-28 08:29:57.163683
33318,8,31.000,3.875,2026-06-28 08:29:57.163683
33321,40,121.000,3.025,2026-06-28 08:29:57.163683
33328,8,24.500,3.063,2026-06-28 08:29:57.163683
33330,11,35.000,3.182,2026-06-28 08:29:57.163683
33340,32,119.500,3.734,2026-06-28 08:29:57.163683
33342,11,40.000,3.636,2026-06-28 08:29:57.163683
33358,159,585.500,3.682,2026-06-28 08:29:57.163683
33363,8,29.000,3.625,2026-06-28 08:29:57.163683
33376,8,15.500,1.938,2026-06-28 08:29:57.163683
33380,9,24.500,2.722,2026-06-28 08:29:57.163683
33389,6,20.000,3.333,2026-06-28 08:29:57.163683
33393,7,26.000,3.714,2026-06-28 08:29:57.163683
33397,8,25.500,3.188,2026-06-28 08:29:57.163683
33401,10,39.000,3.900,2026-06-28 08:29:57.163683
33410,65,225.000,3.462,2026-06-28 08:29:57.163683
33421,163,547.000,3.356,2026-06-28 08:29:57.163683
33424,20,66.000,3.300,2026-06-28 08:29:57.163683
33435,22,83.500,3.795,2026-06-28 08:29:57.163683
33437,1380,4853.500,3.517,2026-06-28 08:29:57.163683
33443,12,42.500,3.542,2026-06-28 08:29:57.163683
33445,8,26.500,3.313,2026-06-28 08:29:57.163683
33451,133,503.000,3.782,2026-06-28 08:29:57.163683
33454,94,340.500,3.622,2026-06-28 08:29:57.163683
33463,94,313.500,3.335,2026-06-28 08:29:57.163683
33480,13,43.000,3.308,2026-06-28 08:29:57.163683
33487,84,299.000,3.560,2026-06-28 08:29:57.163683
33493,12303,42640.000,3.466,2026-06-28 08:29:57.163683
33495,388,1028.500,2.651,2026-06-28 08:29:57.163683
33499,656,1789.000,2.727,2026-06-28 08:29:57.163683
33507,7,23.000,3.286,2026-06-28 08:29:57.163683
33524,7,26.500,3.786,2026-06-28 08:29:57.163683
33533,14,42.500,3.036,2026-06-28 08:29:57.163683
33539,118,405.500,3.436,2026-06-28 08:29:57.163683
33555,8,21.500,2.688,2026-06-28 08:29:57.163683
33558,102,368.500,3.613,2026-06-28 08:29:57.163683
33564,179,684.000,3.821,2026-06-28 08:29:57.163683
33567,20,68.500,3.425,2026-06-28 08:29:57.163683
33585,278,787.500,2.833,2026-06-28 08:29:57.163683
33587,42,138.000,3.286,2026-06-28 08:29:57.163683
33592,87,317.500,3.649,2026-06-28 08:29:57.163683
33603,88,332.000,3.773,2026-06-28 08:29:57.163683
33610,10,32.500,3.250,2026-06-28 08:29:57.163683
33615,3418,11502.500,3.365,2026-06-28 08:29:57.163683
33621,106,372.500,3.514,2026-06-28 08:29:57.163683
33624,9,29.000,3.222,2026-06-28 08:29:57.163683
33629,51,153.000,3.000,2026-06-28 08:29:57.163683
33639,596,2309.500,3.875,2026-06-28 08:29:57.163683
33641,12,37.500,3.125,2026-06-28 08:29:57.163683
33644,124,281.500,2.270,2026-06-28 08:29:57.163683
33646,1231,3847.500,3.126,2026-06-28 08:29:57.163683
33649,291,1081.000,3.715,2026-06-28 08:29:57.163683
33655,10,20.000,2.000,2026-06-28 08:29:57.163683
33660,4270,16598.500,3.887,2026-06-28 08:29:57.163683
33669,816,2758.000,3.380,2026-06-28 08:29:57.163683
33672,540,1881.000,3.483,2026-06-28 08:29:57.163683
33675,93,314.000,3.376,2026-06-28 08:29:57.163683
33677,216,741.500,3.433,2026-06-28 08:29:57.163683
33679,6617,21546.000,3.256,2026-06-28 08:29:57.163683
33681,309,572.500,1.853,2026-06-28 08:29:57.163683
33683,517,1745.000,3.375,2026-06-28 08:29:57.163683
33685,58,116.500,2.009,2026-06-28 08:29:57.163683
33688,39,132.500,3.397,2026-06-28 08:29:57.163683
33709,23,87.500,3.804,2026-06-28 08:29:57.163683
33722,150,529.000,3.527,2026-06-28 08:29:57.163683
33725,243,867.500,3.570,2026-06-28 08:29:57.163683
33737,16,45.500,2.844,2026-06-28 08:29:57.163683
33743,16,47.500,2.969,2026-06-28 08:29:57.163683
33750,95,345.000,3.632,2026-06-28 08:29:57.163683
33760,44,150.000,3.409,2026-06-28 08:29:57.163683
33762,5,14.000,2.800,2026-06-28 08:29:57.163683
33779,208,839.000,4.034,2026-06-28 08:29:57.163683
33781,76,253.500,3.336,2026-06-28 08:29:57.163683
33790,8,25.000,3.125,2026-06-28 08:29:57.163683
33794,18686,74197.500,3.971,2026-06-28 08:29:57.163683
33801,11,33.000,3.000,2026-06-28 08:29:57.163683
33808,27,99.500,3.685,2026-06-28 08:29:57.163683
33815,191,555.000,2.906,2026-06-28 08:29:57.163683
33817,338,1157.000,3.423,2026-06-28 08:29:57.163683
33819,146,505.500,3.462,2026-06-28 08:29:57.163683
33821,21,62.500,2.976,2026-06-28 08:29:57.163683
33823,42,111.000,2.643,2026-06-28 08:29:57.163683
33826,187,673.500,3.602,2026-06-28 08:29:57.163683
33830,480,1205.000,2.510,2026-06-28 08:29:57.163683
33832,59,191.000,3.237,2026-06-28 08:29:57.163683
33834,1202,3898.000,3.243,2026-06-28 08:29:57.163683
33836,1381,3604.500,2.610,2026-06-28 08:29:57.163683
33838,174,615.000,3.534,2026-06-28 08:29:57.163683
33844,9,31.500,3.500,2026-06-28 08:29:57.163683
33847,26,85.000,3.269,2026-06-28 08:29:57.163683
33861,42,136.500,3.250,2026-06-28 08:29:57.163683
33863,5,17.500,3.500,2026-06-28 08:29:57.163683
33880,1161,4401.000,3.791,2026-06-28 08:29:57.163683
33893,169,623.500,3.689,2026-06-28 08:29:57.163683
33896,429,1522.000,3.548,2026-06-28 08:29:57.163683
33898,18,56.000,3.111,2026-06-28 08:29:57.163683
33901,5,14.500,2.900,2026-06-28 08:29:57.163683
33903,972,3728.500,3.836,2026-06-28 08:29:57.163683
33905,51,173.500,3.402,2026-06-28 08:29:57.163683
33912,47,160.000,3.404,2026-06-28 08:29:57.163683
33914,9,30.000,3.333,2026-06-28 08:29:57.163683
33917,6,20.500,3.417,2026-06-28 08:29:57.163683
33921,5,9.000,1.800,2026-06-28 08:29:57.163683
33928,6,21.500,3.583,2026-06-28 08:29:57.163683
33930,31,85.500,2.758,2026-06-28 08:29:57.163683
33933,24,84.000,3.500,2026-06-28 08:29:57.163683
33956,8,24.500,3.063,2026-06-28 08:29:57.163683
33966,107,204.500,1.911,2026-06-28 08:29:57.163683
33970,5,15.500,3.100,2026-06-28 08:29:57.163683
33972,9,26.000,2.889,2026-06-28 08:29:57.163683
33988,27,86.500,3.204,2026-06-28 08:29:57.163683
33998,21,62.000,2.952,2026-06-28 08:29:57.163683
34002,75,250.000,3.333,2026-06-28 08:29:57.163683
34004,12,37.500,3.125,2026-06-28 08:29:57.163683
34008,10,36.500,3.650,2026-06-28 08:29:57.163683
34018,83,280.000,3.373,2026-06-28 08:29:57.163683
34026,8,26.500,3.313,2026-06-28 08:29:57.163683
34032,5,15.500,3.100,2026-06-28 08:29:57.163683
34045,24,75.500,3.146,2026-06-28 08:29:57.163683
34048,6456,20377.000,3.156,2026-06-28 08:29:57.163683
34051,41,140.500,3.427,2026-06-28 08:29:57.163683
34057,6,18.000,3.000,2026-06-28 08:29:57.163683
34063,62,215.500,3.476,2026-06-28 08:29:57.163683
34065,55,167.000,3.036,2026-06-28 08:29:57.163683
34072,2853,10655.000,3.735,2026-06-28 08:29:57.163683
34076,5,14.000,2.800,2026-06-28 08:29:57.163683
34099,8,24.000,3.000,2026-06-28 08:29:57.163683
34111,51,172.500,3.382,2026-06-28 08:29:57.163683
34129,74,165.000,2.230,2026-06-28 08:29:57.163683
34135,6,23.000,3.833,2026-06-28 08:29:57.163683
34143,622,1710.000,2.749,2026-06-28 08:29:57.163683
34148,271,991.000,3.657,2026-06-28 08:29:57.163683
34150,3767,10926.500,2.901,2026-06-28 08:29:57.163683
34153,938,3581.000,3.818,2026-06-28 08:29:57.163683
34155,152,563.500,3.707,2026-06-28 08:29:57.163683
34158,10,30.000,3.000,2026-06-28 08:29:57.163683
34162,7096,25079.500,3.534,2026-06-28 08:29:57.163683
34164,260,880.500,3.387,2026-06-28 08:29:57.163683
34170,45,93.000,2.067,2026-06-28 08:29:57.163683
34177,62,173.500,2.798,2026-06-28 08:29:57.163683
34185,9,28.000,3.111,2026-06-28 08:29:57.163683
34189,8,15.000,1.875,2026-06-28 08:29:57.163683
34193,14,49.000,3.500,2026-06-28 08:29:57.163683
34198,243,860.500,3.541,2026-06-28 08:29:57.163683
34214,7,24.000,3.429,2026-06-28 08:29:57.163683
34229,16,54.500,3.406,2026-06-28 08:29:57.163683
34238,23,82.000,3.565,2026-06-28 08:29:57.163683
34246,22,83.500,3.795,2026-06-28 08:29:57.163683
34271,804,2913.000,3.623,2026-06-28 08:29:57.163683
34292,130,382.500,2.942,2026-06-28 08:29:57.163683
34299,14,51.000,3.643,2026-06-28 08:29:57.163683
34306,14,42.500,3.036,2026-06-28 08:29:57.163683
34314,37,121.000,3.270,2026-06-28 08:29:57.163683
34319,4247,14457.000,3.404,2026-06-28 08:29:57.163683
34321,430,1213.500,2.822,2026-06-28 08:29:57.163683
34323,770,2525.500,3.280,2026-06-28 08:29:57.163683
34326,225,674.000,2.996,2026-06-28 08:29:57.163683
34330,56,158.500,2.830,2026-06-28 08:29:57.163683
34332,918,2968.500,3.234,2026-06-28 08:29:57.163683
34334,696,1762.500,2.532,2026-06-28 08:29:57.163683
34336,766,2292.500,2.993,2026-06-28 08:29:57.163683
34338,1279,4233.500,3.310,2026-06-28 08:29:57.163683
34353,26,81.000,3.115,2026-06-28 08:29:57.163683
34359,130,450.000,3.462,2026-06-28 08:29:57.163683
34364,5,17.000,3.400,2026-06-28 08:29:57.163683
34369,6,16.000,2.667,2026-06-28 08:29:57.163683
34373,9,24.000,2.667,2026-06-28 08:29:57.163683
34375,32,113.000,3.531,2026-06-28 08:29:57.163683
34378,12,34.500,2.875,2026-06-28 08:29:57.163683
34386,12,37.500,3.125,2026-06-28 08:29:57.163683
34397,12,21.000,1.750,2026-06-28 08:29:57.163683
34405,7716,30812.000,3.993,2026-06-28 08:29:57.163683
34411,48,171.000,3.563,2026-06-28 08:29:57.163683
34416,6,19.500,3.250,2026-06-28 08:29:57.163683
34435,52,197.000,3.788,2026-06-28 08:29:57.163683
34437,2922,10564.000,3.615,2026-06-28 08:29:57.163683
34450,7,27.000,3.857,2026-06-28 08:29:57.163683
34464,8,29.000,3.625,2026-06-28 08:29:57.163683
34466,13,42.500,3.269,2026-06-28 08:29:57.163683
34469,56,204.000,3.643,2026-06-28 08:29:57.163683
34473,9,31.500,3.500,2026-06-28 08:29:57.163683
34482,120,451.500,3.763,2026-06-28 08:29:57.163683
34488,19,65.000,3.421,2026-06-28 08:29:57.163683
34499,49,155.500,3.173,2026-06-28 08:29:57.163683
34505,13,41.000,3.154,2026-06-28 08:29:57.163683
34511,10,24.500,2.450,2026-06-28 08:29:57.163683
34520,892,2260.500,2.534,2026-06-28 08:29:57.163683
34523,364,1270.000,3.489,2026-06-28 08:29:57.163683
34526,17,45.000,2.647,2026-06-28 08:29:57.163683
34528,717,2635.500,3.676,2026-06-28 08:29:57.163683
34530,592,1263.000,2.133,2026-06-28 08:29:57.163683
34532,1107,3655.500,3.302,2026-06-28 08:29:57.163683
34534,956,3182.500,3.329,2026-06-28 08:29:57.163683
34536,327,1137.500,3.479,2026-06-28 08:29:57.163683
34538,45,134.000,2.978,2026-06-28 08:29:57.163683
34540,155,490.500,3.165,2026-06-28 08:29:57.163683
34542,1617,6195.000,3.831,2026-06-28 08:29:57.163683
34548,20,77.500,3.875,2026-06-28 08:29:57.163683
34552,251,934.000,3.721,2026-06-28 08:29:57.163683
34579,53,162.000,3.057,2026-06-28 08:29:57.163683
34583,60,202.000,3.367,2026-06-28 08:29:57.163683
34608,26,84.000,3.231,2026-06-28 08:29:57.163683
34624,28,95.500,3.411,2026-06-28 08:29:57.163683
34643,47,106.000,2.255,2026-06-28 08:29:57.163683
34645,50,150.500,3.010,2026-06-28 08:29:57.163683
34648,38,112.500,2.961,2026-06-28 08:29:57.163683
34659,8,26.000,3.250,2026-06-28 08:29:57.163683
34666,22,73.500,3.341,2026-06-28 08:29:57.163683
34696,28,99.000,3.536,2026-06-28 08:29:57.163683
34729,27,92.500,3.426,2026-06-28 08:29:57.163683
34767,92,256.500,2.788,2026-06-28 08:29:57.163683
34800,24,50.500,2.104,2026-06-28 08:29:57.163683
34811,92,333.000,3.620,2026-06-28 08:29:57.163683
35015,116,407.500,3.513,2026-06-28 08:29:57.163683
35082,17,55.500,3.265,2026-06-28 08:29:57.163683
35347,264,941.000,3.564,2026-06-28 08:29:57.163683
35386,11,44.500,4.045,2026-06-28 08:29:57.163683
35618,7,19.500,2.786,2026-06-28 08:29:57.163683
35629,11,37.000,3.364,2026-06-28 08:29:57.163683
35636,34,95.500,2.809,2026-06-28 08:29:57.163683
35681,6,20.000,3.333,2026-06-28 08:29:57.163683
35738,14,47.000,3.357,2026-06-28 08:29:57.163683
35807,7,21.500,3.071,2026-06-28 08:29:57.163683
35826,6,15.500,2.583,2026-06-28 08:29:57.163683
35836,9588,34077.500,3.554,2026-06-28 08:29:57.163683
35843,9,24.500,2.722,2026-06-28 08:29:57.163683
35906,6,16.000,2.667,2026-06-28 08:29:57.163683
35957,1283,4017.000,3.131,2026-06-28 08:29:57.163683
36056,53,181.500,3.425,2026-06-28 08:29:57.163683
36083,22,67.000,3.045,2026-06-28 08:29:57.163683
36086,66,241.500,3.659,2026-06-28 08:29:57.163683
36152,23,75.500,3.283,2026-06-28 08:29:57.163683
36247,9,22.500,2.500,2026-06-28 08:29:57.163683
36264,6,21.000,3.500,2026-06-28 08:29:57.163683
36276,884,3243.000,3.669,2026-06-28 08:29:57.163683
36289,135,396.000,2.933,2026-06-28 08:29:57.163683
36326,13,48.500,3.731,2026-06-28 08:29:57.163683
36363,297,1187.000,3.997,2026-06-28 08:29:57.163683
36373,8,30.000,3.750,2026-06-28 08:29:57.163683
36392,19,36.500,1.921,2026-06-28 08:29:57.163683
36397,238,646.500,2.716,2026-06-28 08:29:57.163683
36401,2010,5996.500,2.983,2026-06-28 08:29:57.163683
36436,13,45.000,3.462,2026-06-28 08:29:57.163683
36462,13,40.000,3.077,2026-06-28 08:29:57.163683
36477,116,373.000,3.216,2026-06-28 08:29:57.163683
36509,357,922.000,2.583,2026-06-28 08:29:57.163683
36511,17,43.000,2.529,2026-06-28 08:29:57.163683
36513,92,284.500,3.092,2026-06-28 08:29:57.163683
36517,3572,13384.500,3.747,2026-06-28 08:29:57.163683
36519,1498,4677.000,3.122,2026-06-28 08:29:57.163683
36523,53,161.500,3.047,2026-06-28 08:29:57.163683
36525,1169,4071.500,3.483,2026-06-28 08:29:57.163683
36527,882,3083.000,3.495,2026-06-28 08:29:57.163683
36529,5768,21984.000,3.811,2026-06-28 08:29:57.163683
36531,79,168.000,2.127,2026-06-28 08:29:57.163683
36533,195,563.000,2.887,2026-06-28 08:29:57.163683
36535,1431,5439.500,3.801,2026-06-28 08:29:57.163683
36537,565,1965.500,3.479,2026-06-28 08:29:57.163683
36539,50,165.000,3.300,2026-06-28 08:29:57.163683
36541,17,46.500,2.735,2026-06-28 08:29:57.163683
36545,16,43.500,2.719,2026-06-28 08:29:57.163683
36553,29,90.000,3.103,2026-06-28 08:29:57.163683
36630,10,30.500,3.050,2026-06-28 08:29:57.163683
36683,12,33.500,2.792,2026-06-28 08:29:57.163683
36708,1501,5447.500,3.629,2026-06-28 08:29:57.163683
36711,6,19.500,3.250,2026-06-28 08:29:57.163683
36752,15,37.500,2.500,2026-06-28 08:29:57.163683
36799,15,51.000,3.400,2026-06-28 08:29:57.163683
36850,90,312.000,3.467,2026-06-28 08:29:57.163683
36883,19,67.000,3.526,2026-06-28 08:29:57.163683
36902,5,16.500,3.300,2026-06-28 08:29:57.163683
36931,63,208.000,3.302,2026-06-28 08:29:57.163683
37113,7,21.500,3.071,2026-06-28 08:29:57.163683
37211,61,197.500,3.238,2026-06-28 08:29:57.163683
37240,776,3071.000,3.957,2026-06-28 08:29:57.163683
37257,5,15.500,3.100,2026-06-28 08:29:57.163683
37269,10,33.500,3.350,2026-06-28 08:29:57.163683
37277,22,65.500,2.977,2026-06-28 08:29:57.163683
37287,32,113.000,3.531,2026-06-28 08:29:57.163683
37335,39,132.000,3.385,2026-06-28 08:29:57.163683
37375,17,58.000,3.412,2026-06-28 08:29:57.163683
37380,1205,2961.500,2.458,2026-06-28 08:29:57.163683
37382,924,2807.500,3.038,2026-06-28 08:29:57.163683
37384,796,2679.500,3.366,2026-06-28 08:29:57.163683
37386,2292,6682.500,2.916,2026-06-28 08:29:57.163683
37462,13,43.000,3.308,2026-06-28 08:29:57.163683
37475,388,1395.500,3.597,2026-06-28 08:29:57.163683
37477,203,575.000,2.833,2026-06-28 08:29:57.163683
37495,107,418.000,3.907,2026-06-28 08:29:57.163683
37545,126,447.000,3.548,2026-06-28 08:29:57.163683
37626,50,164.000,3.280,2026-06-28 08:29:57.163683
37653,19,53.500,2.816,2026-06-28 08:29:57.163683
37683,9,19.500,2.167,2026-06-28 08:29:57.163683
37689,5,16.500,3.300,2026-06-28 08:29:57.163683
37720,1051,3330.000,3.168,2026-06-28 08:29:57.163683
37727,1563,4809.500,3.077,2026-06-28 08:29:57.163683
37729,4373,15744.000,3.600,2026-06-28 08:29:57.163683
37731,1203,4553.500,3.785,2026-06-28 08:29:57.163683
37733,3878,14103.000,3.637,2026-06-28 08:29:57.163683
37736,362,1247.000,3.445,2026-06-28 08:29:57.163683
37739,412,1516.500,3.681,2026-06-28 08:29:57.163683
37741,3438,12896.000,3.751,2026-06-28 08:29:57.163683
37744,11,35.000,3.182,2026-06-28 08:29:57.163683
37785,40,132.000,3.300,2026-06-28 08:29:57.163683
37830,1296,4497.500,3.470,2026-06-28 08:29:57.163683
37837,21,68.500,3.262,2026-06-28 08:29:57.163683
37844,57,164.500,2.886,2026-06-28 08:29:57.163683
37846,23,50.500,2.196,2026-06-28 08:29:57.163683
37853,430,1273.000,2.960,2026-06-28 08:29:57.163683
37855,216,783.000,3.625,2026-06-28 08:29:57.163683
37857,946,3468.500,3.666,2026-06-28 08:29:57.163683
37955,113,405.500,3.588,2026-06-28 08:29:57.163683
37957,23,69.000,3.000,2026-06-28 08:29:57.163683
37976,25,89.500,3.580,2026-06-28 08:29:57.163683
38004,9,27.000,3.000,2026-06-28 08:29:57.163683
38036,10,37.000,3.700,2026-06-28 08:29:57.163683
38038,4436,16800.000,3.787,2026-06-28 08:29:57.163683
38046,33,102.500,3.106,2026-06-28 08:29:57.163683
38061,5026,19490.500,3.878,2026-06-28 08:29:57.163683
38086,20,66.000,3.300,2026-06-28 08:29:57.163683
38095,203,772.000,3.803,2026-06-28 08:29:57.163683
38097,115,374.000,3.252,2026-06-28 08:29:57.163683
38159,224,901.500,4.025,2026-06-28 08:29:57.163683
38164,22,81.000,3.682,2026-06-28 08:29:57.163683
38188,148,486.500,3.287,2026-06-28 08:29:57.163683
38198,75,267.500,3.567,2026-06-28 08:29:57.163683
38294,185,558.500,3.019,2026-06-28 08:29:57.163683
38304,705,2808.000,3.983,2026-06-28 08:29:57.163683
38320,41,139.500,3.402,2026-06-28 08:29:57.163683
38376,9,34.500,3.833,2026-06-28 08:29:57.163683
38384,71,270.500,3.810,2026-06-28 08:29:57.163683
38388,233,779.500,3.345,2026-06-28 08:29:57.163683
38435,5,15.000,3.000,2026-06-28 08:29:57.163683
38473,8,27.500,3.438,2026-06-28 08:29:57.163683
38499,462,1780.500,3.854,2026-06-28 08:29:57.163683
38538,108,387.500,3.588,2026-06-28 08:29:57.163683
38583,53,157.000,2.962,2026-06-28 08:29:57.163683
38600,240,801.000,3.338,2026-06-28 08:29:57.163683
38656,28,85.500,3.054,2026-06-28 08:29:57.163683
38701,109,354.500,3.252,2026-06-28 08:29:57.163683
38713,8,26.000,3.250,2026-06-28 08:29:57.163683
38798,1088,3697.500,3.398,2026-06-28 08:29:57.163683
38824,78,283.500,3.635,2026-06-28 08:29:57.163683
38843,38,126.500,3.329,2026-06-28 08:29:57.163683
38849,17,49.000,2.882,2026-06-28 08:29:57.163683
38867,8,23.000,2.875,2026-06-28 08:29:57.163683
38881,19,66.500,3.500,2026-06-28 08:29:57.163683
38886,1912,7109.500,3.718,2026-06-28 08:29:57.163683
38992,352,1061.500,3.016,2026-06-28 08:29:57.163683
38994,82,275.000,3.354,2026-06-28 08:29:57.163683
39052,472,1512.000,3.203,2026-06-28 08:29:57.163683
39075,8,28.500,3.563,2026-06-28 08:29:57.163683
39183,5556,20513.000,3.692,2026-06-28 08:29:57.163683
39231,1097,3420.500,3.118,2026-06-28 08:29:57.163683
39234,622,2230.500,3.586,2026-06-28 08:29:57.163683
39244,16,58.000,3.625,2026-06-28 08:29:57.163683
39292,3760,14377.500,3.824,2026-06-28 08:29:57.163683
39305,9,29.500,3.278,2026-06-28 08:29:57.163683
39307,206,725.000,3.519,2026-06-28 08:29:57.163683
39369,44,155.500,3.534,2026-06-28 08:29:57.163683
39381,1075,4047.000,3.765,2026-06-28 08:29:57.163683
39390,20,56.000,2.800,2026-06-28 08:29:57.163683
39394,25,79.500,3.180,2026-06-28 08:29:57.163683
39398,123,385.000,3.130,2026-06-28 08:29:57.163683
39400,359,745.500,2.077,2026-06-28 08:29:57.163683
39402,31,95.000,3.065,2026-06-28 08:29:57.163683
39408,61,124.000,2.033,2026-06-28 08:29:57.163683
39410,26,71.500,2.750,2026-06-28 08:29:57.163683
39414,775,2570.000,3.316,2026-06-28 08:29:57.163683
39416,24,81.500,3.396,2026-06-28 08:29:57.163683
39419,263,860.500,3.272,2026-06-28 08:29:57.163683
39421,68,158.000,2.324,2026-06-28 08:29:57.163683
39425,8,29.500,3.688,2026-06-28 08:29:57.163683
39427,602,2089.500,3.471,2026-06-28 08:29:57.163683
39435,889,2738.000,3.080,2026-06-28 08:29:57.163683
39441,67,240.500,3.590,2026-06-28 08:29:57.163683
39444,1245,4072.500,3.271,2026-06-28 08:29:57.163683
39446,2407,7403.000,3.076,2026-06-28 08:29:57.163683
39449,519,1641.000,3.162,2026-06-28 08:29:57.163683
39474,14,49.500,3.536,2026-06-28 08:29:57.163683
39481,30,102.000,3.400,2026-06-28 08:29:57.163683
39516,14,45.000,3.214,2026-06-28 08:29:57.163683
39524,8,27.000,3.375,2026-06-28 08:29:57.163683
39529,45,148.000,3.289,2026-06-28 08:29:57.163683
39659,37,124.000,3.351,2026-06-28 08:29:57.163683
39703,61,210.000,3.443,2026-06-28 08:29:57.163683
39715,859,2170.500,2.527,2026-06-28 08:29:57.163683
39731,9,35.000,3.889,2026-06-28 08:29:57.163683
39768,81,303.500,3.747,2026-06-28 08:29:57.163683
39777,34,108.000,3.176,2026-06-28 08:29:57.163683
39779,37,112.000,3.027,2026-06-28 08:29:57.163683
39786,9,30.000,3.333,2026-06-28 08:29:57.163683
39796,33,101.500,3.076,2026-06-28 08:29:57.163683
39801,12,37.500,3.125,2026-06-28 08:29:57.163683
39818,19,66.000,3.474,2026-06-28 08:29:57.163683
39824,7,19.500,2.786,2026-06-28 08:29:57.163683
39857,6,18.500,3.083,2026-06-28 08:29:57.163683
39869,382,1424.000,3.728,2026-06-28 08:29:57.163683
39886,181,650.500,3.594,2026-06-28 08:29:57.163683
39896,29,89.000,3.069,2026-06-28 08:29:57.163683
39931,14,41.000,2.929,2026-06-28 08:29:57.163683
39934,36,129.500,3.597,2026-06-28 08:29:57.163683
39941,17,54.000,3.176,2026-06-28 08:29:57.163683
40010,90,302.000,3.356,2026-06-28 08:29:57.163683
40015,7,26.000,3.714,2026-06-28 08:29:57.163683
40033,38,138.500,3.645,2026-06-28 08:29:57.163683
40111,5,10.000,2.000,2026-06-28 08:29:57.163683
40148,538,1816.000,3.375,2026-06-28 08:29:57.163683
40226,36,131.500,3.653,2026-06-28 08:29:57.163683
40278,2987,10415.000,3.487,2026-06-28 08:29:57.163683
40337,57,207.000,3.632,2026-06-28 08:29:57.163683
40339,987,2866.500,2.904,2026-06-28 08:29:57.163683
40342,59,169.000,2.864,2026-06-28 08:29:57.163683
40412,421,1619.000,3.846,2026-06-28 08:29:57.163683
40414,430,1641.000,3.816,2026-06-28 08:29:57.163683
40422,9,20.000,2.222,2026-06-28 08:29:57.163683
40425,5,18.000,3.600,2026-06-28 08:29:57.163683
40436,10,32.000,3.200,2026-06-28 08:29:57.163683
40457,7,19.000,2.714,2026-06-28 08:29:57.163683
40467,5,16.500,3.300,2026-06-28 08:29:57.163683
40478,14,32.000,2.286,2026-06-28 08:29:57.163683
40491,117,424.500,3.628,2026-06-28 08:29:57.163683
40494,23,79.500,3.457,2026-06-28 08:29:57.163683
40574,147,425.000,2.891,2026-06-28 08:29:57.163683
40578,10,38.000,3.800,2026-06-28 08:29:57.163683
40581,636,1970.000,3.097,2026-06-28 08:29:57.163683
40583,2913,10411.500,3.574,2026-06-28 08:29:57.163683
40586,106,368.000,3.472,2026-06-28 08:29:57.163683
40589,12,45.000,3.750,2026-06-28 08:29:57.163683
40591,36,127.500,3.542,2026-06-28 08:29:57.163683
40597,17,48.000,2.824,2026-06-28 08:29:57.163683
40614,657,2091.000,3.183,2026-06-28 08:29:57.163683
40617,95,258.500,2.721,2026-06-28 08:29:57.163683
40629,3288,12718.500,3.868,2026-06-28 08:29:57.163683
40681,24,69.500,2.896,2026-06-28 08:29:57.163683
40723,512,1546.500,3.021,2026-06-28 08:29:57.163683
40732,1701,5907.500,3.473,2026-06-28 08:29:57.163683
40738,14,51.000,3.643,2026-06-28 08:29:57.163683
40752,37,114.500,3.095,2026-06-28 08:29:57.163683
40755,20,73.500,3.675,2026-06-28 08:29:57.163683
40815,9908,36892.000,3.723,2026-06-28 08:29:57.163683
40817,62,180.500,2.911,2026-06-28 08:29:57.163683
40819,6493,24872.000,3.831,2026-06-28 08:29:57.163683
40826,813,2786.000,3.427,2026-06-28 08:29:57.163683
40828,28,101.000,3.607,2026-06-28 08:29:57.163683
40831,5,16.500,3.300,2026-06-28 08:29:57.163683
40833,16,58.000,3.625,2026-06-28 08:29:57.163683
40851,634,1948.500,3.073,2026-06-28 08:29:57.163683
40870,606,2365.500,3.903,2026-06-28 08:29:57.163683
40887,101,308.500,3.054,2026-06-28 08:29:57.163683
40898,7,26.000,3.714,2026-06-28 08:29:57.163683
40946,410,1357.000,3.310,2026-06-28 08:29:57.163683
40952,131,384.500,2.935,2026-06-28 08:29:57.163683
40955,309,1103.000,3.570,2026-06-28 08:29:57.163683
40959,510,1586.500,3.111,2026-06-28 08:29:57.163683
40962,249,707.000,2.839,2026-06-28 08:29:57.163683
40964,22,47.000,2.136,2026-06-28 08:29:57.163683
40966,447,1351.000,3.022,2026-06-28 08:29:57.163683
40969,15,46.500,3.100,2026-06-28 08:29:57.163683
40973,85,275.000,3.235,2026-06-28 08:29:57.163683
40988,99,331.000,3.343,2026-06-28 08:29:57.163683
41014,147,498.000,3.388,2026-06-28 08:29:57.163683
41025,127,425.000,3.346,2026-06-28 08:29:57.163683
41058,10,35.000,3.500,2026-06-28 08:29:57.163683
41094,9,30.500,3.389,2026-06-28 08:29:57.163683
41104,7,18.500,2.643,2026-06-28 08:29:57.163683
41136,81,282.500,3.488,2026-06-28 08:29:57.163683
41212,7,19.000,2.714,2026-06-28 08:29:57.163683
41226,123,459.500,3.736,2026-06-28 08:29:57.163683
41285,3366,12587.000,3.739,2026-06-28 08:29:57.163683
41336,42,158.500,3.774,2026-06-28 08:29:57.163683
41402,5,15.000,3.000,2026-06-28 08:29:57.163683
41411,102,303.000,2.971,2026-06-28 08:29:57.163683
41425,55,168.500,3.064,2026-06-28 08:29:57.163683
41434,7,25.500,3.643,2026-06-28 08:29:57.163683
41499,9,30.000,3.333,2026-06-28 08:29:57.163683
41527,386,1443.500,3.740,2026-06-28 08:29:57.163683
41564,10,23.500,2.350,2026-06-28 08:29:57.163683
41566,7112,24741.500,3.479,2026-06-28 08:29:57.163683
41569,5709,19106.500,3.347,2026-06-28 08:29:57.163683
41571,1970,7129.000,3.619,2026-06-28 08:29:57.163683
41573,969,3124.000,3.224,2026-06-28 08:29:57.163683
41575,82,236.000,2.878,2026-06-28 08:29:57.163683
41585,97,331.500,3.418,2026-06-28 08:29:57.163683
41617,162,458.500,2.830,2026-06-28 08:29:57.163683
41627,115,452.000,3.930,2026-06-28 08:29:57.163683
41644,16,44.500,2.781,2026-06-28 08:29:57.163683
41650,10,34.500,3.450,2026-06-28 08:29:57.163683
41688,14,48.500,3.464,2026-06-28 08:29:57.163683
41691,10,40.500,4.050,2026-06-28 08:29:57.163683
41699,45,164.000,3.644,2026-06-28 08:29:57.163683
41712,51,191.500,3.755,2026-06-28 08:29:57.163683
41714,17,57.500,3.382,2026-06-28 08:29:57.163683
41716,1115,3847.500,3.451,2026-06-28 08:29:57.163683
41721,91,327.500,3.599,2026-06-28 08:29:57.163683
41724,171,592.500,3.465,2026-06-28 08:29:57.163683
41736,19,52.500,2.763,2026-06-28 08:29:57.163683
41753,37,112.000,3.027,2026-06-28 08:29:57.163683
41767,5,13.500,2.700,2026-06-28 08:29:57.163683
41769,108,377.000,3.491,2026-06-28 08:29:57.163683
41792,9,28.000,3.111,2026-06-28 08:29:57.163683
41810,13,43.500,3.346,2026-06-28 08:29:57.163683
41812,7,21.500,3.071,2026-06-28 08:29:57.163683
41815,26,92.000,3.538,2026-06-28 08:29:57.163683
41820,5,13.000,2.600,2026-06-28 08:29:57.163683
41824,10,33.000,3.300,2026-06-28 08:29:57.163683
41828,26,98.500,3.788,2026-06-28 08:29:57.163683
41831,66,218.000,3.303,2026-06-28 08:29:57.163683
41863,754,2784.500,3.693,2026-06-28 08:29:57.163683
41880,6,21.500,3.583,2026-06-28 08:29:57.163683
41889,11,40.000,3.636,2026-06-28 08:29:57.163683
41912,42,141.500,3.369,2026-06-28 08:29:57.163683
41941,62,215.500,3.476,2026-06-28 08:29:57.163683
41974,10,25.500,2.550,2026-06-28 08:29:57.163683
41997,4745,17707.000,3.732,2026-06-28 08:29:57.163683
42002,763,2452.500,3.214,2026-06-28 08:29:57.163683
42004,1097,4047.500,3.690,2026-06-28 08:29:57.163683
42007,651,1860.500,2.858,2026-06-28 08:29:57.163683
42009,426,1069.500,2.511,2026-06-28 08:29:57.163683
42011,1425,4255.500,2.986,2026-06-28 08:29:57.163683
42013,338,933.500,2.762,2026-06-28 08:29:57.163683
42015,578,1906.500,3.298,2026-06-28 08:29:57.163683
42018,461,1615.500,3.504,2026-06-28 08:29:57.163683
42021,98,307.500,3.138,2026-06-28 08:29:57.163683
42053,60,121.000,2.017,2026-06-28 08:29:57.163683
42094,211,812.000,3.848,2026-06-28 08:29:57.163683
42150,10,35.000,3.500,2026-06-28 08:29:57.163683
42152,10,38.500,3.850,2026-06-28 08:29:57.163683
42163,175,679.000,3.880,2026-06-28 08:29:57.163683
42172,38,87.500,2.303,2026-06-28 08:29:57.163683
42176,7,25.000,3.571,2026-06-28 08:29:57.163683
42191,55,201.000,3.655,2026-06-28 08:29:57.163683
42197,435,1584.500,3.643,2026-06-28 08:29:57.163683
42208,18,53.000,2.944,2026-06-28 08:29:57.163683
42213,54,188.500,3.491,2026-06-28 08:29:57.163683
42217,168,666.000,3.964,2026-06-28 08:29:57.163683
42285,49,110.500,2.255,2026-06-28 08:29:57.163683
42312,24,77.000,3.208,2026-06-28 08:29:57.163683
42351,111,434.000,3.910,2026-06-28 08:29:57.163683
42385,46,137.000,2.978,2026-06-28 08:29:57.163683
42393,12,40.000,3.333,2026-06-28 08:29:57.163683
42418,883,2996.500,3.394,2026-06-28 08:29:57.163683
42422,142,523.000,3.683,2026-06-28 08:29:57.163683
42518,39,127.000,3.256,2026-06-28 08:29:57.163683
42543,8,26.000,3.250,2026-06-28 08:29:57.163683
42546,21,69.000,3.286,2026-06-28 08:29:57.163683
42548,11,39.000,3.545,2026-06-28 08:29:57.163683
42556,64,224.000,3.500,2026-06-28 08:29:57.163683
42559,16,57.500,3.594,2026-06-28 08:29:57.163683
42584,9,30.500,3.389,2026-06-28 08:29:57.163683
42602,24,82.000,3.417,2026-06-28 08:29:57.163683
42629,8,23.000,2.875,2026-06-28 08:29:57.163683
42632,1099,4208.000,3.829,2026-06-28 08:29:57.163683
42634,54,176.000,3.259,2026-06-28 08:29:57.163683
42638,6,16.000,2.667,2026-06-28 08:29:57.163683
42659,5,8.500,1.700,2026-06-28 08:29:57.163683
42677,6,22.000,3.667,2026-06-28 08:29:57.163683
42681,51,172.500,3.382,2026-06-28 08:29:57.163683
42698,9,34.000,3.778,2026-06-28 08:29:57.163683
42710,39,105.500,2.705,2026-06-28 08:29:57.163683
42718,1018,3698.500,3.633,2026-06-28 08:29:57.163683
42721,388,649.500,1.674,2026-06-28 08:29:57.163683
42723,1499,4113.000,2.744,2026-06-28 08:29:57.163683
42725,862,3113.000,3.611,2026-06-28 08:29:57.163683
42728,471,1594.500,3.385,2026-06-28 08:29:57.163683
42730,428,1536.500,3.590,2026-06-28 08:29:57.163683
42732,307,1015.000,3.306,2026-06-28 08:29:57.163683
42734,718,2273.500,3.166,2026-06-28 08:29:57.163683
42736,18,49.000,2.722,2026-06-28 08:29:57.163683
42738,1954,6474.500,3.313,2026-06-28 08:29:57.163683
42740,93,234.500,2.522,2026-06-28 08:29:57.163683
42761,11,25.000,2.273,2026-06-28 08:29:57.163683
42783,41,160.000,3.902,2026-06-28 08:29:57.163683
42794,15,46.500,3.100,2026-06-28 08:29:57.163683
42856,8,24.500,3.063,2026-06-28 08:29:57.163683
42900,148,540.000,3.649,2026-06-28 08:29:57.163683
42935,22,78.000,3.545,2026-06-28 08:29:57.163683
42938,21,71.500,3.405,2026-06-28 08:29:57.163683
42943,9,24.000,2.667,2026-06-28 08:29:57.163683
42946,91,322.500,3.544,2026-06-28 08:29:57.163683
42952,5,18.000,3.600,2026-06-28 08:29:57.163683
42956,6,19.500,3.250,2026-06-28 08:29:57.163683
42958,136,487.500,3.585,2026-06-28 08:29:57.163683
42973,5,15.000,3.000,2026-06-28 08:29:57.163683
42984,12,40.000,3.333,2026-06-28 08:29:57.163683
42987,7,25.500,3.643,2026-06-28 08:29:57.163683
43007,12,42.500,3.542,2026-06-28 08:29:57.163683
43009,26,76.500,2.942,2026-06-28 08:29:57.163683
43011,20,54.500,2.725,2026-06-28 08:29:57.163683
43014,9,22.500,2.500,2026-06-28 08:29:57.163683
43022,50,111.000,2.220,2026-06-28 08:29:57.163683
43039,5,15.000,3.000,2026-06-28 08:29:57.163683
43177,38,138.000,3.632,2026-06-28 08:29:57.163683
43244,7,25.500,3.643,2026-06-28 08:29:57.163683
43248,5,5.500,1.100,2026-06-28 08:29:57.163683
43260,6,15.000,2.500,2026-06-28 08:29:57.163683
43267,13,52.000,4.000,2026-06-28 08:29:57.163683
43269,9,29.000,3.222,2026-06-28 08:29:57.163683
43289,19,60.000,3.158,2026-06-28 08:29:57.163683
43292,6,21.000,3.500,2026-06-28 08:29:57.163683
43333,323,1247.000,3.861,2026-06-28 08:29:57.163683
43351,17,57.500,3.382,2026-06-28 08:29:57.163683
43376,643,2502.500,3.892,2026-06-28 08:29:57.163683
43383,5,17.000,3.400,2026-06-28 08:29:57.163683
43389,33,87.500,2.652,2026-06-28 08:29:57.163683
43391,84,212.000,2.524,2026-06-28 08:29:57.163683
43396,1319,5073.500,3.846,2026-06-28 08:29:57.163683
43415,52,166.000,3.192,2026-06-28 08:29:57.163683
43419,274,745.500,2.721,2026-06-28 08:29:57.163683
43444,38,138.000,3.632,2026-06-28 08:29:57.163683
43460,452,1551.000,3.431,2026-06-28 08:29:57.163683
43482,31,103.000,3.323,2026-06-28 08:29:57.163683
43497,67,253.000,3.776,2026-06-28 08:29:57.163683
43518,9,32.500,3.611,2026-06-28 08:29:57.163683
43549,39,113.500,2.910,2026-06-28 08:29:57.163683
43552,17,56.000,3.294,2026-06-28 08:29:57.163683
43556,211,629.000,2.981,2026-06-28 08:29:57.163683
43558,366,829.500,2.266,2026-06-28 08:29:57.163683
43560,793,2596.000,3.274,2026-06-28 08:29:57.163683
43589,32,99.500,3.109,2026-06-28 08:29:57.163683
43608,22,70.500,3.205,2026-06-28 08:29:57.163683
43628,5,13.500,2.700,2026-06-28 08:29:57.163683
43635,63,197.500,3.135,2026-06-28 08:29:57.163683
43652,235,866.000,3.685,2026-06-28 08:29:57.163683
43677,130,445.500,3.427,2026-06-28 08:29:57.163683
43679,892,2421.500,2.715,2026-06-28 08:29:57.163683
43684,171,584.000,3.415,2026-06-28 08:29:57.163683
43699,44,162.000,3.682,2026-06-28 08:29:57.163683
43708,335,1158.000,3.457,2026-06-28 08:29:57.163683
43710,14,46.500,3.321,2026-06-28 08:29:57.163683
43744,268,922.500,3.442,2026-06-28 08:29:57.163683
43762,19,62.500,3.289,2026-06-28 08:29:57.163683
43801,10,37.000,3.700,2026-06-28 08:29:57.163683
43803,5,15.000,3.000,2026-06-28 08:29:57.163683
43813,8,28.000,3.500,2026-06-28 08:29:57.163683
43822,6,19.000,3.167,2026-06-28 08:29:57.163683
43828,12,45.000,3.750,2026-06-28 08:29:57.163683
43832,140,492.000,3.514,2026-06-28 08:29:57.163683
43836,785,2065.000,2.631,2026-06-28 08:29:57.163683
43838,46,117.500,2.554,2026-06-28 08:29:57.163683
43853,62,204.500,3.298,2026-06-28 08:29:57.163683
43869,247,747.000,3.024,2026-06-28 08:29:57.163683
43871,764,2231.500,2.921,2026-06-28 08:29:57.163683
43883,31,105.000,3.387,2026-06-28 08:29:57.163683
43897,77,282.500,3.669,2026-06-28 08:29:57.163683
43899,66,250.500,3.795,2026-06-28 08:29:57.163683
43904,270,656.500,2.431,2026-06-28 08:29:57.163683
43906,53,135.000,2.547,2026-06-28 08:29:57.163683
43908,120,359.000,2.992,2026-06-28 08:29:57.163683
43910,124,440.500,3.552,2026-06-28 08:29:57.163683
43912,181,454.000,2.508,2026-06-28 08:29:57.163683
43914,147,480.500,3.269,2026-06-28 08:29:57.163683
43917,484,1655.000,3.419,2026-06-28 08:29:57.163683
43919,769,1282.000,1.667,2026-06-28 08:29:57.163683
43921,619,2167.500,3.502,2026-06-28 08:29:57.163683
43923,79,212.500,2.690,2026-06-28 08:29:57.163683
43926,59,112.000,1.898,2026-06-28 08:29:57.163683
43928,1119,2722.000,2.433,2026-06-28 08:29:57.163683
43930,332,919.000,2.768,2026-06-28 08:29:57.163683
43932,267,649.500,2.433,2026-06-28 08:29:57.163683
43934,68,245.500,3.610,2026-06-28 08:29:57.163683
43936,1731,5725.000,3.307,2026-06-28 08:29:57.163683
43967,14,37.500,2.679,2026-06-28 08:29:57.163683
43971,11,34.000,3.091,2026-06-28 08:29:57.163683
43983,64,223.000,3.484,2026-06-28 08:29:57.163683
43987,67,196.000,2.925,2026-06-28 08:29:57.163683
44004,988,2837.500,2.872,2026-06-28 08:29:57.163683
44020,30,95.000,3.167,2026-06-28 08:29:57.163683
44022,2465,8218.500,3.334,2026-06-28 08:29:57.163683
44041,59,199.000,3.373,2026-06-28 08:29:57.163683
44058,110,348.000,3.164,2026-06-28 08:29:57.163683
44073,50,169.000,3.380,2026-06-28 08:29:57.163683
44100,92,326.500,3.549,2026-06-28 08:29:57.163683
44115,61,200.000,3.279,2026-06-28 08:29:57.163683
44124,7,20.000,2.857,2026-06-28 08:29:57.163683
44153,21,72.500,3.452,2026-06-28 08:29:57.163683
44155,19,54.000,2.842,2026-06-28 08:29:57.163683
44161,22,59.500,2.705,2026-06-28 08:29:57.163683
44168,116,412.500,3.556,2026-06-28 08:29:57.163683
44187,57,122.500,2.149,2026-06-28 08:29:57.163683
44189,88,254.000,2.886,2026-06-28 08:29:57.163683
44191,14356,56382.000,3.927,2026-06-28 08:29:57.163683
44193,781,2526.500,3.235,2026-06-28 08:29:57.163683
44195,7412,28583.500,3.856,2026-06-28 08:29:57.163683
44197,274,906.500,3.308,2026-06-28 08:29:57.163683
44199,5552,21641.000,3.898,2026-06-28 08:29:57.163683
44204,657,2458.500,3.742,2026-06-28 08:29:57.163683
44225,234,594.500,2.541,2026-06-28 08:29:57.163683
44234,8,22.500,2.813,2026-06-28 08:29:57.163683
44238,69,136.500,1.978,2026-06-28 08:29:57.163683
44241,35,67.500,1.929,2026-06-28 08:29:57.163683
44243,39,65.000,1.667,2026-06-28 08:29:57.163683
44245,40,75.000,1.875,2026-06-28 08:29:57.163683
44255,5,16.000,3.200,2026-06-28 08:29:57.163683
44295,30,90.500,3.017,2026-06-28 08:29:57.163683
44301,101,343.000,3.396,2026-06-28 08:29:57.163683
44317,92,295.500,3.212,2026-06-28 08:29:57.163683
44392,21,67.500,3.214,2026-06-28 08:29:57.163683
44397,902,2582.500,2.863,2026-06-28 08:29:57.163683
44399,177,427.500,2.415,2026-06-28 08:29:57.163683
44421,15,61.500,4.100,2026-06-28 08:29:57.163683
44427,27,83.500,3.093,2026-06-28 08:29:57.163683
44494,97,201.000,2.072,2026-06-28 08:29:57.163683
44511,37,122.000,3.297,2026-06-28 08:29:57.163683
44555,5720,24223.000,4.235,2026-06-28 08:29:57.163683
44568,30,113.500,3.783,2026-06-28 08:29:57.163683
44571,5,8.500,1.700,2026-06-28 08:29:57.163683
44582,29,103.500,3.569,2026-06-28 08:29:57.163683
44585,5,18.500,3.700,2026-06-28 08:29:57.163683
44587,150,560.000,3.733,2026-06-28 08:29:57.163683
44590,27,83.500,3.093,2026-06-28 08:29:57.163683
44595,44,162.500,3.693,2026-06-28 08:29:57.163683
44597,36,126.500,3.514,2026-06-28 08:29:57.163683
44601,12,39.500,3.292,2026-06-28 08:29:57.163683
44611,31,93.500,3.016,2026-06-28 08:29:57.163683
44613,262,873.000,3.332,2026-06-28 08:29:57.163683
44633,381,1489.500,3.909,2026-06-28 08:29:57.163683
44653,52,190.000,3.654,2026-06-28 08:29:57.163683
44655,29,104.000,3.586,2026-06-28 08:29:57.163683
44657,118,425.000,3.602,2026-06-28 08:29:57.163683
44663,12,39.500,3.292,2026-06-28 08:29:57.163683
44665,5853,22801.500,3.896,2026-06-28 08:29:57.163683
44671,28,78.500,2.804,2026-06-28 08:29:57.163683
44674,15,54.000,3.600,2026-06-28 08:29:57.163683
44685,16,44.500,2.781,2026-06-28 08:29:57.163683
44694,2085,8023.500,3.848,2026-06-28 08:29:57.163683
44709,864,3176.500,3.677,2026-06-28 08:29:57.163683
44717,7,27.500,3.929,2026-06-28 08:29:57.163683
44729,165,292.500,1.773,2026-06-28 08:29:57.163683
44731,203,560.500,2.761,2026-06-28 08:29:57.163683
44759,415,899.500,2.167,2026-06-28 08:29:57.163683
44761,2078,7887.500,3.796,2026-06-28 08:29:57.163683
44763,7,23.500,3.357,2026-06-28 08:29:57.163683
44777,27,69.500,2.574,2026-06-28 08:29:57.163683
44779,28,77.500,2.768,2026-06-28 08:29:57.163683
44788,908,3404.500,3.749,2026-06-28 08:29:57.163683
44800,30,89.000,2.967,2026-06-28 08:29:57.163683
44815,98,277.000,2.827,2026-06-28 08:29:57.163683
44828,733,2347.500,3.203,2026-06-28 08:29:57.163683
44840,473,1269.000,2.683,2026-06-28 08:29:57.163683
44844,52,109.500,2.106,2026-06-28 08:29:57.163683
44849,245,836.000,3.412,2026-06-28 08:29:57.163683
44851,12,39.500,3.292,2026-06-28 08:29:57.163683
44856,15,43.500,2.900,2026-06-28 08:29:57.163683
44861,12,38.500,3.208,2026-06-28 08:29:57.163683
44864,473,1455.500,3.077,2026-06-28 08:29:57.163683
44881,28,88.500,3.161,2026-06-28 08:29:57.163683
44889,142,521.000,3.669,2026-06-28 08:29:57.163683
44900,68,212.500,3.125,2026-06-28 08:29:57.163683
44911,45,145.000,3.222,2026-06-28 08:29:57.163683
44929,320,1152.000,3.600,2026-06-28 08:29:57.163683
44937,274,977.500,3.568,2026-06-28 08:29:57.163683
44943,166,572.000,3.446,2026-06-28 08:29:57.163683
44947,53,191.000,3.604,2026-06-28 08:29:57.163683
44949,72,194.500,2.701,2026-06-28 08:29:57.163683
44966,58,184.000,3.172,2026-06-28 08:29:57.163683
44972,1238,2950.000,2.383,2026-06-28 08:29:57.163683
44974,1632,5960.000,3.652,2026-06-28 08:29:57.163683
44978,34,102.000,3.000,2026-06-28 08:29:57.163683
45000,14,54.000,3.857,2026-06-28 08:29:57.163683
45003,166,551.000,3.319,2026-06-28 08:29:57.163683
45028,724,2398.500,3.313,2026-06-28 08:29:57.163683
45030,16,42.000,2.625,2026-06-28 08:29:57.163683
45047,8,22.000,2.750,2026-06-28 08:29:57.163683
45062,628,1942.000,3.092,2026-06-28 08:29:57.163683
45068,12,42.000,3.500,2026-06-28 08:29:57.163683
45072,5,16.500,3.300,2026-06-28 08:29:57.163683
45074,215,570.500,2.653,2026-06-28 08:29:57.163683
45079,5,16.000,3.200,2026-06-28 08:29:57.163683
45081,1303,4117.500,3.160,2026-06-28 08:29:57.163683
45100,29,83.500,2.879,2026-06-28 08:29:57.163683
45106,447,1239.000,2.772,2026-06-28 08:29:57.163683
45137,7,19.000,2.714,2026-06-28 08:29:57.163683
45170,15,49.500,3.300,2026-06-28 08:29:57.163683
45172,35,127.500,3.643,2026-06-28 08:29:57.163683
45175,282,994.500,3.527,2026-06-28 08:29:57.163683
45179,19,68.500,3.605,2026-06-28 08:29:57.163683
45183,359,1269.000,3.535,2026-06-28 08:29:57.163683
45186,3165,10450.500,3.302,2026-06-28 08:29:57.163683
45188,30,100.000,3.333,2026-06-28 08:29:57.163683
45192,21,83.500,3.976,2026-06-28 08:29:57.163683
45194,13,50.000,3.846,2026-06-28 08:29:57.163683
45200,16,45.500,2.844,2026-06-28 08:29:57.163683
45208,494,1300.000,2.632,2026-06-28 08:29:57.163683
45210,1670,6088.000,3.646,2026-06-28 08:29:57.163683
45221,247,751.500,3.043,2026-06-28 08:29:57.163683
45224,10,32.500,3.250,2026-06-28 08:29:57.163683
45259,16,52.000,3.250,2026-06-28 08:29:57.163683
45303,13,42.000,3.231,2026-06-28 08:29:57.163683
45329,12,42.500,3.542,2026-06-28 08:29:57.163683
45335,74,256.000,3.459,2026-06-28 08:29:57.163683
45346,5,12.000,2.400,2026-06-28 08:29:57.163683
45361,252,634.500,2.518,2026-06-28 08:29:57.163683
45382,224,704.500,3.145,2026-06-28 08:29:57.163683
45412,48,177.500,3.698,2026-06-28 08:29:57.163683
45431,2059,7034.000,3.416,2026-06-28 08:29:57.163683
45440,470,1462.000,3.111,2026-06-28 08:29:57.163683
45442,745,1990.000,2.671,2026-06-28 08:29:57.163683
45447,5190,16197.000,3.121,2026-06-28 08:29:57.163683
45499,6385,21458.000,3.361,2026-06-28 08:29:57.163683
45501,1375,4048.500,2.944,2026-06-28 08:29:57.163683
45503,170,598.500,3.521,2026-06-28 08:29:57.163683
45506,124,459.000,3.702,2026-06-28 08:29:57.163683
45508,16,47.000,2.938,2026-06-28 08:29:57.163683
45512,9,23.500,2.611,2026-06-28 08:29:57.163683
45517,4392,15390.500,3.504,2026-06-28 08:29:57.163683
45521,24,75.000,3.125,2026-06-28 08:29:57.163683
45525,80,252.500,3.156,2026-06-28 08:29:57.163683
45527,6,18.000,3.000,2026-06-28 08:29:57.163683
45533,19,69.500,3.658,2026-06-28 08:29:57.163683
45537,9,32.000,3.556,2026-06-28 08:29:57.163683
45550,20,59.000,2.950,2026-06-28 08:29:57.163683
45576,10,29.500,2.950,2026-06-28 08:29:57.163683
45578,12,39.500,3.292,2026-06-28 08:29:57.163683
45581,6,18.500,3.083,2026-06-28 08:29:57.163683
45611,36,111.500,3.097,2026-06-28 08:29:57.163683
45635,232,738.000,3.181,2026-06-28 08:29:57.163683
45639,9,25.000,2.778,2026-06-28 08:29:57.163683
45642,9,34.000,3.778,2026-06-28 08:29:57.163683
45648,16,44.500,2.781,2026-06-28 08:29:57.163683
45652,6,21.000,3.500,2026-06-28 08:29:57.163683
45656,9,29.000,3.222,2026-06-28 08:29:57.163683
45658,62,215.000,3.468,2026-06-28 08:29:57.163683
45662,551,1471.500,2.671,2026-06-28 08:29:57.163683
45664,41,133.000,3.244,2026-06-28 08:29:57.163683
45666,1173,3231.500,2.755,2026-06-28 08:29:57.163683
45668,1212,4030.000,3.325,2026-06-28 08:29:57.163683
45672,2215,6861.000,3.098,2026-06-28 08:29:57.163683
45679,71,229.500,3.232,2026-06-28 08:29:57.163683
45691,9,38.500,4.278,2026-06-28 08:29:57.163683
45707,7,24.000,3.429,2026-06-28 08:29:57.163683
45720,3329,11345.000,3.408,2026-06-28 08:29:57.163683
45722,9657,33504.000,3.469,2026-06-28 08:29:57.163683
45726,1017,2859.500,2.812,2026-06-28 08:29:57.163683
45728,2715,9806.500,3.612,2026-06-28 08:29:57.163683
45730,1174,3385.000,2.883,2026-06-28 08:29:57.163683
45732,996,2578.000,2.588,2026-06-28 08:29:57.163683
45758,6,16.000,2.667,2026-06-28 08:29:57.163683
45837,54,187.500,3.472,2026-06-28 08:29:57.163683
45852,110,247.500,2.250,2026-06-28 08:29:57.163683
45880,1098,3590.500,3.270,2026-06-28 08:29:57.163683
45891,35,121.000,3.457,2026-06-28 08:29:57.163683
45899,5,19.500,3.900,2026-06-28 08:29:57.163683
45928,830,3161.000,3.808,2026-06-28 08:29:57.163683
45940,10,37.000,3.700,2026-06-28 08:29:57.163683
45942,19,71.000,3.737,2026-06-28 08:29:57.163683
45950,2610,9642.000,3.694,2026-06-28 08:29:57.163683
45952,8,26.500,3.313,2026-06-28 08:29:57.163683
45969,49,141.500,2.888,2026-06-28 08:29:57.163683
45981,89,185.000,2.079,2026-06-28 08:29:57.163683
45987,18,60.500,3.361,2026-06-28 08:29:57.163683
45991,9,23.000,2.556,2026-06-28 08:29:57.163683
46034,24,80.500,3.354,2026-06-28 08:29:57.163683
46062,460,1144.000,2.487,2026-06-28 08:29:57.163683
46083,6,20.000,3.333,2026-06-28 08:29:57.163683
46098,20,67.000,3.350,2026-06-28 08:29:57.163683
46105,34,113.000,3.324,2026-06-28 08:29:57.163683
46108,10,34.000,3.400,2026-06-28 08:29:57.163683
46156,114,434.000,3.807,2026-06-28 08:29:57.163683
46194,55,149.000,2.709,2026-06-28 08:29:57.163683
46201,14,35.000,2.500,2026-06-28 08:29:57.163683
46231,17,38.500,2.265,2026-06-28 08:29:57.163683
46258,24,78.500,3.271,2026-06-28 08:29:57.163683
46318,5,17.000,3.400,2026-06-28 08:29:57.163683
46322,1174,4454.500,3.794,2026-06-28 08:29:57.163683
46331,25,80.000,3.200,2026-06-28 08:29:57.163683
46335,1230,3391.500,2.757,2026-06-28 08:29:57.163683
46337,256,624.500,2.439,2026-06-28 08:29:57.163683
46347,249,893.000,3.586,2026-06-28 08:29:57.163683
46363,12,40.500,3.375,2026-06-28 08:29:57.163683
46367,13,37.000,2.846,2026-06-28 08:29:57.163683
46409,13,44.500,3.423,2026-06-28 08:29:57.163683
46430,61,175.000,2.869,2026-06-28 08:29:57.163683
46441,8,24.500,3.063,2026-06-28 08:29:57.163683
46457,8,25.000,3.125,2026-06-28 08:29:57.163683
46478,25,88.000,3.520,2026-06-28 08:29:57.163683
46525,7,25.000,3.571,2026-06-28 08:29:57.163683
46530,3535,11033.500,3.121,2026-06-28 08:29:57.163683
46544,12,41.500,3.458,2026-06-28 08:29:57.163683
46559,199,711.500,3.575,2026-06-28 08:29:57.163683
46561,33,113.500,3.439,2026-06-28 08:29:57.163683
46572,156,492.500,3.157,2026-06-28 08:29:57.163683
46574,105,307.000,2.924,2026-06-28 08:29:57.163683
46578,11878,46586.500,3.922,2026-06-28 08:29:57.163683
46581,8,25.000,3.125,2026-06-28 08:29:57.163683
46604,72,197.500,2.743,2026-06-28 08:29:57.163683
46613,22,53.000,2.409,2026-06-28 08:29:57.163683
46627,6,12.000,2.000,2026-06-28 08:29:57.163683
46634,6,19.000,3.167,2026-06-28 08:29:57.163683
46640,11,35.000,3.182,2026-06-28 08:29:57.163683
46653,109,366.000,3.358,2026-06-28 08:29:57.163683
46664,127,481.500,3.791,2026-06-28 08:29:57.163683
46716,12,35.000,2.917,2026-06-28 08:29:57.163683
46723,4136,15222.500,3.680,2026-06-28 08:29:57.163683
46748,13,43.500,3.346,2026-06-28 08:29:57.163683
46762,10,34.000,3.400,2026-06-28 08:29:57.163683
46765,22,76.500,3.477,2026-06-28 08:29:57.163683
46770,10,28.500,2.850,2026-06-28 08:29:57.163683
46772,203,625.500,3.081,2026-06-28 08:29:57.163683
46788,6,13.500,2.250,2026-06-28 08:29:57.163683
46803,166,624.500,3.762,2026-06-28 08:29:57.163683
46821,13,38.500,2.962,2026-06-28 08:29:57.163683
46839,40,139.000,3.475,2026-06-28 08:29:57.163683
46848,23,68.500,2.978,2026-06-28 08:29:57.163683
46850,653,2498.000,3.825,2026-06-28 08:29:57.163683
46855,306,1207.000,3.944,2026-06-28 08:29:57.163683
46862,10,34.500,3.450,2026-06-28 08:29:57.163683
46865,276,527.500,1.911,2026-06-28 08:29:57.163683
46869,7,23.500,3.357,2026-06-28 08:29:57.163683
46880,12,39.000,3.250,2026-06-28 08:29:57.163683
46901,6,20.500,3.417,2026-06-28 08:29:57.163683
46910,6,12.000,2.000,2026-06-28 08:29:57.163683
46912,28,89.500,3.196,2026-06-28 08:29:57.163683
46915,14,38.000,2.714,2026-06-28 08:29:57.163683
46919,104,364.500,3.505,2026-06-28 08:29:57.163683
46925,6,18.000,3.000,2026-06-28 08:29:57.163683
46929,12,30.500,2.542,2026-06-28 08:29:57.163683
46948,968,3219.000,3.325,2026-06-28 08:29:57.163683
46952,9,30.000,3.333,2026-06-28 08:29:57.163683
46954,6,14.000,2.333,2026-06-28 08:29:57.163683
46957,5,16.000,3.200,2026-06-28 08:29:57.163683
46959,108,359.000,3.324,2026-06-28 08:29:57.163683
46961,8,34.000,4.250,2026-06-28 08:29:57.163683
46965,1699,4513.000,2.656,2026-06-28 08:29:57.163683
46967,817,2767.000,3.387,2026-06-28 08:29:57.163683
46970,2352,7528.000,3.201,2026-06-28 08:29:57.163683
46972,2610,8160.000,3.126,2026-06-28 08:29:57.163683
46974,666,1959.000,2.941,2026-06-28 08:29:57.163683
46976,6281,24117.500,3.840,2026-06-28 08:29:57.163683
47007,7,24.500,3.500,2026-06-28 08:29:57.163683
47028,5,18.500,3.700,2026-06-28 08:29:57.163683
47044,1243,3676.500,2.958,2026-06-28 08:29:57.163683
47047,16,47.000,2.938,2026-06-28 08:29:57.163683
47049,22,69.000,3.136,2026-06-28 08:29:57.163683
47063,7,20.000,2.857,2026-06-28 08:29:57.163683
47076,11,35.000,3.182,2026-06-28 08:29:57.163683
47084,36,135.000,3.750,2026-06-28 08:29:57.163683
47092,33,112.500,3.409,2026-06-28 08:29:57.163683
47099,3487,13252.000,3.800,2026-06-28 08:29:57.163683
47117,46,148.500,3.228,2026-06-28 08:29:57.163683
47122,543,1634.000,3.009,2026-06-28 08:29:57.163683
47124,308,915.500,2.972,2026-06-28 08:29:57.163683
47135,7,25.000,3.571,2026-06-28 08:29:57.163683
47146,14,49.000,3.500,2026-06-28 08:29:57.163683
47148,65,241.000,3.708,2026-06-28 08:29:57.163683
47150,72,257.000,3.569,2026-06-28 08:29:57.163683
47152,63,238.500,3.786,2026-06-28 08:29:57.163683
47165,5,11.500,2.300,2026-06-28 08:29:57.163683
47180,14,52.000,3.714,2026-06-28 08:29:57.163683
47196,27,88.000,3.259,2026-06-28 08:29:57.163683
47200,1925,6634.500,3.446,2026-06-28 08:29:57.163683
47202,186,695.500,3.739,2026-06-28 08:29:57.163683
47221,35,96.000,2.743,2026-06-28 08:29:57.163683
47239,29,93.500,3.224,2026-06-28 08:29:57.163683
47248,5,16.500,3.300,2026-06-28 08:29:57.163683
47254,244,777.500,3.186,2026-06-28 08:29:57.163683
47261,204,589.000,2.887,2026-06-28 08:29:57.163683
47264,215,581.000,2.702,2026-06-28 08:29:57.163683
47274,108,411.500,3.810,2026-06-28 08:29:57.163683
47285,7,19.500,2.786,2026-06-28 08:29:57.163683
47287,56,198.500,3.545,2026-06-28 08:29:57.163683
47306,83,304.500,3.669,2026-06-28 08:29:57.163683
47330,38,117.500,3.092,2026-06-28 08:29:57.163683
47356,5,16.500,3.300,2026-06-28 08:29:57.163683
47382,550,1892.500,3.441,2026-06-28 08:29:57.163683
47384,119,298.500,2.508,2026-06-28 08:29:57.163683
47394,126,447.000,3.548,2026-06-28 08:29:57.163683
47404,141,538.500,3.819,2026-06-28 08:29:57.163683
47423,1017,3755.500,3.693,2026-06-28 08:29:57.163683
47446,112,381.500,3.406,2026-06-28 08:29:57.163683
47452,5,19.000,3.800,2026-06-28 08:29:57.163683
47458,15,50.000,3.333,2026-06-28 08:29:57.163683
47460,13,45.000,3.462,2026-06-28 08:29:57.163683
47465,406,1377.500,3.393,2026-06-28 08:29:57.163683
47477,9,31.000,3.444,2026-06-28 08:29:57.163683
47482,10,28.500,2.850,2026-06-28 08:29:57.163683
47484,17,63.000,3.706,2026-06-28 08:29:57.163683
47491,541,2132.000,3.941,2026-06-28 08:29:57.163683
47493,39,136.000,3.487,2026-06-28 08:29:57.163683
47503,37,118.000,3.189,2026-06-28 08:29:57.163683
47516,112,254.000,2.268,2026-06-28 08:29:57.163683
47518,1225,4039.500,3.298,2026-06-28 08:29:57.163683
47525,26,82.500,3.173,2026-06-28 08:29:57.163683
47538,12,40.500,3.375,2026-06-28 08:29:57.163683
47566,34,116.500,3.426,2026-06-28 08:29:57.163683
47571,16,50.500,3.156,2026-06-28 08:29:57.163683
47601,25,91.000,3.640,2026-06-28 08:29:57.163683
47606,5,16.500,3.300,2026-06-28 08:29:57.163683
47610,6379,24357.000,3.818,2026-06-28 08:29:57.163683
47615,20,66.000,3.300,2026-06-28 08:29:57.163683
47619,28,97.500,3.482,2026-06-28 08:29:57.163683
47626,5,13.000,2.600,2026-06-28 08:29:57.163683
47629,2087,7846.000,3.759,2026-06-28 08:29:57.163683
47634,124,435.500,3.512,2026-06-28 08:29:57.163683
47640,858,2640.500,3.078,2026-06-28 08:29:57.163683
47642,56,165.500,2.955,2026-06-28 08:29:57.163683
47644,737,2653.000,3.600,2026-06-28 08:29:57.163683
47646,83,243.500,2.934,2026-06-28 08:29:57.163683
47665,11,34.500,3.136,2026-06-28 08:29:57.163683
47670,37,133.000,3.595,2026-06-28 08:29:57.163683
47681,7,20.000,2.857,2026-06-28 08:29:57.163683
47701,6,18.000,3.000,2026-06-28 08:29:57.163683
47714,24,81.500,3.396,2026-06-28 08:29:57.163683
47719,7,23.000,3.286,2026-06-28 08:29:57.163683
47721,311,1199.000,3.855,2026-06-28 08:29:57.163683
47723,65,228.500,3.515,2026-06-28 08:29:57.163683
47725,258,903.000,3.500,2026-06-28 08:29:57.163683
47728,47,160.000,3.404,2026-06-28 08:29:57.163683
47736,8,24.500,3.063,2026-06-28 08:29:57.163683
47740,13,44.000,3.385,2026-06-28 08:29:57.163683
47774,15,49.500,3.300,2026-06-28 08:29:57.163683
47778,140,504.000,3.600,2026-06-28 08:29:57.163683
47793,86,282.000,3.279,2026-06-28 08:29:57.163683
47805,61,179.000,2.934,2026-06-28 08:29:57.163683
47808,29,93.500,3.224,2026-06-28 08:29:57.163683
47810,635,1302.000,2.050,2026-06-28 08:29:57.163683
47815,18,31.000,1.722,2026-06-28 08:29:57.163683
47830,128,387.000,3.023,2026-06-28 08:29:57.163683
47836,50,172.500,3.450,2026-06-28 08:29:57.163683
47860,16,52.000,3.250,2026-06-28 08:29:57.163683
47868,18,65.500,3.639,2026-06-28 08:29:57.163683
47886,8,25.500,3.188,2026-06-28 08:29:57.163683
47894,558,2067.000,3.704,2026-06-28 08:29:57.163683
47904,37,140.000,3.784,2026-06-28 08:29:57.163683
47907,29,99.000,3.414,2026-06-28 08:29:57.163683
47918,9,28.000,3.111,2026-06-28 08:29:57.163683
47927,10,32.500,3.250,2026-06-28 08:29:57.163683
47931,12,45.500,3.792,2026-06-28 08:29:57.163683
47935,17,59.000,3.471,2026-06-28 08:29:57.163683
47937,273,874.500,3.203,2026-06-28 08:29:57.163683
47940,49,163.000,3.327,2026-06-28 08:29:57.163683
47950,422,1314.500,3.115,2026-06-28 08:29:57.163683
47952,325,906.000,2.788,2026-06-28 08:29:57.163683
47956,53,167.500,3.160,2026-06-28 08:29:57.163683
47970,510,1661.000,3.257,2026-06-28 08:29:57.163683
47972,11,32.500,2.955,2026-06-28 08:29:57.163683
47976,103,303.000,2.942,2026-06-28 08:29:57.163683
47978,169,551.000,3.260,2026-06-28 08:29:57.163683
47980,9,24.500,2.722,2026-06-28 08:29:57.163683
47997,1881,6163.500,3.277,2026-06-28 08:29:57.163683
47999,1248,4731.500,3.791,2026-06-28 08:29:57.163683
48001,49,179.000,3.653,2026-06-28 08:29:57.163683
48032,118,431.500,3.657,2026-06-28 08:29:57.163683
48035,29,94.500,3.259,2026-06-28 08:29:57.163683
48043,2730,9899.000,3.626,2026-06-28 08:29:57.163683
48045,38,153.000,4.026,2026-06-28 08:29:57.163683
48049,23,71.500,3.109,2026-06-28 08:29:57.163683
48057,8,24.500,3.063,2026-06-28 08:29:57.163683
48059,75,274.500,3.660,2026-06-28 08:29:57.163683
48061,255,871.500,3.418,2026-06-28 08:29:57.163683
48082,2083,7887.500,3.787,2026-06-28 08:29:57.163683
48084,5,16.500,3.300,2026-06-28 08:29:57.163683
48093,5,18.500,3.700,2026-06-28 08:29:57.163683
48098,9,28.500,3.167,2026-06-28 08:29:57.163683
48123,21,74.500,3.548,2026-06-28 08:29:57.163683
48142,901,2456.000,2.726,2026-06-28 08:29:57.163683
48150,55,146.500,2.664,2026-06-28 08:29:57.163683
48159,36,104.500,2.903,2026-06-28 08:29:57.163683
48161,226,757.000,3.350,2026-06-28 08:29:57.163683
48165,130,476.500,3.665,2026-06-28 08:29:57.163683
48167,25,91.500,3.660,2026-06-28 08:29:57.163683
48177,7,25.000,3.571,2026-06-28 08:29:57.163683
48193,25,95.500,3.820,2026-06-28 08:29:57.163683
48198,17,52.000,3.059,2026-06-28 08:29:57.163683
48214,30,91.500,3.050,2026-06-28 08:29:57.163683
48229,34,116.000,3.412,2026-06-28 08:29:57.163683
48231,104,357.500,3.438,2026-06-28 08:29:57.163683
48239,11,39.500,3.591,2026-06-28 08:29:57.163683
48242,10,24.000,2.400,2026-06-28 08:29:57.163683
48262,154,563.500,3.659,2026-06-28 08:29:57.163683
48268,21,66.500,3.167,2026-06-28 08:29:57.163683
48301,67,240.000,3.582,2026-06-28 08:29:57.163683
48304,2679,9723.000,3.629,2026-06-28 08:29:57.163683
48308,7,27.000,3.857,2026-06-28 08:29:57.163683
48315,11,29.500,2.682,2026-06-28 08:29:57.163683
48319,313,1037.000,3.313,2026-06-28 08:29:57.163683
48322,1105,3569.500,3.230,2026-06-28 08:29:57.163683
48326,287,900.000,3.136,2026-06-28 08:29:57.163683
48342,148,530.500,3.584,2026-06-28 08:29:57.163683
48346,24,70.500,2.938,2026-06-28 08:29:57.163683
48381,8,28.500,3.563,2026-06-28 08:29:57.163683
48385,7699,26901.500,3.494,2026-06-28 08:29:57.163683
48389,21,71.500,3.405,2026-06-28 08:29:57.163683
48394,11399,46028.000,4.038,2026-06-28 08:29:57.163683
48412,599,2091.000,3.491,2026-06-28 08:29:57.163683
48414,484,1471.000,3.039,2026-06-28 08:29:57.163683
48416,297,886.000,2.983,2026-06-28 08:29:57.163683
48501,8,20.500,2.563,2026-06-28 08:29:57.163683
48516,14309,58809.000,4.110,2026-06-28 08:29:57.163683
48518,422,1070.500,2.537,2026-06-28 08:29:57.163683
48520,520,1473.500,2.834,2026-06-28 08:29:57.163683
48522,119,335.000,2.815,2026-06-28 08:29:57.163683
48528,8,22.500,2.813,2026-06-28 08:29:57.163683
48530,20,65.000,3.250,2026-06-28 08:29:57.163683
48536,8,24.500,3.063,2026-06-28 08:29:57.163683
48543,85,288.000,3.388,2026-06-28 08:29:57.163683
48555,10,30.000,3.000,2026-06-28 08:29:57.163683
48560,435,1360.500,3.128,2026-06-28 08:29:57.163683
48567,15,49.500,3.300,2026-06-28 08:29:57.163683
48575,48,169.500,3.531,2026-06-28 08:29:57.163683
48584,32,94.500,2.953,2026-06-28 08:29:57.163683
48591,380,939.000,2.471,2026-06-28 08:29:57.163683
48593,496,1462.500,2.949,2026-06-28 08:29:57.163683
48596,200,477.500,2.388,2026-06-28 08:29:57.163683
48598,170,601.000,3.535,2026-06-28 08:29:57.163683
48600,68,215.000,3.162,2026-06-28 08:29:57.163683
48638,39,130.500,3.346,2026-06-28 08:29:57.163683
48647,5,21.000,4.200,2026-06-28 08:29:57.163683
48649,7,22.000,3.143,2026-06-28 08:29:57.163683
48660,64,228.000,3.563,2026-06-28 08:29:57.163683
48673,67,183.500,2.739,2026-06-28 08:29:57.163683
48678,246,797.000,3.240,2026-06-28 08:29:57.163683
48682,88,309.000,3.511,2026-06-28 08:29:57.163683
48696,1384,5252.000,3.795,2026-06-28 08:29:57.163683
48698,303,1155.500,3.814,2026-06-28 08:29:57.163683
48700,13,46.500,3.577,2026-06-28 08:29:57.163683
48704,20,54.500,2.725,2026-06-28 08:29:57.163683
48711,99,351.000,3.545,2026-06-28 08:29:57.163683
48715,5,14.500,2.900,2026-06-28 08:29:57.163683
48738,4163,16218.500,3.896,2026-06-28 08:29:57.163683
48741,170,606.000,3.565,2026-06-28 08:29:57.163683
48744,623,2218.500,3.561,2026-06-28 08:29:57.163683
48770,13,34.000,2.615,2026-06-28 08:29:57.163683
48774,8969,34932.500,3.895,2026-06-28 08:29:57.163683
48780,11269,45551.500,4.042,2026-06-28 08:29:57.163683
48783,1223,4272.000,3.493,2026-06-28 08:29:57.163683
48791,83,229.000,2.759,2026-06-28 08:29:57.163683
48817,20,58.000,2.900,2026-06-28 08:29:57.163683
48825,93,311.000,3.344,2026-06-28 08:29:57.163683
48833,24,75.000,3.125,2026-06-28 08:29:57.163683
48851,11,37.500,3.409,2026-06-28 08:29:57.163683
48856,280,1010.500,3.609,2026-06-28 08:29:57.163683
48872,273,1036.000,3.795,2026-06-28 08:29:57.163683
48877,1490,4290.000,2.879,2026-06-28 08:29:57.163683
48879,159,541.000,3.403,2026-06-28 08:29:57.163683
48883,157,491.000,3.127,2026-06-28 08:29:57.163683
48895,17,46.500,2.735,2026-06-28 08:29:57.163683
48901,11,33.500,3.045,2026-06-28 08:29:57.163683
48909,44,151.000,3.432,2026-06-28 08:29:57.163683
48943,286,727.500,2.544,2026-06-28 08:29:57.163683
48957,22,67.500,3.068,2026-06-28 08:29:57.163683
48970,9,29.500,3.278,2026-06-28 08:29:57.163683
48972,26,84.500,3.250,2026-06-28 08:29:57.163683
48982,1009,3465.500,3.435,2026-06-28 08:29:57.163683
48997,1556,5716.500,3.674,2026-06-28 08:29:57.163683
49007,72,238.000,3.306,2026-06-28 08:29:57.163683
49013,233,557.500,2.393,2026-06-28 08:29:57.163683
49016,7,14.500,2.071,2026-06-28 08:29:57.163683
49035,14,46.000,3.286,2026-06-28 08:29:57.163683
49037,17,60.000,3.529,2026-06-28 08:29:57.163683
49050,12,43.500,3.625,2026-06-28 08:29:57.163683
49079,9,26.000,2.889,2026-06-28 08:29:57.163683
49085,13,52.000,4.000,2026-06-28 08:29:57.163683
49098,5,15.000,3.000,2026-06-28 08:29:57.163683
49110,73,192.000,2.630,2026-06-28 08:29:57.163683
49115,5,14.000,2.800,2026-06-28 08:29:57.163683
49123,26,90.500,3.481,2026-06-28 08:29:57.163683
49130,547,1892.000,3.459,2026-06-28 08:29:57.163683
49132,269,983.500,3.656,2026-06-28 08:29:57.163683
49183,7,24.000,3.429,2026-06-28 08:29:57.163683
49200,73,263.000,3.603,2026-06-28 08:29:57.163683
49205,83,200.500,2.416,2026-06-28 08:29:57.163683
49220,423,1288.000,3.045,2026-06-28 08:29:57.163683
49225,119,450.500,3.786,2026-06-28 08:29:57.163683
49234,7,23.000,3.286,2026-06-28 08:29:57.163683
49263,116,382.500,3.297,2026-06-28 08:29:57.163683
49265,88,328.500,3.733,2026-06-28 08:29:57.163683
49272,12311,47392.500,3.850,2026-06-28 08:29:57.163683
49274,1581,4940.000,3.125,2026-06-28 08:29:57.163683
49276,189,532.500,2.817,2026-06-28 08:29:57.163683
49278,2627,9426.000,3.588,2026-06-28 08:29:57.163683
49280,446,1519.000,3.406,2026-06-28 08:29:57.163683
49282,125,270.000,2.160,2026-06-28 08:29:57.163683
49284,420,1391.000,3.312,2026-06-28 08:29:57.163683
49286,1768,6234.500,3.526,2026-06-28 08:29:57.163683
49291,11,42.500,3.864,2026-06-28 08:29:57.163683
49299,13,46.000,3.538,2026-06-28 08:29:57.163683
49312,173,642.500,3.714,2026-06-28 08:29:57.163683
49314,310,990.000,3.194,2026-06-28 08:29:57.163683
49330,34,109.000,3.206,2026-06-28 08:29:57.163683
49347,444,1390.000,3.131,2026-06-28 08:29:57.163683
49355,98,358.000,3.653,2026-06-28 08:29:57.163683
49359,31,115.500,3.726,2026-06-28 08:29:57.163683
49371,6,19.500,3.250,2026-06-28 08:29:57.163683
49379,9,25.500,2.833,2026-06-28 08:29:57.163683
49389,66,220.500,3.341,2026-06-28 08:29:57.163683
49394,99,381.000,3.848,2026-06-28 08:29:57.163683
49396,954,3124.500,3.275,2026-06-28 08:29:57.163683
49412,110,416.500,3.786,2026-06-28 08:29:57.163683
49422,134,488.500,3.646,2026-06-28 08:29:57.163683
49435,25,64.500,2.580,2026-06-28 08:29:57.163683
49464,8,26.000,3.250,2026-06-28 08:29:57.163683
49494,6,17.500,2.917,2026-06-28 08:29:57.163683
49513,11,43.500,3.955,2026-06-28 08:29:57.163683
49518,6,21.500,3.583,2026-06-28 08:29:57.163683
49524,131,436.000,3.328,2026-06-28 08:29:57.163683
49526,191,473.500,2.479,2026-06-28 08:29:57.163683
49528,205,520.500,2.539,2026-06-28 08:29:57.163683
49530,6878,26683.500,3.880,2026-06-28 08:29:57.163683
49571,29,81.500,2.810,2026-06-28 08:29:57.163683
49591,17,50.000,2.941,2026-06-28 08:29:57.163683
49615,46,158.000,3.435,2026-06-28 08:29:57.163683
49642,80,203.500,2.544,2026-06-28 08:29:57.163683
49644,20,67.000,3.350,2026-06-28 08:29:57.163683
49647,357,1155.000,3.235,2026-06-28 08:29:57.163683
49649,1175,3073.500,2.616,2026-06-28 08:29:57.163683
49651,1243,4108.000,3.305,2026-06-28 08:29:57.163683
49663,7,22.500,3.214,2026-06-28 08:29:57.163683
49666,132,445.000,3.371,2026-06-28 08:29:57.163683
49668,20,76.500,3.825,2026-06-28 08:29:57.163683
49688,95,352.000,3.705,2026-06-28 08:29:57.163683
49735,20,57.500,2.875,2026-06-28 08:29:57.163683
49737,20,63.500,3.175,2026-06-28 08:29:57.163683
49746,10,33.500,3.350,2026-06-28 08:29:57.163683
49752,12,42.500,3.542,2026-06-28 08:29:57.163683
49754,6,20.500,3.417,2026-06-28 08:29:57.163683
49757,9,25.000,2.778,2026-06-28 08:29:57.163683
49766,19,68.500,3.605,2026-06-28 08:29:57.163683
49772,869,3275.000,3.769,2026-06-28 08:29:57.163683
49793,480,1703.000,3.548,2026-06-28 08:29:57.163683
49815,30,107.000,3.567,2026-06-28 08:29:57.163683
49817,46,174.000,3.783,2026-06-28 08:29:57.163683
49822,1412,4840.500,3.428,2026-06-28 08:29:57.163683
49824,816,2675.000,3.278,2026-06-28 08:29:57.163683
49856,80,278.500,3.481,2026-06-28 08:29:57.163683
49872,6,19.000,3.167,2026-06-28 08:29:57.163683
49902,35,117.000,3.343,2026-06-28 08:29:57.163683
49910,553,2032.500,3.675,2026-06-28 08:29:57.163683
49917,97,364.000,3.753,2026-06-28 08:29:57.163683
49926,15,45.500,3.033,2026-06-28 08:29:57.163683
49929,10,30.000,3.000,2026-06-28 08:29:57.163683
49932,703,2511.500,3.573,2026-06-28 08:29:57.163683
49951,11,35.000,3.182,2026-06-28 08:29:57.163683
49953,14,40.500,2.893,2026-06-28 08:29:57.163683
49957,292,1020.000,3.493,2026-06-28 08:29:57.163683
49961,1199,4501.500,3.754,2026-06-28 08:29:57.163683
49973,8,25.000,3.125,2026-06-28 08:29:57.163683
49979,13,28.500,2.192,2026-06-28 08:29:57.163683
49994,7,24.500,3.500,2026-06-28 08:29:57.163683
50003,228,569.000,2.496,2026-06-28 08:29:57.163683
50005,533,1821.500,3.417,2026-06-28 08:29:57.163683
50011,235,892.000,3.796,2026-06-28 08:29:57.163683
50059,8,25.500,3.188,2026-06-28 08:29:57.163683
50064,303,914.500,3.018,2026-06-28 08:29:57.163683
50066,179,677.500,3.785,2026-06-28 08:29:57.163683
50068,2382,9145.000,3.839,2026-06-28 08:29:57.163683
50147,151,296.000,1.960,2026-06-28 08:29:57.163683
50149,129,307.500,2.384,2026-06-28 08:29:57.163683
50151,44,110.000,2.500,2026-06-28 08:29:57.163683
50153,99,249.000,2.515,2026-06-28 08:29:57.163683
50158,132,382.500,2.898,2026-06-28 08:29:57.163683
50160,463,1677.500,3.623,2026-06-28 08:29:57.163683
50162,191,597.500,3.128,2026-06-28 08:29:57.163683
50165,13,36.000,2.769,2026-06-28 08:29:57.163683
50183,52,177.500,3.413,2026-06-28 08:29:57.163683
50189,643,1642.000,2.554,2026-06-28 08:29:57.163683
50208,5,10.500,2.100,2026-06-28 08:29:57.163683
50229,70,242.500,3.464,2026-06-28 08:29:57.163683
50245,52,195.500,3.760,2026-06-28 08:29:57.163683
50253,18,44.000,2.444,2026-06-28 08:29:57.163683
50259,86,291.500,3.390,2026-06-28 08:29:57.163683
50271,7,25.500,3.643,2026-06-28 08:29:57.163683
50274,273,982.500,3.599,2026-06-28 08:29:57.163683
50347,11,31.500,2.864,2026-06-28 08:29:57.163683
50349,10,33.000,3.300,2026-06-28 08:29:57.163683
50354,26,82.000,3.154,2026-06-28 08:29:57.163683
50356,32,109.000,3.406,2026-06-28 08:29:57.163683
50379,5,15.000,3.000,2026-06-28 08:29:57.163683
50440,94,191.000,2.032,2026-06-28 08:29:57.163683
50442,727,2390.000,3.287,2026-06-28 08:29:57.163683
50445,249,705.500,2.833,2026-06-28 08:29:57.163683
50447,167,538.500,3.225,2026-06-28 08:29:57.163683
50477,22,79.500,3.614,2026-06-28 08:29:57.163683
50482,15,35.500,2.367,2026-06-28 08:29:57.163683
50514,363,1363.500,3.756,2026-06-28 08:29:57.163683
50517,90,321.500,3.572,2026-06-28 08:29:57.163683
50533,23,78.500,3.413,2026-06-28 08:29:57.163683
50541,5,17.500,3.500,2026-06-28 08:29:57.163683
50550,10,32.500,3.250,2026-06-28 08:29:57.163683
50572,15,44.500,2.967,2026-06-28 08:29:57.163683
50574,7,16.500,2.357,2026-06-28 08:29:57.163683
50583,45,172.500,3.833,2026-06-28 08:29:57.163683
50585,6,22.000,3.667,2026-06-28 08:29:57.163683
50589,8,26.000,3.250,2026-06-28 08:29:57.163683
50594,62,227.500,3.669,2026-06-28 08:29:57.163683
50601,1108,3807.500,3.436,2026-06-28 08:29:57.163683
50610,5,12.000,2.400,2026-06-28 08:29:57.163683
50613,7,20.000,2.857,2026-06-28 08:29:57.163683
50615,59,197.000,3.339,2026-06-28 08:29:57.163683
50619,39,139.500,3.577,2026-06-28 08:29:57.163683
50628,11,26.500,2.409,2026-06-28 08:29:57.163683
50630,15,44.500,2.967,2026-06-28 08:29:57.163683
50641,91,325.500,3.577,2026-06-28 08:29:57.163683
50651,134,471.500,3.519,2026-06-28 08:29:57.163683
50658,384,1528.000,3.979,2026-06-28 08:29:57.163683
50685,942,3383.500,3.592,2026-06-28 08:29:57.163683
50703,86,231.000,2.686,2026-06-28 08:29:57.163683
50705,43,154.000,3.581,2026-06-28 08:29:57.163683
50740,359,1427.000,3.975,2026-06-28 08:29:57.163683
50742,244,959.500,3.932,2026-06-28 08:29:57.163683
50754,6,19.000,3.167,2026-06-28 08:29:57.163683
50774,9,27.000,3.000,2026-06-28 08:29:57.163683
50792,341,1054.500,3.092,2026-06-28 08:29:57.163683
50794,1236,3950.000,3.196,2026-06-28 08:29:57.163683
50796,177,498.500,2.816,2026-06-28 08:29:57.163683
50798,899,1338.500,1.489,2026-06-28 08:29:57.163683
50800,235,630.500,2.683,2026-06-28 08:29:57.163683
50802,404,1153.500,2.855,2026-06-28 08:29:57.163683
50804,708,2130.000,3.008,2026-06-28 08:29:57.163683
50806,443,846.500,1.911,2026-06-28 08:29:57.163683
50828,6,24.000,4.000,2026-06-28 08:29:57.163683
50842,180,649.000,3.606,2026-06-28 08:29:57.163683
50851,494,1936.500,3.920,2026-06-28 08:29:57.163683
50858,97,291.000,3.000,2026-06-28 08:29:57.163683
50872,8727,33894.500,3.884,2026-06-28 08:29:57.163683
50886,36,111.500,3.097,2026-06-28 08:29:57.163683
50892,17,51.000,3.000,2026-06-28 08:29:57.163683
50898,27,100.000,3.704,2026-06-28 08:29:57.163683
50909,41,152.500,3.720,2026-06-28 08:29:57.163683
50912,1070,4030.500,3.767,2026-06-28 08:29:57.163683
50923,352,1080.500,3.070,2026-06-28 08:29:57.163683
50940,9,30.000,3.333,2026-06-28 08:29:57.163683
50942,13,35.000,2.692,2026-06-28 08:29:57.163683
50944,27,103.500,3.833,2026-06-28 08:29:57.163683
50949,18,61.500,3.417,2026-06-28 08:29:57.163683
50954,137,450.500,3.288,2026-06-28 08:29:57.163683
50970,24,62.000,2.583,2026-06-28 08:29:57.163683
50999,7,20.500,2.929,2026-06-28 08:29:57.163683
51004,5,16.000,3.200,2026-06-28 08:29:57.163683
51007,130,461.000,3.546,2026-06-28 08:29:57.163683
51014,7,23.500,3.357,2026-06-28 08:29:57.163683
51024,88,294.500,3.347,2026-06-28 08:29:57.163683
51037,239,803.500,3.362,2026-06-28 08:29:57.163683
51044,64,180.500,2.820,2026-06-28 08:29:57.163683
51060,14,51.000,3.643,2026-06-28 08:29:57.163683
51063,121,438.000,3.620,2026-06-28 08:29:57.163683
51077,1595,4088.500,2.563,2026-06-28 08:29:57.163683
51080,1257,4526.500,3.601,2026-06-28 08:29:57.163683
51082,62,206.500,3.331,2026-06-28 08:29:57.163683
51084,1231,4070.000,3.306,2026-06-28 08:29:57.163683
51086,1385,4216.000,3.044,2026-06-28 08:29:57.163683
51088,375,1111.500,2.964,2026-06-28 08:29:57.163683
51091,957,3314.000,3.463,2026-06-28 08:29:57.163683
51094,99,283.500,2.864,2026-06-28 08:29:57.163683
51103,7,22.000,3.143,2026-06-28 08:29:57.163683
51111,7,22.500,3.214,2026-06-28 08:29:57.163683
51127,100,377.000,3.770,2026-06-28 08:29:57.163683
51174,203,660.500,3.254,2026-06-28 08:29:57.163683
51182,8,26.000,3.250,2026-06-28 08:29:57.163683
51185,13,45.500,3.500,2026-06-28 08:29:57.163683
51187,63,223.500,3.548,2026-06-28 08:29:57.163683
51194,7,15.500,2.214,2026-06-28 08:29:57.163683
51207,11,28.500,2.591,2026-06-28 08:29:57.163683
51209,18,62.000,3.444,2026-06-28 08:29:57.163683
51246,8,28.000,3.500,2026-06-28 08:29:57.163683
51255,7659,29610.500,3.866,2026-06-28 08:29:57.163683
51277,272,1041.500,3.829,2026-06-28 08:29:57.163683
51287,51,182.500,3.578,2026-06-28 08:29:57.163683
51304,24,62.000,2.583,2026-06-28 08:29:57.163683
51312,56,218.000,3.893,2026-06-28 08:29:57.163683
51314,35,119.500,3.414,2026-06-28 08:29:57.163683
51317,7,23.500,3.357,2026-06-28 08:29:57.163683
51321,26,79.000,3.038,2026-06-28 08:29:57.163683
51341,10,34.500,3.450,2026-06-28 08:29:57.163683
51354,11,39.500,3.591,2026-06-28 08:29:57.163683
51357,165,609.000,3.691,2026-06-28 08:29:57.163683
51372,155,426.000,2.748,2026-06-28 08:29:57.163683
51380,29,95.000,3.276,2026-06-28 08:29:57.163683
51402,9,33.000,3.667,2026-06-28 08:29:57.163683
51412,1232,3993.000,3.241,2026-06-28 08:29:57.163683
51418,208,679.000,3.264,2026-06-28 08:29:57.163683
51433,6,16.500,2.750,2026-06-28 08:29:57.163683
51455,21,83.000,3.952,2026-06-28 08:29:57.163683
51457,13,40.500,3.115,2026-06-28 08:29:57.163683
51471,501,1897.000,3.786,2026-06-28 08:29:57.163683
51486,9,33.000,3.667,2026-06-28 08:29:57.163683
51498,82,224.000,2.732,2026-06-28 08:29:57.163683
51503,42,123.000,2.929,2026-06-28 08:29:57.163683
51520,88,172.500,1.960,2026-06-28 08:29:57.163683
51528,6,17.500,2.917,2026-06-28 08:29:57.163683
51540,3907,14360.000,3.675,2026-06-28 08:29:57.163683
51545,77,278.500,3.617,2026-06-28 08:29:57.163683
51559,20,76.000,3.800,2026-06-28 08:29:57.163683
51562,160,558.000,3.488,2026-06-28 08:29:57.163683
51573,47,178.000,3.787,2026-06-28 08:29:57.163683
51575,808,2245.000,2.778,2026-06-28 08:29:57.163683
51579,16,44.500,2.781,2026-06-28 08:29:57.163683
51596,5,16.000,3.200,2026-06-28 08:29:57.163683
51605,10,34.000,3.400,2026-06-28 08:29:57.163683
51617,13,38.500,2.962,2026-06-28 08:29:57.163683
51619,20,73.000,3.650,2026-06-28 08:29:57.163683
51632,16,47.000,2.938,2026-06-28 08:29:57.163683
51638,76,251.500,3.309,2026-06-28 08:29:57.163683
51660,181,654.500,3.616,2026-06-28 08:29:57.163683
51662,10807,39687.000,3.672,2026-06-28 08:29:57.163683
51666,95,256.000,2.695,2026-06-28 08:29:57.163683
51678,140,497.500,3.554,2026-06-28 08:29:57.163683
51686,6,18.500,3.083,2026-06-28 08:29:57.163683
51694,202,694.000,3.436,2026-06-28 08:29:57.163683
51698,431,1407.000,3.265,2026-06-28 08:29:57.163683
51705,304,1102.500,3.627,2026-06-28 08:29:57.163683
51709,925,3218.500,3.479,2026-06-28 08:29:57.163683
51773,23,80.000,3.478,2026-06-28 08:29:57.163683
51800,7,25.500,3.643,2026-06-28 08:29:57.163683
51817,8,18.000,2.250,2026-06-28 08:29:57.163683
51820,13,44.500,3.423,2026-06-28 08:29:57.163683
51834,603,2148.500,3.563,2026-06-28 08:29:57.163683
51847,61,188.000,3.082,2026-06-28 08:29:57.163683
51857,37,123.500,3.338,2026-06-28 08:29:57.163683
51884,491,1833.500,3.734,2026-06-28 08:29:57.163683
51894,21,75.000,3.571,2026-06-28 08:29:57.163683
51903,160,449.000,2.806,2026-06-28 08:29:57.163683
51911,31,103.000,3.323,2026-06-28 08:29:57.163683
51917,24,58.500,2.438,2026-06-28 08:29:57.163683
51925,527,1532.500,2.908,2026-06-28 08:29:57.163683
51927,231,685.000,2.965,2026-06-28 08:29:57.163683
51931,901,3291.500,3.653,2026-06-28 08:29:57.163683
51933,61,203.500,3.336,2026-06-28 08:29:57.163683
51935,2059,7418.500,3.603,2026-06-28 08:29:57.163683
51937,334,779.500,2.334,2026-06-28 08:29:57.163683
51939,535,1605.500,3.001,2026-06-28 08:29:57.163683
51991,73,254.000,3.479,2026-06-28 08:29:57.163683
52005,81,257.000,3.173,2026-06-28 08:29:57.163683
52009,12,43.500,3.625,2026-06-28 08:29:57.163683
52016,11,28.000,2.545,2026-06-28 08:29:57.163683
52033,6,20.000,3.333,2026-06-28 08:29:57.163683
52037,59,204.000,3.458,2026-06-28 08:29:57.163683
52042,817,3141.000,3.845,2026-06-28 08:29:57.163683
52078,9,36.000,4.000,2026-06-28 08:29:57.163683
52088,16,58.500,3.656,2026-06-28 08:29:57.163683
52101,7,23.500,3.357,2026-06-28 08:29:57.163683
52104,13,52.000,4.000,2026-06-28 08:29:57.163683
52153,5,17.500,3.500,2026-06-28 08:29:57.163683
52170,18,72.000,4.000,2026-06-28 08:29:57.163683
52189,22,77.000,3.500,2026-06-28 08:29:57.163683
52199,31,115.000,3.710,2026-06-28 08:29:57.163683
52202,12,41.500,3.458,2026-06-28 08:29:57.163683
52227,138,420.000,3.043,2026-06-28 08:29:57.163683
52237,19,69.000,3.632,2026-06-28 08:29:57.163683
52241,896,3217.500,3.591,2026-06-28 08:29:57.163683
52245,1860,5850.500,3.145,2026-06-28 08:29:57.163683
52279,142,310.000,2.183,2026-06-28 08:29:57.163683
52281,3684,13687.500,3.715,2026-06-28 08:29:57.163683
52283,308,861.000,2.795,2026-06-28 08:29:57.163683
52285,55,128.500,2.336,2026-06-28 08:29:57.163683
52287,817,2838.000,3.474,2026-06-28 08:29:57.163683
52299,52,176.000,3.385,2026-06-28 08:29:57.163683
52319,822,3165.000,3.850,2026-06-28 08:29:57.163683
52321,173,570.500,3.298,2026-06-28 08:29:57.163683
52328,2521,9099.000,3.609,2026-06-28 08:29:57.163683
52352,14,46.000,3.286,2026-06-28 08:29:57.163683
52356,55,180.000,3.273,2026-06-28 08:29:57.163683
52375,293,961.000,3.280,2026-06-28 08:29:57.163683
52378,21,72.500,3.452,2026-06-28 08:29:57.163683
52413,36,130.500,3.625,2026-06-28 08:29:57.163683
52418,5,19.500,3.900,2026-06-28 08:29:57.163683
52424,52,190.000,3.654,2026-06-28 08:29:57.163683
52427,8,30.000,3.750,2026-06-28 08:29:57.163683
52435,1501,5701.000,3.798,2026-06-28 08:29:57.163683
52443,37,116.000,3.135,2026-06-28 08:29:57.163683
52448,131,429.000,3.275,2026-06-28 08:29:57.163683
52456,288,819.500,2.845,2026-06-28 08:29:57.163683
52458,1351,4483.500,3.319,2026-06-28 08:29:57.163683
52460,243,641.000,2.638,2026-06-28 08:29:57.163683
52462,350,1134.000,3.240,2026-06-28 08:29:57.163683
52495,56,205.000,3.661,2026-06-28 08:29:57.163683
52528,75,285.500,3.807,2026-06-28 08:29:57.163683
52545,42,137.500,3.274,2026-06-28 08:29:57.163683
52548,10,24.500,2.450,2026-06-28 08:29:57.163683
52551,28,64.500,2.304,2026-06-28 08:29:57.163683
52561,17,53.500,3.147,2026-06-28 08:29:57.163683
52570,7,27.500,3.929,2026-06-28 08:29:57.163683
52572,18,52.000,2.889,2026-06-28 08:29:57.163683
52579,590,2176.000,3.688,2026-06-28 08:29:57.163683
52581,11,37.000,3.364,2026-06-28 08:29:57.163683
52583,13,47.500,3.654,2026-06-28 08:29:57.163683
52591,142,414.500,2.919,2026-06-28 08:29:57.163683
52604,1615,5974.000,3.699,2026-06-28 08:29:57.163683
52606,224,757.000,3.379,2026-06-28 08:29:57.163683
52617,14,50.500,3.607,2026-06-28 08:29:57.163683
52634,5,17.500,3.500,2026-06-28 08:29:57.163683
52644,421,1233.000,2.929,2026-06-28 08:29:57.163683
52666,129,479.500,3.717,2026-06-28 08:29:57.163683
52668,271,887.500,3.275,2026-06-28 08:29:57.163683
52672,6,17.500,2.917,2026-06-28 08:29:57.163683
52694,559,1587.000,2.839,2026-06-28 08:29:57.163683
52709,14,53.000,3.786,2026-06-28 08:29:57.163683
52712,244,760.000,3.115,2026-06-28 08:29:57.163683
52715,82,175.000,2.134,2026-06-28 08:29:57.163683
52717,242,700.500,2.895,2026-06-28 08:29:57.163683
52722,4256,12808.500,3.010,2026-06-28 08:29:57.163683
52724,127,358.000,2.819,2026-06-28 08:29:57.163683
52730,69,209.000,3.029,2026-06-28 08:29:57.163683
52742,15,50.500,3.367,2026-06-28 08:29:57.163683
52767,407,1598.000,3.926,2026-06-28 08:29:57.163683
52781,7,23.500,3.357,2026-06-28 08:29:57.163683
52784,47,171.000,3.638,2026-06-28 08:29:57.163683
52806,131,415.000,3.168,2026-06-28 08:29:57.163683
52813,33,120.000,3.636,2026-06-28 08:29:57.163683
52831,44,138.000,3.136,2026-06-28 08:29:57.163683
52838,107,306.000,2.860,2026-06-28 08:29:57.163683
52845,19,53.000,2.789,2026-06-28 08:29:57.163683
52858,8,29.000,3.625,2026-06-28 08:29:57.163683
52865,17,50.500,2.971,2026-06-28 08:29:57.163683
52867,157,428.500,2.729,2026-06-28 08:29:57.163683
52872,8,22.500,2.813,2026-06-28 08:29:57.163683
52885,1302,5029.000,3.863,2026-06-28 08:29:57.163683
52891,13,40.000,3.077,2026-06-28 08:29:57.163683
52913,16,49.500,3.094,2026-06-28 08:29:57.163683
52922,7,24.000,3.429,2026-06-28 08:29:57.163683
52927,37,134.000,3.622,2026-06-28 08:29:57.163683
52929,78,277.000,3.551,2026-06-28 08:29:57.163683
52938,18,64.000,3.556,2026-06-28 08:29:57.163683
52942,5,15.000,3.000,2026-06-28 08:29:57.163683
52950,484,1625.500,3.358,2026-06-28 08:29:57.163683
52952,1258,4823.500,3.834,2026-06-28 08:29:57.163683
52967,474,1796.000,3.789,2026-06-28 08:29:57.163683
52973,5051,18119.000,3.587,2026-06-28 08:29:57.163683
52975,1193,4118.500,3.452,2026-06-28 08:29:57.163683
52980,16,41.500,2.594,2026-06-28 08:29:57.163683
52995,9,32.000,3.556,2026-06-28 08:29:57.163683
53000,3597,12358.500,3.436,2026-06-28 08:29:57.163683
53002,198,596.500,3.013,2026-06-28 08:29:57.163683
53004,128,240.000,1.875,2026-06-28 08:29:57.163683
53022,7,25.500,3.643,2026-06-28 08:29:57.163683
53024,285,1108.500,3.889,2026-06-28 08:29:57.163683
53038,58,208.500,3.595,2026-06-28 08:29:57.163683
53046,7,18.000,2.571,2026-06-28 08:29:57.163683
53052,11,42.000,3.818,2026-06-28 08:29:57.163683
53066,15,52.500,3.500,2026-06-28 08:29:57.163683
53121,2215,6833.000,3.085,2026-06-28 08:29:57.163683
53123,2154,8524.500,3.958,2026-06-28 08:29:57.163683
53125,5428,18425.000,3.394,2026-06-28 08:29:57.163683
53127,225,672.000,2.987,2026-06-28 08:29:57.163683
53129,1363,5025.500,3.687,2026-06-28 08:29:57.163683
53131,54,121.500,2.250,2026-06-28 08:29:57.163683
53133,45,118.500,2.633,2026-06-28 08:29:57.163683
53138,111,347.000,3.126,2026-06-28 08:29:57.163683
53140,115,370.500,3.222,2026-06-28 08:29:57.163683
53143,60,182.500,3.042,2026-06-28 08:29:57.163683
53152,9,25.000,2.778,2026-06-28 08:29:57.163683
53154,24,62.000,2.583,2026-06-28 08:29:57.163683
53161,295,1078.500,3.656,2026-06-28 08:29:57.163683
53183,17,50.500,2.971,2026-06-28 08:29:57.163683
53189,338,1191.000,3.524,2026-06-28 08:29:57.163683
53207,628,1843.500,2.936,2026-06-28 08:29:57.163683
53226,9,35.000,3.889,2026-06-28 08:29:57.163683
53280,22,56.500,2.568,2026-06-28 08:29:57.163683
53282,24,74.000,3.083,2026-06-28 08:29:57.163683
53318,960,3574.000,3.723,2026-06-28 08:29:57.163683
53322,3842,13417.500,3.492,2026-06-28 08:29:57.163683
53326,122,401.000,3.287,2026-06-28 08:29:57.163683
53342,9,24.500,2.722,2026-06-28 08:29:57.163683
53349,66,215.500,3.265,2026-06-28 08:29:57.163683
53352,34,98.500,2.897,2026-06-28 08:29:57.163683
53355,30,103.500,3.450,2026-06-28 08:29:57.163683
53379,22,64.000,2.909,2026-06-28 08:29:57.163683
53406,51,178.500,3.500,2026-06-28 08:29:57.163683
53435,468,1245.500,2.661,2026-06-28 08:29:57.163683
53443,22,78.000,3.545,2026-06-28 08:29:57.163683
53447,317,1046.000,3.300,2026-06-28 08:29:57.163683
53450,61,202.000,3.311,2026-06-28 08:29:57.163683
53453,8,15.500,1.938,2026-06-28 08:29:57.163683
53460,628,2125.000,3.384,2026-06-28 08:29:57.163683
53464,1987,5657.500,2.847,2026-06-28 08:29:57.163683
53466,139,402.500,2.896,2026-06-28 08:29:57.163683
53468,482,1720.500,3.570,2026-06-28 08:29:57.163683
53476,16,56.500,3.531,2026-06-28 08:29:57.163683
53498,30,96.500,3.217,2026-06-28 08:29:57.163683
53519,2555,9104.500,3.563,2026-06-28 08:29:57.163683
53548,5,8.500,1.700,2026-06-28 08:29:57.163683
53550,1065,3855.000,3.620,2026-06-28 08:29:57.163683
53554,5,17.500,3.500,2026-06-28 08:29:57.163683
53569,37,109.000,2.946,2026-06-28 08:29:57.163683
53574,82,266.500,3.250,2026-06-28 08:29:57.163683
53578,90,306.500,3.406,2026-06-28 08:29:57.163683
53582,24,76.500,3.188,2026-06-28 08:29:57.163683
53584,9,26.500,2.944,2026-06-28 08:29:57.163683
53592,38,141.000,3.711,2026-06-28 08:29:57.163683
53600,5,16.500,3.300,2026-06-28 08:29:57.163683
53651,5,18.500,3.700,2026-06-28 08:29:57.163683
53737,72,244.000,3.389,2026-06-28 08:29:57.163683
53741,11,34.500,3.136,2026-06-28 08:29:57.163683
53752,9,29.500,3.278,2026-06-28 08:29:57.163683
53766,22,68.500,3.114,2026-06-28 08:29:57.163683
53769,144,532.000,3.694,2026-06-28 08:29:57.163683
53771,7,17.500,2.500,2026-06-28 08:29:57.163683
53774,13,47.500,3.654,2026-06-28 08:29:57.163683
53788,69,244.500,3.543,2026-06-28 08:29:57.163683
53808,12,28.500,2.375,2026-06-28 08:29:57.163683
53827,116,414.000,3.569,2026-06-28 08:29:57.163683
53833,11,43.500,3.955,2026-06-28 08:29:57.163683
53835,41,151.500,3.695,2026-06-28 08:29:57.163683
53837,13,45.000,3.462,2026-06-28 08:29:57.163683
53839,7,22.500,3.214,2026-06-28 08:29:57.163683
53841,5,16.500,3.300,2026-06-28 08:29:57.163683
53843,11,27.000,2.455,2026-06-28 08:29:57.163683
53845,5,16.500,3.300,2026-06-28 08:29:57.163683
53847,6,22.000,3.667,2026-06-28 08:29:57.163683
53849,5,15.500,3.100,2026-06-28 08:29:57.163683
53851,6,21.000,3.500,2026-06-28 08:29:57.163683
53853,8,29.500,3.688,2026-06-28 08:29:57.163683
53855,11,35.500,3.227,2026-06-28 08:29:57.163683
53859,58,154.500,2.664,2026-06-28 08:29:57.163683
53873,12,32.500,2.708,2026-06-28 08:29:57.163683
53880,24,82.500,3.438,2026-06-28 08:29:57.163683
53883,154,614.500,3.990,2026-06-28 08:29:57.163683
53885,8,32.500,4.063,2026-06-28 08:29:57.163683
53887,105,394.500,3.757,2026-06-28 08:29:57.163683
53894,1970,7442.000,3.778,2026-06-28 08:29:57.163683
53906,83,278.500,3.355,2026-06-28 08:29:57.163683
53912,14,46.500,3.321,2026-06-28 08:29:57.163683
53916,9,32.000,3.556,2026-06-28 08:29:57.163683
53919,95,310.000,3.263,2026-06-28 08:29:57.163683
53921,244,802.000,3.287,2026-06-28 08:29:57.163683
53953,2365,7783.000,3.291,2026-06-28 08:29:57.163683
53956,1300,4810.000,3.700,2026-06-28 08:29:57.163683
53963,5,13.500,2.700,2026-06-28 08:29:57.163683
53967,21,65.000,3.095,2026-06-28 08:29:57.163683
53972,4058,14518.500,3.578,2026-06-28 08:29:57.163683
53974,337,875.000,2.596,2026-06-28 08:29:57.163683
53988,138,426.000,3.087,2026-06-28 08:29:57.163683
53993,1434,3990.000,2.782,2026-06-28 08:29:57.163683
53996,5664,18816.500,3.322,2026-06-28 08:29:57.163683
53999,140,333.500,2.382,2026-06-28 08:29:57.163683
54001,5967,22361.500,3.748,2026-06-28 08:29:57.163683
54004,996,2927.000,2.939,2026-06-28 08:29:57.163683
54020,16,54.000,3.375,2026-06-28 08:29:57.163683
54049,17,51.500,3.029,2026-06-28 08:29:57.163683
54075,149,468.500,3.144,2026-06-28 08:29:57.163683
54094,107,368.500,3.444,2026-06-28 08:29:57.163683
54116,96,302.500,3.151,2026-06-28 08:29:57.163683
54121,51,152.500,2.990,2026-06-28 08:29:57.163683
54144,11,36.000,3.273,2026-06-28 08:29:57.163683
54171,16,53.000,3.313,2026-06-28 08:29:57.163683
54176,16,56.000,3.500,2026-06-28 08:29:57.163683
54185,57,203.500,3.570,2026-06-28 08:29:57.163683
54190,1687,6191.500,3.670,2026-06-28 08:29:57.163683
54193,93,317.000,3.409,2026-06-28 08:29:57.163683
54196,53,181.000,3.415,2026-06-28 08:29:57.163683
54198,12,35.000,2.917,2026-06-28 08:29:57.163683
54220,11,36.500,3.318,2026-06-28 08:29:57.163683
54229,48,170.000,3.542,2026-06-28 08:29:57.163683
54239,7,26.000,3.714,2026-06-28 08:29:57.163683
54241,29,95.000,3.276,2026-06-28 08:29:57.163683
54243,11,32.500,2.955,2026-06-28 08:29:57.163683
54248,25,78.000,3.120,2026-06-28 08:29:57.163683
54251,7,19.000,2.714,2026-06-28 08:29:57.163683
54254,7,25.500,3.643,2026-06-28 08:29:57.163683
54256,530,1809.000,3.413,2026-06-28 08:29:57.163683
54259,4300,16562.500,3.852,2026-06-28 08:29:57.163683
54262,8,26.500,3.313,2026-06-28 08:29:57.163683
54268,36,51.000,1.417,2026-06-28 08:29:57.163683
54270,86,184.000,2.140,2026-06-28 08:29:57.163683
54272,5450,19090.000,3.503,2026-06-28 08:29:57.163683
54274,176,324.500,1.844,2026-06-28 08:29:57.163683
54276,486,1588.000,3.267,2026-06-28 08:29:57.163683
54278,138,350.500,2.540,2026-06-28 08:29:57.163683
54281,719,2584.000,3.594,2026-06-28 08:29:57.163683
54284,22,64.500,2.932,2026-06-28 08:29:57.163683
54286,10798,42901.500,3.973,2026-06-28 08:29:57.163683
54290,180,199.000,1.106,2026-06-28 08:29:57.163683
54318,11,38.500,3.500,2026-06-28 08:29:57.163683
54328,84,279.000,3.321,2026-06-28 08:29:57.163683
54331,259,888.500,3.431,2026-06-28 08:29:57.163683
54341,7,21.500,3.071,2026-06-28 08:29:57.163683
54354,5,21.000,4.200,2026-06-28 08:29:57.163683
54372,654,2512.000,3.841,2026-06-28 08:29:57.163683
54378,52,159.500,3.067,2026-06-28 08:29:57.163683
54406,27,84.500,3.130,2026-06-28 08:29:57.163683
54419,27,87.000,3.222,2026-06-28 08:29:57.163683
54426,57,192.000,3.368,2026-06-28 08:29:57.163683
54445,5,15.000,3.000,2026-06-28 08:29:57.163683
54455,21,64.500,3.071,2026-06-28 08:29:57.163683
54491,9,30.500,3.389,2026-06-28 08:29:57.163683
54493,6,12.500,2.083,2026-06-28 08:29:57.163683
54501,7,22.000,3.143,2026-06-28 08:29:57.163683
54503,6670,25254.000,3.786,2026-06-28 08:29:57.163683
54505,30,92.000,3.067,2026-06-28 08:29:57.163683
54510,62,179.000,2.887,2026-06-28 08:29:57.163683
54513,165,572.000,3.467,2026-06-28 08:29:57.163683
54519,18,56.000,3.111,2026-06-28 08:29:57.163683
54542,5,15.000,3.000,2026-06-28 08:29:57.163683
54554,5,15.000,3.000,2026-06-28 08:29:57.163683
54580,11,33.000,3.000,2026-06-28 08:29:57.163683
54605,27,91.500,3.389,2026-06-28 08:29:57.163683
54607,10,33.500,3.350,2026-06-28 08:29:57.163683
54612,113,378.000,3.345,2026-06-28 08:29:57.163683
54621,53,191.000,3.604,2026-06-28 08:29:57.163683
54648,814,2392.000,2.939,2026-06-28 08:29:57.163683
54686,167,471.500,2.823,2026-06-28 08:29:57.163683
54691,35,120.500,3.443,2026-06-28 08:29:57.163683
54732,502,1258.500,2.507,2026-06-28 08:29:57.163683
54734,199,606.500,3.048,2026-06-28 08:29:57.163683
54736,1315,4722.500,3.591,2026-06-28 08:29:57.163683
54738,31,92.000,2.968,2026-06-28 08:29:57.163683
54745,336,1200.500,3.573,2026-06-28 08:29:57.163683
54768,129,291.000,2.256,2026-06-28 08:29:57.163683
54771,532,1605.000,3.017,2026-06-28 08:29:57.163683
54775,358,1066.500,2.979,2026-06-28 08:29:57.163683
54778,9,22.000,2.444,2026-06-28 08:29:57.163683
54780,373,1087.500,2.916,2026-06-28 08:29:57.163683
54783,29,60.500,2.086,2026-06-28 08:29:57.163683
54785,485,1453.500,2.997,2026-06-28 08:29:57.163683
54787,316,1020.000,3.228,2026-06-28 08:29:57.163683
54796,507,1743.000,3.438,2026-06-28 08:29:57.163683
54826,9,23.500,2.611,2026-06-28 08:29:57.163683
54833,34,124.500,3.662,2026-06-28 08:29:57.163683
54872,16,59.500,3.719,2026-06-28 08:29:57.163683
54878,7,22.500,3.214,2026-06-28 08:29:57.163683
54881,1494,5712.500,3.824,2026-06-28 08:29:57.163683
54908,64,180.000,2.813,2026-06-28 08:29:57.163683
54910,149,518.000,3.477,2026-06-28 08:29:57.163683
54922,5,12.500,2.500,2026-06-28 08:29:57.163683
54934,114,301.500,2.645,2026-06-28 08:29:57.163683
54958,24,73.500,3.063,2026-06-28 08:29:57.163683
54962,359,1197.500,3.336,2026-06-28 08:29:57.163683
54964,6,18.500,3.083,2026-06-28 08:29:57.163683
54967,37,134.000,3.622,2026-06-28 08:29:57.163683
54978,73,238.000,3.260,2026-06-28 08:29:57.163683
54986,6,23.000,3.833,2026-06-28 08:29:57.163683
54995,2413,8749.500,3.626,2026-06-28 08:29:57.163683
54997,4725,17830.500,3.774,2026-06-28 08:29:57.163683
54999,1325,4374.500,3.302,2026-06-28 08:29:57.163683
55020,172,469.500,2.730,2026-06-28 08:29:57.163683
55031,291,1092.500,3.754,2026-06-28 08:29:57.163683
55036,8,19.500,2.438,2026-06-28 08:29:57.163683
55040,10,37.500,3.750,2026-06-28 08:29:57.163683
55050,21,67.500,3.214,2026-06-28 08:29:57.163683
55052,2330,8716.500,3.741,2026-06-28 08:29:57.163683
55061,13,41.500,3.192,2026-06-28 08:29:57.163683
55063,129,469.500,3.640,2026-06-28 08:29:57.163683
55067,124,467.000,3.766,2026-06-28 08:29:57.163683
55069,802,3084.000,3.845,2026-06-28 08:29:57.163683
55071,301,1157.000,3.844,2026-06-28 08:29:57.163683
55073,9,13.000,1.444,2026-06-28 08:29:57.163683
55078,32,111.000,3.469,2026-06-28 08:29:57.163683
55080,494,1644.000,3.328,2026-06-28 08:29:57.163683
55094,767,2763.500,3.603,2026-06-28 08:29:57.163683
55098,55,212.500,3.864,2026-06-28 08:29:57.163683
55100,89,265.000,2.978,2026-06-28 08:29:57.163683
55106,33,119.500,3.621,2026-06-28 08:29:57.163683
55110,74,232.500,3.142,2026-06-28 08:29:57.163683
55112,14,49.000,3.500,2026-06-28 08:29:57.163683
55116,182,627.500,3.448,2026-06-28 08:29:57.163683
55118,3224,12355.000,3.832,2026-06-28 08:29:57.163683
55132,11,36.500,3.318,2026-06-28 08:29:57.163683
55154,30,93.000,3.100,2026-06-28 08:29:57.163683
55156,89,336.000,3.775,2026-06-28 08:29:57.163683
55159,53,185.000,3.491,2026-06-28 08:29:57.163683
55167,243,935.500,3.850,2026-06-28 08:29:57.163683
55176,282,1096.500,3.888,2026-06-28 08:29:57.163683
55178,28,88.500,3.161,2026-06-28 08:29:57.163683
55190,62,205.000,3.306,2026-06-28 08:29:57.163683
55199,13,39.000,3.000,2026-06-28 08:29:57.163683
55205,165,540.500,3.276,2026-06-28 08:29:57.163683
55207,44,157.000,3.568,2026-06-28 08:29:57.163683
55209,22,59.000,2.682,2026-06-28 08:29:57.163683
55223,25,82.500,3.300,2026-06-28 08:29:57.163683
55226,16,49.500,3.094,2026-06-28 08:29:57.163683
55232,1351,4282.000,3.170,2026-06-28 08:29:57.163683
55241,317,809.000,2.552,2026-06-28 08:29:57.163683
55245,560,1577.500,2.817,2026-06-28 08:29:57.163683
55247,4945,19609.500,3.966,2026-06-28 08:29:57.163683
55250,222,690.500,3.110,2026-06-28 08:29:57.163683
55253,574,2160.000,3.763,2026-06-28 08:29:57.163683
55255,141,442.500,3.138,2026-06-28 08:29:57.163683
55257,118,305.500,2.589,2026-06-28 08:29:57.163683
55259,153,429.000,2.804,2026-06-28 08:29:57.163683
55261,402,1117.500,2.780,2026-06-28 08:29:57.163683
55267,1360,4687.500,3.447,2026-06-28 08:29:57.163683
55269,2956,11046.500,3.737,2026-06-28 08:29:57.163683
55272,476,1546.500,3.249,2026-06-28 08:29:57.163683
55274,607,2088.000,3.440,2026-06-28 08:29:57.163683
55276,2934,11021.500,3.756,2026-06-28 08:29:57.163683
55278,157,509.500,3.245,2026-06-28 08:29:57.163683
55280,1972,7403.500,3.754,2026-06-28 08:29:57.163683
55282,1404,4304.000,3.066,2026-06-28 08:29:57.163683
55284,355,1206.500,3.399,2026-06-28 08:29:57.163683
55286,268,944.500,3.524,2026-06-28 08:29:57.163683
55288,172,567.000,3.297,2026-06-28 08:29:57.163683
55290,2817,10772.500,3.824,2026-06-28 08:29:57.163683
55292,80,168.500,2.106,2026-06-28 08:29:57.163683
55294,12,37.500,3.125,2026-06-28 08:29:57.163683
55298,13,35.000,2.692,2026-06-28 08:29:57.163683
55324,14,31.500,2.250,2026-06-28 08:29:57.163683
55329,28,69.000,2.464,2026-06-28 08:29:57.163683
55343,12,34.000,2.833,2026-06-28 08:29:57.163683
55360,27,88.000,3.259,2026-06-28 08:29:57.163683
55363,1725,6281.500,3.641,2026-06-28 08:29:57.163683
55369,18,60.500,3.361,2026-06-28 08:29:57.163683
55389,10,36.000,3.600,2026-06-28 08:29:57.163683
55391,88,263.500,2.994,2026-06-28 08:29:57.163683
55402,54,182.500,3.380,2026-06-28 08:29:57.163683
55406,10,25.000,2.500,2026-06-28 08:29:57.163683
55408,5,13.000,2.600,2026-06-28 08:29:57.163683
55417,69,243.000,3.522,2026-06-28 08:29:57.163683
55419,56,178.500,3.188,2026-06-28 08:29:57.163683
55440,29,96.500,3.328,2026-06-28 08:29:57.163683
55442,2249,8933.000,3.972,2026-06-28 08:29:57.163683
55444,928,3563.000,3.839,2026-06-28 08:29:57.163683
55451,354,1205.000,3.404,2026-06-28 08:29:57.163683
55462,10,25.000,2.500,2026-06-28 08:29:57.163683
55467,11,39.000,3.545,2026-06-28 08:29:57.163683
55469,8,26.500,3.313,2026-06-28 08:29:57.163683
55487,9,28.000,3.111,2026-06-28 08:29:57.163683
55489,10,37.000,3.700,2026-06-28 08:29:57.163683
55492,43,126.000,2.930,2026-06-28 08:29:57.163683
55498,78,227.500,2.917,2026-06-28 08:29:57.163683
55507,19,69.500,3.658,2026-06-28 08:29:57.163683
55517,47,144.500,3.074,2026-06-28 08:29:57.163683
55549,13,32.500,2.500,2026-06-28 08:29:57.163683
55553,384,1180.000,3.073,2026-06-28 08:29:57.163683
55555,342,1338.500,3.914,2026-06-28 08:29:57.163683
55566,74,205.000,2.770,2026-06-28 08:29:57.163683
55577,987,2793.500,2.830,2026-06-28 08:29:57.163683
55603,59,172.500,2.924,2026-06-28 08:29:57.163683
55620,113,410.500,3.633,2026-06-28 08:29:57.163683
55652,64,235.500,3.680,2026-06-28 08:29:57.163683
55659,5,15.000,3.000,2026-06-28 08:29:57.163683
55668,14,36.000,2.571,2026-06-28 08:29:57.163683
55671,11,40.000,3.636,2026-06-28 08:29:57.163683
55684,12,44.000,3.667,2026-06-28 08:29:57.163683
55687,206,743.500,3.609,2026-06-28 08:29:57.163683
55691,6,21.000,3.500,2026-06-28 08:29:57.163683
55705,24,81.500,3.396,2026-06-28 08:29:57.163683
55713,15,57.000,3.800,2026-06-28 08:29:57.163683
55721,898,3565.500,3.970,2026-06-28 08:29:57.163683
55726,56,201.500,3.598,2026-06-28 08:29:57.163683
55729,225,742.000,3.298,2026-06-28 08:29:57.163683
55732,278,977.000,3.514,2026-06-28 08:29:57.163683
55737,6,15.500,2.583,2026-06-28 08:29:57.163683
55757,7,22.500,3.214,2026-06-28 08:29:57.163683
55765,5055,19337.500,3.825,2026-06-28 08:29:57.163683
55768,915,2755.000,3.011,2026-06-28 08:29:57.163683
55782,6,19.500,3.250,2026-06-28 08:29:57.163683
55805,1177,4171.500,3.544,2026-06-28 08:29:57.163683
55814,1540,6058.500,3.934,2026-06-28 08:29:57.163683
55820,10248,40934.500,3.994,2026-06-28 08:29:57.163683
55826,6,19.000,3.167,2026-06-28 08:29:57.163683
55830,1511,4881.500,3.231,2026-06-28 08:29:57.163683
55844,54,168.500,3.120,2026-06-28 08:29:57.163683
55851,55,189.000,3.436,2026-06-28 08:29:57.163683
55854,45,159.500,3.544,2026-06-28 08:29:57.163683
55856,20,67.500,3.375,2026-06-28 08:29:57.163683
55872,800,2886.000,3.608,2026-06-28 08:29:57.163683
55895,106,398.000,3.755,2026-06-28 08:29:57.163683
55901,172,635.500,3.695,2026-06-28 08:29:57.163683
55908,1751,6889.000,3.934,2026-06-28 08:29:57.163683
55926,34,114.500,3.368,2026-06-28 08:29:57.163683
55946,309,923.000,2.987,2026-06-28 08:29:57.163683
55955,234,636.500,2.720,2026-06-28 08:29:57.163683
55995,1532,4675.500,3.052,2026-06-28 08:29:57.163683
55999,472,1545.000,3.273,2026-06-28 08:29:57.163683
56001,147,435.000,2.959,2026-06-28 08:29:57.163683
56003,369,1007.500,2.730,2026-06-28 08:29:57.163683
56006,10,39.000,3.900,2026-06-28 08:29:57.163683
56012,181,661.500,3.655,2026-06-28 08:29:57.163683
56015,58,206.500,3.560,2026-06-28 08:29:57.163683
56022,13,47.000,3.615,2026-06-28 08:29:57.163683
56028,12,32.000,2.667,2026-06-28 08:29:57.163683
56030,13,40.500,3.115,2026-06-28 08:29:57.163683
56051,5,14.000,2.800,2026-06-28 08:29:57.163683
56060,90,321.500,3.572,2026-06-28 08:29:57.163683
56069,21,72.000,3.429,2026-06-28 08:29:57.163683
56079,133,414.000,3.113,2026-06-28 08:29:57.163683
56093,75,266.500,3.553,2026-06-28 08:29:57.163683
56095,53,191.000,3.604,2026-06-28 08:29:57.163683
56098,19,69.000,3.632,2026-06-28 08:29:57.163683
56141,72,267.000,3.708,2026-06-28 08:29:57.163683
56145,1665,5801.500,3.484,2026-06-28 08:29:57.163683
56152,2120,7619.000,3.594,2026-06-28 08:29:57.163683
56156,916,2812.500,3.070,2026-06-28 08:29:57.163683
56158,38,106.000,2.789,2026-06-28 08:29:57.163683
56165,112,286.000,2.554,2026-06-28 08:29:57.163683
56167,70,219.500,3.136,2026-06-28 08:29:57.163683
56169,332,1029.500,3.101,2026-06-28 08:29:57.163683
56171,1784,5675.500,3.181,2026-06-28 08:29:57.163683
56174,6467,22567.000,3.490,2026-06-28 08:29:57.163683
56176,612,1541.000,2.518,2026-06-28 08:29:57.163683
56251,1328,5004.500,3.768,2026-06-28 08:29:57.163683
56253,14,50.000,3.571,2026-06-28 08:29:57.163683
56274,270,813.500,3.013,2026-06-28 08:29:57.163683
56286,509,1758.500,3.455,2026-06-28 08:29:57.163683
56331,8,31.500,3.938,2026-06-28 08:29:57.163683
56333,705,2533.500,3.594,2026-06-28 08:29:57.163683
56336,100,232.500,2.325,2026-06-28 08:29:57.163683
56339,1669,6295.000,3.772,2026-06-28 08:29:57.163683
56350,39,143.500,3.679,2026-06-28 08:29:57.163683
56367,10668,41082.500,3.851,2026-06-28 08:29:57.163683
56370,48,178.500,3.719,2026-06-28 08:29:57.163683
56372,15,57.500,3.833,2026-06-28 08:29:57.163683
56379,108,378.000,3.500,2026-06-28 08:29:57.163683
56389,407,1365.000,3.354,2026-06-28 08:29:57.163683
56432,26,89.500,3.442,2026-06-28 08:29:57.163683
56456,5,9.500,1.900,2026-06-28 08:29:57.163683
56474,21,61.000,2.905,2026-06-28 08:29:57.163683
56479,59,203.500,3.449,2026-06-28 08:29:57.163683
56490,5,20.500,4.100,2026-06-28 08:29:57.163683
56508,109,385.000,3.532,2026-06-28 08:29:57.163683
56511,38,109.000,2.868,2026-06-28 08:29:57.163683
56515,15,46.000,3.067,2026-06-28 08:29:57.163683
56561,25,87.500,3.500,2026-06-28 08:29:57.163683
56563,281,1038.000,3.694,2026-06-28 08:29:57.163683
56570,5,15.500,3.100,2026-06-28 08:29:57.163683
56574,6,21.000,3.500,2026-06-28 08:29:57.163683
56580,9,34.000,3.778,2026-06-28 08:29:57.163683
56587,1716,6140.000,3.578,2026-06-28 08:29:57.163683
56602,5,17.500,3.500,2026-06-28 08:29:57.163683
56607,899,3430.500,3.816,2026-06-28 08:29:57.163683
56612,14,45.000,3.214,2026-06-28 08:29:57.163683
56614,12,38.500,3.208,2026-06-28 08:29:57.163683
56620,54,157.500,2.917,2026-06-28 08:29:57.163683
56626,28,95.000,3.393,2026-06-28 08:29:57.163683
56631,11,38.500,3.500,2026-06-28 08:29:57.163683
56633,97,302.500,3.119,2026-06-28 08:29:57.163683
56651,6,21.500,3.583,2026-06-28 08:29:57.163683
56671,92,328.500,3.571,2026-06-28 08:29:57.163683
56691,10,21.500,2.150,2026-06-28 08:29:57.163683
56693,15,48.000,3.200,2026-06-28 08:29:57.163683
56700,35,94.000,2.686,2026-06-28 08:29:57.163683
56715,1001,3876.500,3.873,2026-06-28 08:29:57.163683
56719,73,274.000,3.753,2026-06-28 08:29:57.163683
56744,69,258.500,3.746,2026-06-28 08:29:57.163683
56748,10,29.000,2.900,2026-06-28 08:29:57.163683
56757,3546,12713.000,3.585,2026-06-28 08:29:57.163683
56775,1909,6282.000,3.291,2026-06-28 08:29:57.163683
56779,10,39.000,3.900,2026-06-28 08:29:57.163683
56782,5233,20647.500,3.946,2026-06-28 08:29:57.163683
56786,22,82.500,3.750,2026-06-28 08:29:57.163683
56788,2074,7651.000,3.689,2026-06-28 08:29:57.163683
56797,10,29.500,2.950,2026-06-28 08:29:57.163683
56801,1135,2730.500,2.406,2026-06-28 08:29:57.163683
56805,736,2454.000,3.334,2026-06-28 08:29:57.163683
56835,6,4.500,0.750,2026-06-28 08:29:57.163683
56837,29,89.000,3.069,2026-06-28 08:29:57.163683
56846,78,263.000,3.372,2026-06-28 08:29:57.163683
56848,58,157.500,2.716,2026-06-28 08:29:57.163683
56885,500,1862.500,3.725,2026-06-28 08:29:57.163683
56908,151,539.500,3.573,2026-06-28 08:29:57.163683
56915,236,757.500,3.210,2026-06-28 08:29:57.163683
56921,951,3597.000,3.782,2026-06-28 08:29:57.163683
56931,14,48.000,3.429,2026-06-28 08:29:57.163683
56941,1125,3985.000,3.542,2026-06-28 08:29:57.163683
56945,73,220.500,3.021,2026-06-28 08:29:57.163683
56949,2108,6682.500,3.170,2026-06-28 08:29:57.163683
56995,11,38.000,3.455,2026-06-28 08:29:57.163683
57017,8,26.500,3.313,2026-06-28 08:29:57.163683
57027,11,34.000,3.091,2026-06-28 08:29:57.163683
57041,57,115.000,2.018,2026-06-28 08:29:57.163683
57044,10,35.500,3.550,2026-06-28 08:29:57.163683
57069,22,84.500,3.841,2026-06-28 08:29:57.163683
57147,333,1086.000,3.261,2026-06-28 08:29:57.163683
57179,13,36.000,2.769,2026-06-28 08:29:57.163683
57183,34,130.500,3.838,2026-06-28 08:29:57.163683
57209,6,21.000,3.500,2026-06-28 08:29:57.163683
57223,199,363.000,1.824,2026-06-28 08:29:57.163683
57236,8,25.500,3.188,2026-06-28 08:29:57.163683
57243,322,1222.500,3.797,2026-06-28 08:29:57.163683
57269,6,19.500,3.250,2026-06-28 08:29:57.163683
57274,1051,3950.000,3.758,2026-06-28 08:29:57.163683
57276,16,46.500,2.906,2026-06-28 08:29:57.163683
57326,241,497.000,2.062,2026-06-28 08:29:57.163683
57353,226,779.000,3.447,2026-06-28 08:29:57.163683
57357,9,29.000,3.222,2026-06-28 08:29:57.163683
57368,3403,11497.500,3.379,2026-06-28 08:29:57.163683
57370,137,383.000,2.796,2026-06-28 08:29:57.163683
57393,43,147.500,3.430,2026-06-28 08:29:57.163683
57401,240,747.000,3.113,2026-06-28 08:29:57.163683
57418,20,71.000,3.550,2026-06-28 08:29:57.163683
57421,68,193.000,2.838,2026-06-28 08:29:57.163683
57430,6,14.500,2.417,2026-06-28 08:29:57.163683
57432,14,38.500,2.750,2026-06-28 08:29:57.163683
57453,36,137.000,3.806,2026-06-28 08:29:57.163683
57464,263,931.500,3.542,2026-06-28 08:29:57.163683
57473,12,32.500,2.708,2026-06-28 08:29:57.163683
57476,38,123.500,3.250,2026-06-28 08:29:57.163683
57478,9,32.000,3.556,2026-06-28 08:29:57.163683
57480,10,38.000,3.800,2026-06-28 08:29:57.163683
57484,13,40.000,3.077,2026-06-28 08:29:57.163683
57499,15,48.000,3.200,2026-06-28 08:29:57.163683
57502,134,505.500,3.772,2026-06-28 08:29:57.163683
57504,784,3077.000,3.925,2026-06-28 08:29:57.163683
57509,28,74.500,2.661,2026-06-28 08:29:57.163683
57513,11,30.000,2.727,2026-06-28 08:29:57.163683
57520,170,388.500,2.285,2026-06-28 08:29:57.163683
57522,42,99.500,2.369,2026-06-28 08:29:57.163683
57526,329,995.500,3.026,2026-06-28 08:29:57.163683
57528,1311,4386.000,3.346,2026-06-28 08:29:57.163683
57530,17,47.000,2.765,2026-06-28 08:29:57.163683
57532,615,1001.000,1.628,2026-06-28 08:29:57.163683
57534,286,754.500,2.638,2026-06-28 08:29:57.163683
57536,163,413.500,2.537,2026-06-28 08:29:57.163683
57538,135,373.000,2.763,2026-06-28 08:29:57.163683
57543,56,209.000,3.732,2026-06-28 08:29:57.163683
57550,29,112.000,3.862,2026-06-28 08:29:57.163683
57637,117,360.500,3.081,2026-06-28 08:29:57.163683
57640,2268,7718.000,3.403,2026-06-28 08:29:57.163683
57655,47,157.000,3.340,2026-06-28 08:29:57.163683
57669,4916,19132.500,3.892,2026-06-28 08:29:57.163683
57690,21,70.000,3.333,2026-06-28 08:29:57.163683
57692,9,33.000,3.667,2026-06-28 08:29:57.163683
57695,20,67.500,3.375,2026-06-28 08:29:57.163683
57706,21,71.500,3.405,2026-06-28 08:29:57.163683
57754,14,42.500,3.036,2026-06-28 08:29:57.163683
57772,26,104.000,4.000,2026-06-28 08:29:57.163683
57776,16,50.500,3.156,2026-06-28 08:29:57.163683
57778,6,21.500,3.583,2026-06-28 08:29:57.163683
57792,124,448.000,3.613,2026-06-28 08:29:57.163683
57811,9,32.000,3.556,2026-06-28 08:29:57.163683
57843,18,57.500,3.194,2026-06-28 08:29:57.163683
57845,128,468.500,3.660,2026-06-28 08:29:57.163683
57848,12,40.000,3.333,2026-06-28 08:29:57.163683
57854,45,160.000,3.556,2026-06-28 08:29:57.163683
57865,33,90.000,2.727,2026-06-28 08:29:57.163683
57868,10,35.000,3.500,2026-06-28 08:29:57.163683
57873,38,104.000,2.737,2026-06-28 08:29:57.163683
57910,314,926.000,2.949,2026-06-28 08:29:57.163683
57942,13,37.500,2.885,2026-06-28 08:29:57.163683
57946,15,57.000,3.800,2026-06-28 08:29:57.163683
57949,60,151.500,2.525,2026-06-28 08:29:57.163683
57951,464,1399.000,3.015,2026-06-28 08:29:57.163683
57960,8,26.500,3.313,2026-06-28 08:29:57.163683
57964,21,63.500,3.024,2026-06-28 08:29:57.163683
57970,13,47.000,3.615,2026-06-28 08:29:57.163683
57972,88,318.500,3.619,2026-06-28 08:29:57.163683
57980,121,450.500,3.723,2026-06-28 08:29:57.163683
57991,17,58.000,3.412,2026-06-28 08:29:57.163683
57996,5,16.000,3.200,2026-06-28 08:29:57.163683
58003,7,24.500,3.500,2026-06-28 08:29:57.163683
58007,9,30.500,3.389,2026-06-28 08:29:57.163683
58025,1998,5955.500,2.981,2026-06-28 08:29:57.163683
58029,28,91.000,3.250,2026-06-28 08:29:57.163683
58047,1289,4625.500,3.588,2026-06-28 08:29:57.163683
58059,14,49.000,3.500,2026-06-28 08:29:57.163683
58078,248,825.500,3.329,2026-06-28 08:29:57.163683
58084,25,86.000,3.440,2026-06-28 08:29:57.163683
58094,10,32.500,3.250,2026-06-28 08:29:57.163683
58103,1073,3539.000,3.298,2026-06-28 08:29:57.163683
58105,683,2275.000,3.331,2026-06-28 08:29:57.163683
58107,410,1266.000,3.088,2026-06-28 08:29:57.163683
58111,32,112.000,3.500,2026-06-28 08:29:57.163683
58123,20,72.500,3.625,2026-06-28 08:29:57.163683
58146,74,117.500,1.588,2026-06-28 08:29:57.163683
58154,752,2540.000,3.378,2026-06-28 08:29:57.163683
58156,597,1713.000,2.869,2026-06-28 08:29:57.163683
58162,699,2332.500,3.337,2026-06-28 08:29:57.163683
58185,22,80.000,3.636,2026-06-28 08:29:57.163683
58191,250,946.500,3.786,2026-06-28 08:29:57.163683
58223,73,261.000,3.575,2026-06-28 08:29:57.163683
58246,129,419.000,3.248,2026-06-28 08:29:57.163683
58250,7,17.500,2.500,2026-06-28 08:29:57.163683
58274,6,18.000,3.000,2026-06-28 08:29:57.163683
58287,69,203.000,2.942,2026-06-28 08:29:57.163683
58291,109,225.500,2.069,2026-06-28 08:29:57.163683
58293,1863,4683.000,2.514,2026-06-28 08:29:57.163683
58295,1923,6973.500,3.626,2026-06-28 08:29:57.163683
58297,526,1534.000,2.916,2026-06-28 08:29:57.163683
58299,1018,3506.000,3.444,2026-06-28 08:29:57.163683
58301,437,1414.500,3.237,2026-06-28 08:29:57.163683
58303,1055,4177.500,3.960,2026-06-28 08:29:57.163683
58306,516,1892.000,3.667,2026-06-28 08:29:57.163683
58309,31,112.500,3.629,2026-06-28 08:29:57.163683
58315,410,916.000,2.234,2026-06-28 08:29:57.163683
58324,34,87.500,2.574,2026-06-28 08:29:57.163683
58332,292,882.500,3.022,2026-06-28 08:29:57.163683
58334,131,461.000,3.519,2026-06-28 08:29:57.163683
58347,569,2050.500,3.604,2026-06-28 08:29:57.163683
58351,292,1079.000,3.695,2026-06-28 08:29:57.163683
58365,37,126.500,3.419,2026-06-28 08:29:57.163683
58367,37,113.500,3.068,2026-06-28 08:29:57.163683
58373,5,14.000,2.800,2026-06-28 08:29:57.163683
58376,400,1440.000,3.600,2026-06-28 08:29:57.163683
58379,44,155.500,3.534,2026-06-28 08:29:57.163683
58381,39,131.500,3.372,2026-06-28 08:29:57.163683
58404,47,162.000,3.447,2026-06-28 08:29:57.163683
58411,11,24.000,2.182,2026-06-28 08:29:57.163683
58418,109,315.000,2.890,2026-06-28 08:29:57.163683
58422,12,45.000,3.750,2026-06-28 08:29:57.163683
58425,214,864.000,4.037,2026-06-28 08:29:57.163683
58432,141,374.500,2.656,2026-06-28 08:29:57.163683
58434,17,50.000,2.941,2026-06-28 08:29:57.163683
58437,6,18.000,3.000,2026-06-28 08:29:57.163683
58439,40,130.000,3.250,2026-06-28 08:29:57.163683
58485,71,182.000,2.563,2026-06-28 08:29:57.163683
58490,441,1593.500,3.613,2026-06-28 08:29:57.163683
58492,162,562.000,3.469,2026-06-28 08:29:57.163683
58494,86,264.000,3.070,2026-06-28 08:29:57.163683
58520,25,86.500,3.460,2026-06-28 08:29:57.163683
58554,79,302.000,3.823,2026-06-28 08:29:57.163683
58559,20438,86251.000,4.220,2026-06-28 08:29:57.163683
58576,29,84.000,2.897,2026-06-28 08:29:57.163683
58578,5,21.500,4.300,2026-06-28 08:29:57.163683
58595,23,76.500,3.326,2026-06-28 08:29:57.163683
58610,14,46.000,3.286,2026-06-28 08:29:57.163683
58617,7,8.000,1.143,2026-06-28 08:29:57.163683
58622,134,476.000,3.552,2026-06-28 08:29:57.163683
58627,238,792.000,3.328,2026-06-28 08:29:57.163683
58632,18,63.500,3.528,2026-06-28 08:29:57.163683
58649,18,66.500,3.694,2026-06-28 08:29:57.163683
58652,104,333.000,3.202,2026-06-28 08:29:57.163683
58655,312,868.500,2.784,2026-06-28 08:29:57.163683
58706,105,389.500,3.710,2026-06-28 08:29:57.163683
58709,35,121.500,3.471,2026-06-28 08:29:57.163683
58718,7,18.000,2.571,2026-06-28 08:29:57.163683
58740,15,50.000,3.333,2026-06-28 08:29:57.163683
58743,42,125.000,2.976,2026-06-28 08:29:57.163683
58783,74,222.500,3.007,2026-06-28 08:29:57.163683
58803,2157,7499.000,3.477,2026-06-28 08:29:57.163683
58806,336,1040.500,3.097,2026-06-28 08:29:57.163683
58808,28,105.000,3.750,2026-06-28 08:29:57.163683
58812,5,18.000,3.600,2026-06-28 08:29:57.163683
58816,14,47.000,3.357,2026-06-28 08:29:57.163683
58826,5,14.500,2.900,2026-06-28 08:29:57.163683
58839,299,881.500,2.948,2026-06-28 08:29:57.163683
58847,7,19.500,2.786,2026-06-28 08:29:57.163683
58850,36,103.500,2.875,2026-06-28 08:29:57.163683
58870,32,101.000,3.156,2026-06-28 08:29:57.163683
58874,14,53.000,3.786,2026-06-28 08:29:57.163683
58876,163,527.500,3.236,2026-06-28 08:29:57.163683
58879,155,527.500,3.403,2026-06-28 08:29:57.163683
58881,20,57.000,2.850,2026-06-28 08:29:57.163683
58889,35,122.500,3.500,2026-06-28 08:29:57.163683
58895,10,33.000,3.300,2026-06-28 08:29:57.163683
58898,27,85.500,3.167,2026-06-28 08:29:57.163683
58904,12,41.500,3.458,2026-06-28 08:29:57.163683
58920,5,14.000,2.800,2026-06-28 08:29:57.163683
58922,5,18.500,3.700,2026-06-28 08:29:57.163683
58933,18,49.000,2.722,2026-06-28 08:29:57.163683
58937,64,219.000,3.422,2026-06-28 08:29:57.163683
58939,9,34.500,3.833,2026-06-28 08:29:57.163683
58941,5,16.000,3.200,2026-06-28 08:29:57.163683
58945,11,35.500,3.227,2026-06-28 08:29:57.163683
58964,136,458.000,3.368,2026-06-28 08:29:57.163683
58972,200,618.000,3.090,2026-06-28 08:29:57.163683
58975,324,896.000,2.765,2026-06-28 08:29:57.163683
58992,68,246.500,3.625,2026-06-28 08:29:57.163683
58998,3630,13380.000,3.686,2026-06-28 08:29:57.163683
59000,64,199.000,3.109,2026-06-28 08:29:57.163683
59014,393,896.500,2.281,2026-06-28 08:29:57.163683
59016,454,1495.000,3.293,2026-06-28 08:29:57.163683
59018,896,3489.000,3.894,2026-06-28 08:29:57.163683
59022,982,3136.000,3.193,2026-06-28 08:29:57.163683
59026,200,731.000,3.655,2026-06-28 08:29:57.163683
59031,7,23.500,3.357,2026-06-28 08:29:57.163683
59037,501,1557.500,3.109,2026-06-28 08:29:57.163683
59040,57,177.500,3.114,2026-06-28 08:29:57.163683
59044,7,21.500,3.071,2026-06-28 08:29:57.163683
59053,19,57.500,3.026,2026-06-28 08:29:57.163683
59065,54,148.500,2.750,2026-06-28 08:29:57.163683
59103,727,2401.000,3.303,2026-06-28 08:29:57.163683
59105,93,280.000,3.011,2026-06-28 08:29:57.163683
59107,81,264.500,3.265,2026-06-28 08:29:57.163683
59112,7,23.000,3.286,2026-06-28 08:29:57.163683
59118,538,1862.500,3.462,2026-06-28 08:29:57.163683
59126,952,3472.000,3.647,2026-06-28 08:29:57.163683
59129,67,198.000,2.955,2026-06-28 08:29:57.163683
59131,18,33.000,1.833,2026-06-28 08:29:57.163683
59138,9,24.000,2.667,2026-06-28 08:29:57.163683
59141,483,1755.500,3.635,2026-06-28 08:29:57.163683
59143,279,959.500,3.439,2026-06-28 08:29:57.163683
59154,11,33.000,3.000,2026-06-28 08:29:57.163683
59157,12,35.500,2.958,2026-06-28 08:29:57.163683
59159,20,57.500,2.875,2026-06-28 08:29:57.163683
59173,30,89.000,2.967,2026-06-28 08:29:57.163683
59178,17,50.500,2.971,2026-06-28 08:29:57.163683
59180,17,49.000,2.882,2026-06-28 08:29:57.163683
59182,9,29.000,3.222,2026-06-28 08:29:57.163683
59184,13,40.000,3.077,2026-06-28 08:29:57.163683
59188,72,249.000,3.458,2026-06-28 08:29:57.163683
59216,7,24.000,3.429,2026-06-28 08:29:57.163683
59220,226,791.000,3.500,2026-06-28 08:29:57.163683
59256,194,593.500,3.059,2026-06-28 08:29:57.163683
59258,607,1897.000,3.125,2026-06-28 08:29:57.163683
59260,40,136.500,3.413,2026-06-28 08:29:57.163683
59273,56,177.500,3.170,2026-06-28 08:29:57.163683
59290,28,69.000,2.464,2026-06-28 08:29:57.163683
59295,127,271.000,2.134,2026-06-28 08:29:57.163683
59302,7,26.000,3.714,2026-06-28 08:29:57.163683
59306,173,344.500,1.991,2026-06-28 08:29:57.163683
59313,16,57.500,3.594,2026-06-28 08:29:57.163683
59315,11944,46737.500,3.913,2026-06-28 08:29:57.163683
59333,440,1343.000,3.052,2026-06-28 08:29:57.163683
59336,315,1086.500,3.449,2026-06-28 08:29:57.163683
59339,70,231.500,3.307,2026-06-28 08:29:57.163683
59362,72,216.000,3.000,2026-06-28 08:29:57.163683
59369,4923,18930.500,3.845,2026-06-28 08:29:57.163683
59376,23,62.000,2.696,2026-06-28 08:29:57.163683
59382,63,196.500,3.119,2026-06-28 08:29:57.163683
59387,1731,6850.500,3.958,2026-06-28 08:29:57.163683
59392,377,1383.500,3.670,2026-06-28 08:29:57.163683
59399,25,77.500,3.100,2026-06-28 08:29:57.163683
59404,128,404.000,3.156,2026-06-28 08:29:57.163683
59418,193,711.500,3.687,2026-06-28 08:29:57.163683
59421,707,2230.500,3.155,2026-06-28 08:29:57.163683
59429,294,755.000,2.568,2026-06-28 08:29:57.163683
59435,19,63.000,3.316,2026-06-28 08:29:57.163683
59440,131,456.500,3.485,2026-06-28 08:29:57.163683
59463,6,18.500,3.083,2026-06-28 08:29:57.163683
59478,9,25.500,2.833,2026-06-28 08:29:57.163683
59485,42,145.500,3.464,2026-06-28 08:29:57.163683
59501,1551,5155.500,3.324,2026-06-28 08:29:57.163683
59519,111,396.500,3.572,2026-06-28 08:29:57.163683
59527,17,59.500,3.500,2026-06-28 08:29:57.163683
59547,14,51.500,3.679,2026-06-28 08:29:57.163683
59549,102,382.500,3.750,2026-06-28 08:29:57.163683
59590,186,696.000,3.742,2026-06-28 08:29:57.163683
59594,229,660.000,2.882,2026-06-28 08:29:57.163683
59602,30,93.500,3.117,2026-06-28 08:29:57.163683
59604,178,592.000,3.326,2026-06-28 08:29:57.163683
59607,91,317.500,3.489,2026-06-28 08:29:57.163683
59615,4306,12682.500,2.945,2026-06-28 08:29:57.163683
59621,26,85.000,3.269,2026-06-28 08:29:57.163683
59625,9,27.000,3.000,2026-06-28 08:29:57.163683
59641,9,30.500,3.389,2026-06-28 08:29:57.163683
59655,15,43.000,2.867,2026-06-28 08:29:57.163683
59665,6,20.000,3.333,2026-06-28 08:29:57.163683
59669,8,24.500,3.063,2026-06-28 08:29:57.163683
59680,15,53.000,3.533,2026-06-28 08:29:57.163683
59684,106,404.000,3.811,2026-06-28 08:29:57.163683
59705,14,49.500,3.536,2026-06-28 08:29:57.163683
59709,170,529.500,3.115,2026-06-28 08:29:57.163683
59715,122,317.500,2.602,2026-06-28 08:29:57.163683
59721,74,225.000,3.041,2026-06-28 08:29:57.163683
59725,1152,3360.500,2.917,2026-06-28 08:29:57.163683
59727,484,1464.500,3.026,2026-06-28 08:29:57.163683
59729,60,169.000,2.817,2026-06-28 08:29:57.163683
59731,367,1371.500,3.737,2026-06-28 08:29:57.163683
59738,123,349.000,2.837,2026-06-28 08:29:57.163683
59753,13,49.000,3.769,2026-06-28 08:29:57.163683
59784,4468,16589.000,3.713,2026-06-28 08:29:57.163683
59795,30,94.000,3.133,2026-06-28 08:29:57.163683
59801,6,21.000,3.500,2026-06-28 08:29:57.163683
59810,295,1075.500,3.646,2026-06-28 08:29:57.163683
59814,34,107.500,3.162,2026-06-28 08:29:57.163683
59816,21,72.500,3.452,2026-06-28 08:29:57.163683
59832,48,172.500,3.594,2026-06-28 08:29:57.163683
59834,50,138.500,2.770,2026-06-28 08:29:57.163683
59838,13,38.500,2.962,2026-06-28 08:29:57.163683
59842,12,33.000,2.750,2026-06-28 08:29:57.163683
59846,36,114.000,3.167,2026-06-28 08:29:57.163683
59850,6,19.500,3.250,2026-06-28 08:29:57.163683
59854,9,25.500,2.833,2026-06-28 08:29:57.163683
59869,15,46.000,3.067,2026-06-28 08:29:57.163683
59893,7,22.000,3.143,2026-06-28 08:29:57.163683
59900,1178,3216.500,2.730,2026-06-28 08:29:57.163683
59908,142,400.500,2.820,2026-06-28 08:29:57.163683
59910,61,190.000,3.115,2026-06-28 08:29:57.163683
59912,41,139.000,3.390,2026-06-28 08:29:57.163683
59915,100,304.000,3.040,2026-06-28 08:29:57.163683
59935,48,129.500,2.698,2026-06-28 08:29:57.163683
59938,19,58.500,3.079,2026-06-28 08:29:57.163683
59942,5,10.500,2.100,2026-06-28 08:29:57.163683
59945,31,103.500,3.339,2026-06-28 08:29:57.163683
59947,7,24.000,3.429,2026-06-28 08:29:57.163683
59954,5,15.000,3.000,2026-06-28 08:29:57.163683
59960,16,48.500,3.031,2026-06-28 08:29:57.163683
59976,46,169.000,3.674,2026-06-28 08:29:57.163683
59985,293,1030.000,3.515,2026-06-28 08:29:57.163683
59995,513,1939.500,3.781,2026-06-28 08:29:57.163683
60007,82,291.500,3.555,2026-06-28 08:29:57.163683
60014,8,26.000,3.250,2026-06-28 08:29:57.163683
60020,65,215.500,3.315,2026-06-28 08:29:57.163683
60030,19,62.000,3.263,2026-06-28 08:29:57.163683
60032,25,66.000,2.640,2026-06-28 08:29:57.163683
60037,1212,3020.000,2.492,2026-06-28 08:29:57.163683
60040,2711,9085.500,3.351,2026-06-28 08:29:57.163683
60044,52,156.500,3.010,2026-06-28 08:29:57.163683
60046,58,208.000,3.586,2026-06-28 08:29:57.163683
60059,5,18.000,3.600,2026-06-28 08:29:57.163683
60069,12176,49178.000,4.039,2026-06-28 08:29:57.163683
60072,2482,8143.500,3.281,2026-06-28 08:29:57.163683
60074,3178,10234.000,3.220,2026-06-28 08:29:57.163683
60096,13,46.000,3.538,2026-06-28 08:29:57.163683
60103,37,134.000,3.622,2026-06-28 08:29:57.163683
60106,11,25.000,2.273,2026-06-28 08:29:57.163683
60110,16,49.000,3.063,2026-06-28 08:29:57.163683
60124,10,34.000,3.400,2026-06-28 08:29:57.163683
60126,1635,5336.500,3.264,2026-06-28 08:29:57.163683
60128,143,480.000,3.357,2026-06-28 08:29:57.163683
60133,50,157.000,3.140,2026-06-28 08:29:57.163683
60135,36,127.000,3.528,2026-06-28 08:29:57.163683
60137,60,221.000,3.683,2026-06-28 08:29:57.163683
60141,133,409.500,3.079,2026-06-28 08:29:57.163683
60147,29,98.500,3.397,2026-06-28 08:29:57.163683
60150,8,26.500,3.313,2026-06-28 08:29:57.163683
60161,1011,3699.000,3.659,2026-06-28 08:29:57.163683
60179,17,48.000,2.824,2026-06-28 08:29:57.163683
60183,5,18.000,3.600,2026-06-28 08:29:57.163683
60189,18,44.000,2.444,2026-06-28 08:29:57.163683
60193,10,31.500,3.150,2026-06-28 08:29:57.163683
60198,6,22.500,3.750,2026-06-28 08:29:57.163683
60201,48,179.000,3.729,2026-06-28 08:29:57.163683
60213,18,66.000,3.667,2026-06-28 08:29:57.163683
60223,5,18.500,3.700,2026-06-28 08:29:57.163683
60225,7,24.500,3.500,2026-06-28 08:29:57.163683
60227,7,26.500,3.786,2026-06-28 08:29:57.163683
60229,5,16.000,3.200,2026-06-28 08:29:57.163683
60243,10,31.000,3.100,2026-06-28 08:29:57.163683
60259,19,59.000,3.105,2026-06-28 08:29:57.163683
60284,7,20.500,2.929,2026-06-28 08:29:57.163683
60286,23,62.000,2.696,2026-06-28 08:29:57.163683
60289,78,258.000,3.308,2026-06-28 08:29:57.163683
60291,333,1277.500,3.836,2026-06-28 08:29:57.163683
60293,432,1544.500,3.575,2026-06-28 08:29:57.163683
60295,104,396.500,3.813,2026-06-28 08:29:57.163683
60303,27,92.000,3.407,2026-06-28 08:29:57.163683
60309,8,31.000,3.875,2026-06-28 08:29:57.163683
60311,34,119.000,3.500,2026-06-28 08:29:57.163683
60314,11,35.500,3.227,2026-06-28 08:29:57.163683
60316,8,24.000,3.000,2026-06-28 08:29:57.163683
60322,30,94.000,3.133,2026-06-28 08:29:57.163683
60333,376,1456.500,3.874,2026-06-28 08:29:57.163683
60336,24,90.000,3.750,2026-06-28 08:29:57.163683
60338,43,119.000,2.767,2026-06-28 08:29:57.163683
60341,93,342.000,3.677,2026-06-28 08:29:57.163683
60343,13,41.000,3.154,2026-06-28 08:29:57.163683
60353,9,23.500,2.611,2026-06-28 08:29:57.163683
60363,174,373.500,2.147,2026-06-28 08:29:57.163683
60365,57,192.500,3.377,2026-06-28 08:29:57.163683
60376,6,21.000,3.500,2026-06-28 08:29:57.163683
60382,177,625.500,3.534,2026-06-28 08:29:57.163683
60384,30,106.000,3.533,2026-06-28 08:29:57.163683
60389,50,171.000,3.420,2026-06-28 08:29:57.163683
60391,13,36.500,2.808,2026-06-28 08:29:57.163683
60393,11,41.000,3.727,2026-06-28 08:29:57.163683
60397,1163,3666.000,3.152,2026-06-28 08:29:57.163683
60405,52,157.000,3.019,2026-06-28 08:29:57.163683
60408,190,712.500,3.750,2026-06-28 08:29:57.163683
60411,27,94.000,3.481,2026-06-28 08:29:57.163683
60418,94,315.500,3.356,2026-06-28 08:29:57.163683
60421,7,23.000,3.286,2026-06-28 08:29:57.163683
60436,14,44.000,3.143,2026-06-28 08:29:57.163683
60450,13,43.000,3.308,2026-06-28 08:29:57.163683
60461,39,137.000,3.513,2026-06-28 08:29:57.163683
60463,43,89.000,2.070,2026-06-28 08:29:57.163683
60469,12,47.500,3.958,2026-06-28 08:29:57.163683
60471,93,276.500,2.973,2026-06-28 08:29:57.163683
60475,10,38.000,3.800,2026-06-28 08:29:57.163683
60479,24,60.000,2.500,2026-06-28 08:29:57.163683
60482,104,343.500,3.303,2026-06-28 08:29:57.163683
60484,12,39.000,3.250,2026-06-28 08:29:57.163683
60487,712,2632.500,3.697,2026-06-28 08:29:57.163683
60503,111,393.500,3.545,2026-06-28 08:29:57.163683
60508,5,12.500,2.500,2026-06-28 08:29:57.163683
60514,626,1791.000,2.861,2026-06-28 08:29:57.163683
60516,232,581.500,2.506,2026-06-28 08:29:57.163683
60522,103,291.500,2.830,2026-06-28 08:29:57.163683
60524,24,73.500,3.063,2026-06-28 08:29:57.163683
60526,46,150.500,3.272,2026-06-28 08:29:57.163683
60530,73,254.500,3.486,2026-06-28 08:29:57.163683
60538,56,149.500,2.670,2026-06-28 08:29:57.163683
60544,12,42.500,3.542,2026-06-28 08:29:57.163683
60546,13,46.500,3.577,2026-06-28 08:29:57.163683
60551,41,147.000,3.585,2026-06-28 08:29:57.163683
60566,77,283.500,3.682,2026-06-28 08:29:57.163683
60568,5,15.500,3.100,2026-06-28 08:29:57.163683
60579,41,133.000,3.244,2026-06-28 08:29:57.163683
60585,11,38.000,3.455,2026-06-28 08:29:57.163683
60590,16,44.500,2.781,2026-06-28 08:29:57.163683
60599,34,105.000,3.088,2026-06-28 08:29:57.163683
60609,231,833.000,3.606,2026-06-28 08:29:57.163683
60618,14,38.000,2.714,2026-06-28 08:29:57.163683
60625,22,82.000,3.727,2026-06-28 08:29:57.163683
60641,14,51.000,3.643,2026-06-28 08:29:57.163683
60647,410,1370.000,3.341,2026-06-28 08:29:57.163683
60649,98,218.000,2.224,2026-06-28 08:29:57.163683
60654,37,114.500,3.095,2026-06-28 08:29:57.163683
60666,16,50.000,3.125,2026-06-28 08:29:57.163683
60674,396,1451.000,3.664,2026-06-28 08:29:57.163683
60684,5466,20363.000,3.725,2026-06-28 08:29:57.163683
60686,7,24.000,3.429,2026-06-28 08:29:57.163683
60688,24,62.500,2.604,2026-06-28 08:29:57.163683
60702,11,26.000,2.364,2026-06-28 08:29:57.163683
60707,21,58.000,2.762,2026-06-28 08:29:57.163683
60728,10,32.000,3.200,2026-06-28 08:29:57.163683
60735,84,292.500,3.482,2026-06-28 08:29:57.163683
60737,22,69.500,3.159,2026-06-28 08:29:57.163683
60743,6,21.000,3.500,2026-06-28 08:29:57.163683
60745,30,105.500,3.517,2026-06-28 08:29:57.163683
60753,572,2152.500,3.763,2026-06-28 08:29:57.163683
60756,1467,4966.000,3.385,2026-06-28 08:29:57.163683
60758,150,516.500,3.443,2026-06-28 08:29:57.163683
60760,720,2084.000,2.894,2026-06-28 08:29:57.163683
60763,131,442.000,3.374,2026-06-28 08:29:57.163683
60766,1257,4879.500,3.882,2026-06-28 08:29:57.163683
60768,12,33.000,2.750,2026-06-28 08:29:57.163683
60803,39,128.500,3.295,2026-06-28 08:29:57.163683
60806,36,103.500,2.875,2026-06-28 08:29:57.163683
60816,210,778.500,3.707,2026-06-28 08:29:57.163683
60818,171,619.500,3.623,2026-06-28 08:29:57.163683
60825,15,38.000,2.533,2026-06-28 08:29:57.163683
60827,10,31.000,3.100,2026-06-28 08:29:57.163683
60832,161,464.000,2.882,2026-06-28 08:29:57.163683
60857,59,193.000,3.271,2026-06-28 08:29:57.163683
60885,22,73.500,3.341,2026-06-28 08:29:57.163683
60887,7,26.000,3.714,2026-06-28 08:29:57.163683
60894,70,228.500,3.264,2026-06-28 08:29:57.163683
60904,122,494.500,4.053,2026-06-28 08:29:57.163683
60914,5,11.500,2.300,2026-06-28 08:29:57.163683
60937,730,1902.500,2.606,2026-06-28 08:29:57.163683
60939,168,499.500,2.973,2026-06-28 08:29:57.163683
60941,219,653.000,2.982,2026-06-28 08:29:57.163683
60943,430,1593.000,3.705,2026-06-28 08:29:57.163683
60946,20,63.500,3.175,2026-06-28 08:29:57.163683
60948,175,579.500,3.311,2026-06-28 08:29:57.163683
60950,1850,6793.500,3.672,2026-06-28 08:29:57.163683
60979,404,1471.000,3.641,2026-06-28 08:29:57.163683
60981,12,36.000,3.000,2026-06-28 08:29:57.163683
60983,5,17.500,3.500,2026-06-28 08:29:57.163683
60990,37,136.000,3.676,2026-06-28 08:29:57.163683
60992,33,120.500,3.652,2026-06-28 08:29:57.163683
61004,9,27.000,3.000,2026-06-28 08:29:57.163683
61009,31,108.000,3.484,2026-06-28 08:29:57.163683
61011,25,68.500,2.740,2026-06-28 08:29:57.163683
61013,11,39.500,3.591,2026-06-28 08:29:57.163683
61018,18,62.000,3.444,2026-06-28 08:29:57.163683
61024,2571,9101.500,3.540,2026-06-28 08:29:57.163683
61026,308,1115.000,3.620,2026-06-28 08:29:57.163683
61031,5,17.000,3.400,2026-06-28 08:29:57.163683
61035,19,52.500,2.763,2026-06-28 08:29:57.163683
61037,47,167.000,3.553,2026-06-28 08:29:57.163683
61048,10,27.500,2.750,2026-06-28 08:29:57.163683
61071,264,808.000,3.061,2026-06-28 08:29:57.163683
61073,103,275.000,2.670,2026-06-28 08:29:57.163683
61075,271,946.500,3.493,2026-06-28 08:29:57.163683
61091,12,45.000,3.750,2026-06-28 08:29:57.163683
61100,31,107.500,3.468,2026-06-28 08:29:57.163683
61108,15,48.000,3.200,2026-06-28 08:29:57.163683
61110,8,23.000,2.875,2026-06-28 08:29:57.163683
61116,11,32.500,2.955,2026-06-28 08:29:57.163683
61123,337,791.000,2.347,2026-06-28 08:29:57.163683
61132,3320,11342.500,3.416,2026-06-28 08:29:57.163683
61136,22,68.500,3.114,2026-06-28 08:29:57.163683
61160,843,2540.500,3.014,2026-06-28 08:29:57.163683
61167,148,490.000,3.311,2026-06-28 08:29:57.163683
61206,20,69.500,3.475,2026-06-28 08:29:57.163683
61210,164,417.000,2.543,2026-06-28 08:29:57.163683
61215,34,111.000,3.265,2026-06-28 08:29:57.163683
61236,1013,3979.500,3.928,2026-06-28 08:29:57.163683
61240,3040,12192.000,4.011,2026-06-28 08:29:57.163683
61246,255,804.500,3.155,2026-06-28 08:29:57.163683
61248,872,2727.500,3.128,2026-06-28 08:29:57.163683
61250,452,1289.500,2.853,2026-06-28 08:29:57.163683
61253,16,49.000,3.063,2026-06-28 08:29:57.163683
61255,240,736.000,3.067,2026-06-28 08:29:57.163683
61257,102,374.000,3.667,2026-06-28 08:29:57.163683
61262,365,1115.500,3.056,2026-06-28 08:29:57.163683
61264,23,72.000,3.130,2026-06-28 08:29:57.163683
61267,50,108.500,2.170,2026-06-28 08:29:57.163683
61269,16,51.000,3.188,2026-06-28 08:29:57.163683
61279,11,37.000,3.364,2026-06-28 08:29:57.163683
61285,7,27.500,3.929,2026-06-28 08:29:57.163683
61289,177,545.500,3.082,2026-06-28 08:29:57.163683
61301,11,35.500,3.227,2026-06-28 08:29:57.163683
61312,38,118.000,3.105,2026-06-28 08:29:57.163683
61314,25,48.000,1.920,2026-06-28 08:29:57.163683
61317,11,30.500,2.773,2026-06-28 08:29:57.163683
61319,47,155.000,3.298,2026-06-28 08:29:57.163683
61323,4158,14808.000,3.561,2026-06-28 08:29:57.163683
61348,397,497.000,1.252,2026-06-28 08:29:57.163683
61350,690,1978.000,2.867,2026-06-28 08:29:57.163683
61352,554,1964.000,3.545,2026-06-28 08:29:57.163683
61354,81,190.000,2.346,2026-06-28 08:29:57.163683
61357,54,185.000,3.426,2026-06-28 08:29:57.163683
61361,130,369.500,2.842,2026-06-28 08:29:57.163683
61373,16,56.500,3.531,2026-06-28 08:29:57.163683
61394,214,672.000,3.140,2026-06-28 08:29:57.163683
61396,9,33.500,3.722,2026-06-28 08:29:57.163683
61398,25,51.000,2.040,2026-06-28 08:29:57.163683
61401,439,1065.500,2.427,2026-06-28 08:29:57.163683
61406,93,358.000,3.849,2026-06-28 08:29:57.163683
61414,10,28.000,2.800,2026-06-28 08:29:57.163683
61434,9,31.500,3.500,2026-06-28 08:29:57.163683
61449,68,233.000,3.426,2026-06-28 08:29:57.163683
61451,13,49.000,3.769,2026-06-28 08:29:57.163683
61465,427,1142.500,2.676,2026-06-28 08:29:57.163683
61467,12,37.500,3.125,2026-06-28 08:29:57.163683
61470,22,71.000,3.227,2026-06-28 08:29:57.163683
61473,26,83.500,3.212,2026-06-28 08:29:57.163683
61493,29,90.500,3.121,2026-06-28 08:29:57.163683
61567,35,79.000,2.257,2026-06-28 08:29:57.163683
61586,10,36.000,3.600,2026-06-28 08:29:57.163683
61628,8,26.500,3.313,2026-06-28 08:29:57.163683
61634,10,23.000,2.300,2026-06-28 08:29:57.163683
61646,92,328.000,3.565,2026-06-28 08:29:57.163683
61678,109,349.000,3.202,2026-06-28 08:29:57.163683
61692,49,135.000,2.755,2026-06-28 08:29:57.163683
61697,431,1263.500,2.932,2026-06-28 08:29:57.163683
61705,277,819.000,2.957,2026-06-28 08:29:57.163683
61707,12,40.000,3.333,2026-06-28 08:29:57.163683
61724,71,264.500,3.725,2026-06-28 08:29:57.163683
61729,893,3105.000,3.477,2026-06-28 08:29:57.163683
61742,37,126.500,3.419,2026-06-28 08:29:57.163683
61768,8,23.000,2.875,2026-06-28 08:29:57.163683
61816,44,151.000,3.432,2026-06-28 08:29:57.163683
61818,51,105.000,2.059,2026-06-28 08:29:57.163683
61862,27,83.000,3.074,2026-06-28 08:29:57.163683
61913,7,26.500,3.786,2026-06-28 08:29:57.163683
61931,28,74.500,2.661,2026-06-28 08:29:57.163683
61934,24,63.500,2.646,2026-06-28 08:29:57.163683
61937,56,209.000,3.732,2026-06-28 08:29:57.163683
61941,69,234.000,3.391,2026-06-28 08:29:57.163683
61948,80,230.000,2.875,2026-06-28 08:29:57.163683
61950,32,95.500,2.984,2026-06-28 08:29:57.163683
61961,31,101.000,3.258,2026-06-28 08:29:57.163683
61967,71,260.500,3.669,2026-06-28 08:29:57.163683
61986,396,1338.000,3.379,2026-06-28 08:29:57.163683
61991,94,275.000,2.926,2026-06-28 08:29:57.163683
61994,10,34.000,3.400,2026-06-28 08:29:57.163683
62000,22,74.500,3.386,2026-06-28 08:29:57.163683
62010,33,107.000,3.242,2026-06-28 08:29:57.163683
62014,6,19.000,3.167,2026-06-28 08:29:57.163683
62049,428,1586.500,3.707,2026-06-28 08:29:57.163683
62054,7,26.000,3.714,2026-06-28 08:29:57.163683
62063,8,26.000,3.250,2026-06-28 08:29:57.163683
62081,1110,3646.000,3.285,2026-06-28 08:29:57.163683
62113,491,1578.000,3.214,2026-06-28 08:29:57.163683
62115,26,95.000,3.654,2026-06-28 08:29:57.163683
62137,152,443.000,2.914,2026-06-28 08:29:57.163683
62153,18,58.000,3.222,2026-06-28 08:29:57.163683
62155,1049,3661.500,3.490,2026-06-28 08:29:57.163683
62157,13,43.500,3.346,2026-06-28 08:29:57.163683
62198,26,94.500,3.635,2026-06-28 08:29:57.163683
62203,287,1024.500,3.570,2026-06-28 08:29:57.163683
62208,12,47.500,3.958,2026-06-28 08:29:57.163683
62235,136,475.500,3.496,2026-06-28 08:29:57.163683
62245,25,99.500,3.980,2026-06-28 08:29:57.163683
62250,363,1263.000,3.479,2026-06-28 08:29:57.163683
62254,10,38.000,3.800,2026-06-28 08:29:57.163683
62265,225,673.500,2.993,2026-06-28 08:29:57.163683
62277,11,34.000,3.091,2026-06-28 08:29:57.163683
62293,518,1839.500,3.551,2026-06-28 08:29:57.163683
62299,35,65.000,1.857,2026-06-28 08:29:57.163683
62304,10,34.500,3.450,2026-06-28 08:29:57.163683
62331,46,161.500,3.511,2026-06-28 08:29:57.163683
62334,6,15.500,2.583,2026-06-28 08:29:57.163683
62336,679,2720.500,4.007,2026-06-28 08:29:57.163683
62344,594,1997.500,3.363,2026-06-28 08:29:57.163683
62374,1222,4395.500,3.597,2026-06-28 08:29:57.163683
62376,701,2396.500,3.419,2026-06-28 08:29:57.163683
62378,36,110.000,3.056,2026-06-28 08:29:57.163683
62383,70,228.000,3.257,2026-06-28 08:29:57.163683
62385,11,32.000,2.909,2026-06-28 08:29:57.163683
62390,22,64.000,2.909,2026-06-28 08:29:57.163683
62394,751,1959.500,2.609,2026-06-28 08:29:57.163683
62420,8,26.000,3.250,2026-06-28 08:29:57.163683
62434,1880,6315.000,3.359,2026-06-28 08:29:57.163683
62437,519,1656.500,3.192,2026-06-28 08:29:57.163683
62439,231,743.000,3.216,2026-06-28 08:29:57.163683
62474,6,17.000,2.833,2026-06-28 08:29:57.163683
62511,896,3321.000,3.706,2026-06-28 08:29:57.163683
62526,40,132.000,3.300,2026-06-28 08:29:57.163683
62553,245,891.500,3.639,2026-06-28 08:29:57.163683
62577,133,436.000,3.278,2026-06-28 08:29:57.163683
62586,67,158.000,2.358,2026-06-28 08:29:57.163683
62594,21,71.500,3.405,2026-06-28 08:29:57.163683
62644,522,2000.000,3.831,2026-06-28 08:29:57.163683
62660,7,23.000,3.286,2026-06-28 08:29:57.163683
62662,21,78.500,3.738,2026-06-28 08:29:57.163683
62669,6,22.000,3.667,2026-06-28 08:29:57.163683
62718,109,360.000,3.303,2026-06-28 08:29:57.163683
62721,11,36.500,3.318,2026-06-28 08:29:57.163683
62726,19,63.000,3.316,2026-06-28 08:29:57.163683
62729,26,75.000,2.885,2026-06-28 08:29:57.163683
62733,360,1100.500,3.057,2026-06-28 08:29:57.163683
62764,34,94.000,2.765,2026-06-28 08:29:57.163683
62788,77,183.500,2.383,2026-06-28 08:29:57.163683
62792,284,920.000,3.239,2026-06-28 08:29:57.163683
62796,32,93.500,2.922,2026-06-28 08:29:57.163683
62799,148,533.000,3.601,2026-06-28 08:29:57.163683
62801,101,392.000,3.881,2026-06-28 08:29:57.163683
62803,86,318.000,3.698,2026-06-28 08:29:57.163683
62834,117,345.500,2.953,2026-06-28 08:29:57.163683
62836,103,331.500,3.218,2026-06-28 08:29:57.163683
62847,5,16.500,3.300,2026-06-28 08:29:57.163683
62849,1394,5173.000,3.711,2026-06-28 08:29:57.163683
62851,8,23.000,2.875,2026-06-28 08:29:57.163683
62912,272,632.500,2.325,2026-06-28 08:29:57.163683
62916,5,13.000,2.600,2026-06-28 08:29:57.163683
62925,33,102.500,3.106,2026-06-28 08:29:57.163683
62956,958,3490.500,3.644,2026-06-28 08:29:57.163683
62970,172,584.500,3.398,2026-06-28 08:29:57.163683
62972,13,44.500,3.423,2026-06-28 08:29:57.163683
62974,39,130.500,3.346,2026-06-28 08:29:57.163683
62999,1038,3459.000,3.332,2026-06-28 08:29:57.163683
63001,6,22.000,3.667,2026-06-28 08:29:57.163683
63033,512,1708.500,3.337,2026-06-28 08:29:57.163683
63062,1838,6882.500,3.745,2026-06-28 08:29:57.163683
63069,19,62.500,3.289,2026-06-28 08:29:57.163683
63072,1438,5195.500,3.613,2026-06-28 08:29:57.163683
63082,9208,36376.000,3.950,2026-06-28 08:29:57.163683
63113,3178,10745.000,3.381,2026-06-28 08:29:57.163683
63119,22,66.000,3.000,2026-06-28 08:29:57.163683
63121,18,60.000,3.333,2026-06-28 08:29:57.163683
63131,1930,6999.000,3.626,2026-06-28 08:29:57.163683
63179,85,291.500,3.429,2026-06-28 08:29:57.163683
63181,64,194.500,3.039,2026-06-28 08:29:57.163683
63189,129,422.500,3.275,2026-06-28 08:29:57.163683
63194,28,95.500,3.411,2026-06-28 08:29:57.163683
63222,299,1029.000,3.441,2026-06-28 08:29:57.163683
63226,8,30.500,3.813,2026-06-28 08:29:57.163683
63237,29,77.500,2.672,2026-06-28 08:29:57.163683
63239,106,326.500,3.080,2026-06-28 08:29:57.163683
63273,29,69.000,2.379,2026-06-28 08:29:57.163683
63276,40,139.500,3.488,2026-06-28 08:29:57.163683
63283,9,31.000,3.444,2026-06-28 08:29:57.163683
63310,20,68.500,3.425,2026-06-28 08:29:57.163683
63312,53,178.000,3.358,2026-06-28 08:29:57.163683
63329,66,214.500,3.250,2026-06-28 08:29:57.163683
63332,7,24.000,3.429,2026-06-28 08:29:57.163683
63391,12,43.500,3.625,2026-06-28 08:29:57.163683
63393,121,278.000,2.298,2026-06-28 08:29:57.163683
63433,379,1440.000,3.799,2026-06-28 08:29:57.163683
63436,615,1671.500,2.718,2026-06-28 08:29:57.163683
63446,82,278.000,3.390,2026-06-28 08:29:57.163683
63458,46,99.500,2.163,2026-06-28 08:29:57.163683
63479,500,1623.000,3.246,2026-06-28 08:29:57.163683
63481,46,137.000,2.978,2026-06-28 08:29:57.163683
63483,7,17.500,2.500,2026-06-28 08:29:57.163683
63515,145,518.500,3.576,2026-06-28 08:29:57.163683
63540,178,318.000,1.787,2026-06-28 08:29:57.163683
63544,11,41.000,3.727,2026-06-28 08:29:57.163683
63590,6,21.500,3.583,2026-06-28 08:29:57.163683
63617,12,32.000,2.667,2026-06-28 08:29:57.163683
63629,9,30.000,3.333,2026-06-28 08:29:57.163683
63645,20,73.500,3.675,2026-06-28 08:29:57.163683
63647,13,46.000,3.538,2026-06-28 08:29:57.163683
63676,55,211.000,3.836,2026-06-28 08:29:57.163683
63698,66,235.500,3.568,2026-06-28 08:29:57.163683
63760,7,24.500,3.500,2026-06-28 08:29:57.163683
63768,11,39.500,3.591,2026-06-28 08:29:57.163683
63772,5,17.500,3.500,2026-06-28 08:29:57.163683
63781,6,21.500,3.583,2026-06-28 08:29:57.163683
63788,25,70.000,2.800,2026-06-28 08:29:57.163683
63791,8,21.000,2.625,2026-06-28 08:29:57.163683
63793,19,58.000,3.053,2026-06-28 08:29:57.163683
63808,336,1241.000,3.693,2026-06-28 08:29:57.163683
63826,164,551.500,3.363,2026-06-28 08:29:57.163683
63828,48,149.500,3.115,2026-06-28 08:29:57.163683
63836,24,72.000,3.000,2026-06-28 08:29:57.163683
63853,917,2975.500,3.245,2026-06-28 08:29:57.163683
63859,1658,5853.000,3.530,2026-06-28 08:29:57.163683
63876,2586,10010.500,3.871,2026-06-28 08:29:57.163683
63989,29,92.000,3.172,2026-06-28 08:29:57.163683
63992,2156,5921.500,2.747,2026-06-28 08:29:57.163683
64010,58,172.000,2.966,2026-06-28 08:29:57.163683
64030,711,2174.000,3.058,2026-06-28 08:29:57.163683
64032,315,917.000,2.911,2026-06-28 08:29:57.163683
64034,1008,3885.500,3.855,2026-06-28 08:29:57.163683
64037,88,272.500,3.097,2026-06-28 08:29:57.163683
64114,103,373.500,3.626,2026-06-28 08:29:57.163683
64116,181,542.500,2.997,2026-06-28 08:29:57.163683
64153,10,23.000,2.300,2026-06-28 08:29:57.163683
64167,73,199.000,2.726,2026-06-28 08:29:57.163683
64197,460,1735.000,3.772,2026-06-28 08:29:57.163683
64229,119,401.500,3.374,2026-06-28 08:29:57.163683
64231,263,727.000,2.764,2026-06-28 08:29:57.163683
64234,47,116.000,2.468,2026-06-28 08:29:57.163683
64236,39,126.500,3.244,2026-06-28 08:29:57.163683
64241,13,52.500,4.038,2026-06-28 08:29:57.163683
64243,11,41.000,3.727,2026-06-28 08:29:57.163683
64245,9,33.500,3.722,2026-06-28 08:29:57.163683
64249,271,855.500,3.157,2026-06-28 08:29:57.163683
64273,31,102.500,3.306,2026-06-28 08:29:57.163683
64275,7,27.000,3.857,2026-06-28 08:29:57.163683
64278,113,416.500,3.686,2026-06-28 08:29:57.163683
64280,6,19.500,3.250,2026-06-28 08:29:57.163683
64283,12,46.000,3.833,2026-06-28 08:29:57.163683
64285,495,1821.500,3.680,2026-06-28 08:29:57.163683
64288,5,13.000,2.600,2026-06-28 08:29:57.163683
64321,21,77.000,3.667,2026-06-28 08:29:57.163683
64325,6,17.500,2.917,2026-06-28 08:29:57.163683
64338,20,75.500,3.775,2026-06-28 08:29:57.163683
64368,9,20.000,2.222,2026-06-28 08:29:57.163683
64385,9,30.500,3.389,2026-06-28 08:29:57.163683
64418,17,67.500,3.971,2026-06-28 08:29:57.163683
64427,6,19.500,3.250,2026-06-28 08:29:57.163683
64497,1130,3163.500,2.800,2026-06-28 08:29:57.163683
64499,361,1278.000,3.540,2026-06-28 08:29:57.163683
64501,216,745.500,3.451,2026-06-28 08:29:57.163683
64508,174,386.000,2.218,2026-06-28 08:29:57.163683
64511,30,109.500,3.650,2026-06-28 08:29:57.163683
64519,25,87.500,3.500,2026-06-28 08:29:57.163683
64522,6,25.500,4.250,2026-06-28 08:29:57.163683
64524,21,59.000,2.810,2026-06-28 08:29:57.163683
64550,5,14.500,2.900,2026-06-28 08:29:57.163683
64575,1554,5816.000,3.743,2026-06-28 08:29:57.163683
64577,14,52.500,3.750,2026-06-28 08:29:57.163683
64614,6379,25384.000,3.979,2026-06-28 08:29:57.163683
64620,2059,7881.000,3.828,2026-06-28 08:29:57.163683
64622,1550,5870.500,3.787,2026-06-28 08:29:57.163683
64650,14,48.500,3.464,2026-06-28 08:29:57.163683
64652,11,28.500,2.591,2026-06-28 08:29:57.163683
64658,6,20.000,3.333,2026-06-28 08:29:57.163683
64660,10,34.000,3.400,2026-06-28 08:29:57.163683
64695,35,122.000,3.486,2026-06-28 08:29:57.163683
64701,285,1085.000,3.807,2026-06-28 08:29:57.163683
64716,1406,5222.500,3.714,2026-06-28 08:29:57.163683
64750,15,41.500,2.767,2026-06-28 08:29:57.163683
64839,4012,15557.000,3.878,2026-06-28 08:29:57.163683
64845,15,46.000,3.067,2026-06-28 08:29:57.163683
64895,6,19.500,3.250,2026-06-28 08:29:57.163683
64900,39,133.000,3.410,2026-06-28 08:29:57.163683
64903,7,22.000,3.143,2026-06-28 08:29:57.163683
64906,10,36.500,3.650,2026-06-28 08:29:57.163683
64918,6,13.000,2.167,2026-06-28 08:29:57.163683
64921,7,18.000,2.571,2026-06-28 08:29:57.163683
64926,6,17.500,2.917,2026-06-28 08:29:57.163683
64930,49,178.000,3.633,2026-06-28 08:29:57.163683
64942,19,65.000,3.421,2026-06-28 08:29:57.163683
64953,10,33.500,3.350,2026-06-28 08:29:57.163683
64957,4383,15998.000,3.650,2026-06-28 08:29:57.163683
64969,1863,6439.500,3.457,2026-06-28 08:29:57.163683
64976,8,17.500,2.188,2026-06-28 08:29:57.163683
64983,1124,3858.000,3.432,2026-06-28 08:29:57.163683
64986,36,122.500,3.403,2026-06-28 08:29:57.163683
64990,10,35.500,3.550,2026-06-28 08:29:57.163683
64993,269,1028.000,3.822,2026-06-28 08:29:57.163683
64997,435,1329.000,3.055,2026-06-28 08:29:57.163683
64999,28,37.500,1.339,2026-06-28 08:29:57.163683
65001,20,66.000,3.300,2026-06-28 08:29:57.163683
65006,6,20.500,3.417,2026-06-28 08:29:57.163683
65011,5,18.500,3.700,2026-06-28 08:29:57.163683
65033,6,18.000,3.000,2026-06-28 08:29:57.163683
65037,141,499.000,3.539,2026-06-28 08:29:57.163683
65045,59,173.000,2.932,2026-06-28 08:29:57.163683
65063,8,26.000,3.250,2026-06-28 08:29:57.163683
65088,641,2010.000,3.136,2026-06-28 08:29:57.163683
65091,22,79.500,3.614,2026-06-28 08:29:57.163683
65111,8,23.500,2.938,2026-06-28 08:29:57.163683
65126,487,1652.500,3.393,2026-06-28 08:29:57.163683
65130,1030,3641.000,3.535,2026-06-28 08:29:57.163683
65133,278,1037.500,3.732,2026-06-28 08:29:57.163683
65135,390,1477.500,3.788,2026-06-28 08:29:57.163683
65142,81,297.500,3.673,2026-06-28 08:29:57.163683
65155,40,108.500,2.713,2026-06-28 08:29:57.163683
65181,35,99.000,2.829,2026-06-28 08:29:57.163683
65188,446,1780.000,3.991,2026-06-28 08:29:57.163683
65193,113,340.000,3.009,2026-06-28 08:29:57.163683
65204,8,24.000,3.000,2026-06-28 08:29:57.163683
65216,779,2810.500,3.608,2026-06-28 08:29:57.163683
65225,228,806.000,3.535,2026-06-28 08:29:57.163683
65227,6,18.000,3.000,2026-06-28 08:29:57.163683
65230,845,2828.000,3.347,2026-06-28 08:29:57.163683
65235,24,84.000,3.500,2026-06-28 08:29:57.163683
65238,9,28.500,3.167,2026-06-28 08:29:57.163683
65243,23,66.000,2.870,2026-06-28 08:29:57.163683
65256,35,120.500,3.443,2026-06-28 08:29:57.163683
65259,34,118.000,3.471,2026-06-28 08:29:57.163683
65261,1444,5517.500,3.821,2026-06-28 08:29:57.163683
65288,8,26.000,3.250,2026-06-28 08:29:57.163683
65290,10,33.500,3.350,2026-06-28 08:29:57.163683
65293,9,26.500,2.944,2026-06-28 08:29:57.163683
65300,30,86.500,2.883,2026-06-28 08:29:57.163683
65304,6,19.000,3.167,2026-06-28 08:29:57.163683
65310,53,153.500,2.896,2026-06-28 08:29:57.163683
65315,38,80.000,2.105,2026-06-28 08:29:57.163683
65350,10,26.500,2.650,2026-06-28 08:29:57.163683
65352,7,17.500,2.500,2026-06-28 08:29:57.163683
65357,18,72.500,4.028,2026-06-28 08:29:57.163683
65359,62,166.500,2.685,2026-06-28 08:29:57.163683
65400,27,42.000,1.556,2026-06-28 08:29:57.163683
65418,217,750.000,3.456,2026-06-28 08:29:57.163683
65435,102,268.500,2.632,2026-06-28 08:29:57.163683
65465,264,858.500,3.252,2026-06-28 08:29:57.163683
65514,1111,4414.500,3.973,2026-06-28 08:29:57.163683
65518,9,22.500,2.500,2026-06-28 08:29:57.163683
65521,8,21.000,2.625,2026-06-28 08:29:57.163683
65538,7,22.500,3.214,2026-06-28 08:29:57.163683
65552,47,116.500,2.479,2026-06-28 08:29:57.163683
65558,6,18.500,3.083,2026-06-28 08:29:57.163683
65562,5,17.500,3.500,2026-06-28 08:29:57.163683
65564,5,17.500,3.500,2026-06-28 08:29:57.163683
65567,141,406.000,2.879,2026-06-28 08:29:57.163683
65577,236,737.000,3.123,2026-06-28 08:29:57.163683
65585,528,1514.000,2.867,2026-06-28 08:29:57.163683
65588,86,311.000,3.616,2026-06-28 08:29:57.163683
65596,190,712.000,3.747,2026-06-28 08:29:57.163683
65601,193,504.000,2.611,2026-06-28 08:29:57.163683
65603,11,30.500,2.773,2026-06-28 08:29:57.163683
65612,203,747.000,3.680,2026-06-28 08:29:57.163683
65631,77,253.500,3.292,2026-06-28 08:29:57.163683
65642,695,2637.000,3.794,2026-06-28 08:29:57.163683
65651,10,30.500,3.050,2026-06-28 08:29:57.163683
65660,43,152.000,3.535,2026-06-28 08:29:57.163683
65665,38,125.000,3.289,2026-06-28 08:29:57.163683
65667,11,33.000,3.000,2026-06-28 08:29:57.163683
65669,7,21.000,3.000,2026-06-28 08:29:57.163683
65672,29,94.000,3.241,2026-06-28 08:29:57.163683
65682,902,2970.000,3.293,2026-06-28 08:29:57.163683
65685,341,1080.000,3.167,2026-06-28 08:29:57.163683
65702,6,17.500,2.917,2026-06-28 08:29:57.163683
65709,43,145.500,3.384,2026-06-28 08:29:57.163683
65721,16,57.500,3.594,2026-06-28 08:29:57.163683
65731,55,156.000,2.836,2026-06-28 08:29:57.163683
65738,64,123.500,1.930,2026-06-28 08:29:57.163683
65740,53,107.500,2.028,2026-06-28 08:29:57.163683
65764,5,16.500,3.300,2026-06-28 08:29:57.163683
65770,10,35.000,3.500,2026-06-28 08:29:57.163683
65772,45,140.000,3.111,2026-06-28 08:29:57.163683
65796,19,68.000,3.579,2026-06-28 08:29:57.163683
65802,508,1242.500,2.446,2026-06-28 08:29:57.163683
65810,135,434.000,3.215,2026-06-28 08:29:57.163683
65813,166,402.000,2.422,2026-06-28 08:29:57.163683
65817,72,193.500,2.688,2026-06-28 08:29:57.163683
65845,17,52.000,3.059,2026-06-28 08:29:57.163683
65866,7,24.500,3.500,2026-06-28 08:29:57.163683
65868,213,718.500,3.373,2026-06-28 08:29:57.163683
65882,218,692.000,3.174,2026-06-28 08:29:57.163683
65894,48,155.500,3.240,2026-06-28 08:29:57.163683
65899,76,252.000,3.316,2026-06-28 08:29:57.163683
65907,10,17.500,1.750,2026-06-28 08:29:57.163683
65927,27,74.500,2.759,2026-06-28 08:29:57.163683
65935,10,31.500,3.150,2026-06-28 08:29:57.163683
65939,109,363.000,3.330,2026-06-28 08:29:57.163683
65974,14,40.500,2.893,2026-06-28 08:29:57.163683
65982,373,1233.500,3.307,2026-06-28 08:29:57.163683
65984,7,19.000,2.714,2026-06-28 08:29:57.163683
65986,5,18.500,3.700,2026-06-28 08:29:57.163683
66015,26,78.000,3.000,2026-06-28 08:29:57.163683
66019,20,70.500,3.525,2026-06-28 08:29:57.163683
66025,8,19.500,2.438,2026-06-28 08:29:57.163683
66053,8,24.500,3.063,2026-06-28 08:29:57.163683
66059,31,95.500,3.081,2026-06-28 08:29:57.163683
66066,85,168.000,1.976,2026-06-28 08:29:57.163683
66068,15,57.000,3.800,2026-06-28 08:29:57.163683
66090,232,812.500,3.502,2026-06-28 08:29:57.163683
66092,22,78.500,3.568,2026-06-28 08:29:57.163683
66097,3258,12326.500,3.783,2026-06-28 08:29:57.163683
66105,7,22.000,3.143,2026-06-28 08:29:57.163683
66118,17,67.500,3.971,2026-06-28 08:29:57.163683
66130,225,793.500,3.527,2026-06-28 08:29:57.163683
66140,14,35.500,2.536,2026-06-28 08:29:57.163683
66152,15,38.000,2.533,2026-06-28 08:29:57.163683
66156,103,342.000,3.320,2026-06-28 08:29:57.163683
66171,712,2262.500,3.178,2026-06-28 08:29:57.163683
66198,492,1559.500,3.170,2026-06-28 08:29:57.163683
66200,206,696.000,3.379,2026-06-28 08:29:57.163683
66203,1051,3456.000,3.288,2026-06-28 08:29:57.163683
66234,23,74.500,3.239,2026-06-28 08:29:57.163683
66240,125,372.500,2.980,2026-06-28 08:29:57.163683
66246,32,75.000,2.344,2026-06-28 08:29:57.163683
66279,42,147.500,3.512,2026-06-28 08:29:57.163683
66282,5,18.000,3.600,2026-06-28 08:29:57.163683
66284,7,23.000,3.286,2026-06-28 08:29:57.163683
66289,15,54.500,3.633,2026-06-28 08:29:57.163683
66295,10,36.500,3.650,2026-06-28 08:29:57.163683
66297,701,2609.000,3.722,2026-06-28 08:29:57.163683
66302,21,77.000,3.667,2026-06-28 08:29:57.163683
66304,111,310.500,2.797,2026-06-28 08:29:57.163683
66310,64,194.500,3.039,2026-06-28 08:29:57.163683
66317,82,294.500,3.591,2026-06-28 08:29:57.163683
66320,63,206.500,3.278,2026-06-28 08:29:57.163683
66323,15,52.000,3.467,2026-06-28 08:29:57.163683
66330,52,168.000,3.231,2026-06-28 08:29:57.163683
66335,190,637.000,3.353,2026-06-28 08:29:57.163683
66337,26,87.500,3.365,2026-06-28 08:29:57.163683
66339,13,52.000,4.000,2026-06-28 08:29:57.163683
66344,9,23.500,2.611,2026-06-28 08:29:57.163683
66352,6,22.500,3.750,2026-06-28 08:29:57.163683
66354,65,184.500,2.838,2026-06-28 08:29:57.163683
66365,40,123.500,3.088,2026-06-28 08:29:57.163683
66369,10,25.500,2.550,2026-06-28 08:29:57.163683
66371,584,2330.000,3.990,2026-06-28 08:29:57.163683
66385,155,544.000,3.510,2026-06-28 08:29:57.163683
66427,156,468.500,3.003,2026-06-28 08:29:57.163683
66440,8,27.000,3.375,2026-06-28 08:29:57.163683
66472,7,12.500,1.786,2026-06-28 08:29:57.163683
66503,13,30.500,2.346,2026-06-28 08:29:57.163683
66506,28,77.500,2.768,2026-06-28 08:29:57.163683
66509,938,3053.500,3.255,2026-06-28 08:29:57.163683
66511,67,231.000,3.448,2026-06-28 08:29:57.163683
66517,29,45.500,1.569,2026-06-28 08:29:57.163683
66544,95,339.500,3.574,2026-06-28 08:29:57.163683
66547,73,264.500,3.623,2026-06-28 08:29:57.163683
66551,10,23.000,2.300,2026-06-28 08:29:57.163683
66579,6,15.500,2.583,2026-06-28 08:29:57.163683
66581,50,130.000,2.600,2026-06-28 08:29:57.163683
66584,6,15.500,2.583,2026-06-28 08:29:57.163683
66586,8,8.500,1.063,2026-06-28 08:29:57.163683
66592,7,20.000,2.857,2026-06-28 08:29:57.163683
66596,76,258.000,3.395,2026-06-28 08:29:57.163683
66614,6,18.000,3.000,2026-06-28 08:29:57.163683
66618,20,70.000,3.500,2026-06-28 08:29:57.163683
66639,133,282.000,2.120,2026-06-28 08:29:57.163683
66652,14,22.500,1.607,2026-06-28 08:29:57.163683
66655,9,31.500,3.500,2026-06-28 08:29:57.163683
66659,56,125.000,2.232,2026-06-28 08:29:57.163683
66665,874,3246.500,3.715,2026-06-28 08:29:57.163683
66667,5,17.000,3.400,2026-06-28 08:29:57.163683
66686,12,42.500,3.542,2026-06-28 08:29:57.163683
66691,135,404.000,2.993,2026-06-28 08:29:57.163683
66701,5,12.500,2.500,2026-06-28 08:29:57.163683
66718,14,48.500,3.464,2026-06-28 08:29:57.163683
66744,106,365.000,3.443,2026-06-28 08:29:57.163683
66758,7,27.000,3.857,2026-06-28 08:29:57.163683
66762,79,284.000,3.595,2026-06-28 08:29:57.163683
66783,256,664.500,2.596,2026-06-28 08:29:57.163683
66785,253,921.000,3.640,2026-06-28 08:29:57.163683
66789,45,109.000,2.422,2026-06-28 08:29:57.163683
66798,217,586.500,2.703,2026-06-28 08:29:57.163683
66801,33,107.500,3.258,2026-06-28 08:29:57.163683
66808,53,103.500,1.953,2026-06-28 08:29:57.163683
66813,11,42.000,3.818,2026-06-28 08:29:57.163683
66854,9,34.000,3.778,2026-06-28 08:29:57.163683
66857,6,21.500,3.583,2026-06-28 08:29:57.163683
66859,6,18.000,3.000,2026-06-28 08:29:57.163683
66866,8,26.000,3.250,2026-06-28 08:29:57.163683
66868,5,13.500,2.700,2026-06-28 08:29:57.163683
66870,66,243.500,3.689,2026-06-28 08:29:57.163683
66900,10,14.000,1.400,2026-06-28 08:29:57.163683
66902,17,35.500,2.088,2026-06-28 08:29:57.163683
66915,89,275.500,3.096,2026-06-28 08:29:57.163683
66932,6,10.500,1.750,2026-06-28 08:29:57.163683
66934,3108,12644.500,4.068,2026-06-28 08:29:57.163683
66941,7,9.000,1.286,2026-06-28 08:29:57.163683
66943,50,147.500,2.950,2026-06-28 08:29:57.163683
66947,8,25.500,3.188,2026-06-28 08:29:57.163683
66977,5,19.500,3.900,2026-06-28 08:29:57.163683
66979,10,31.000,3.100,2026-06-28 08:29:57.163683
67009,7,23.000,3.286,2026-06-28 08:29:57.163683
67068,77,257.500,3.344,2026-06-28 08:29:57.163683
67070,12,30.500,2.542,2026-06-28 08:29:57.163683
67073,149,389.500,2.614,2026-06-28 08:29:57.163683
67087,2051,7496.000,3.655,2026-06-28 08:29:57.163683
67096,15,50.000,3.333,2026-06-28 08:29:57.163683
67098,25,96.500,3.860,2026-06-28 08:29:57.163683
67138,64,224.500,3.508,2026-06-28 08:29:57.163683
67140,26,95.500,3.673,2026-06-28 08:29:57.163683
67168,83,245.500,2.958,2026-06-28 08:29:57.163683
67186,226,669.000,2.960,2026-06-28 08:29:57.163683
67193,515,1604.500,3.116,2026-06-28 08:29:57.163683
67197,1241,3752.000,3.023,2026-06-28 08:29:57.163683
67223,87,304.000,3.494,2026-06-28 08:29:57.163683
67233,5,16.000,3.200,2026-06-28 08:29:57.163683
67252,150,460.500,3.070,2026-06-28 08:29:57.163683
67255,2833,11081.500,3.912,2026-06-28 08:29:57.163683
67257,7,16.500,2.357,2026-06-28 08:29:57.163683
67267,682,2398.500,3.517,2026-06-28 08:29:57.163683
67295,596,2155.500,3.617,2026-06-28 08:29:57.163683
67314,9,25.500,2.833,2026-06-28 08:29:57.163683
67331,5,7.000,1.400,2026-06-28 08:29:57.163683
67354,13,36.500,2.808,2026-06-28 08:29:57.163683
67356,10,26.000,2.600,2026-06-28 08:29:57.163683
67359,7,22.000,3.143,2026-06-28 08:29:57.163683
67361,105,298.500,2.843,2026-06-28 08:29:57.163683
67363,10,33.500,3.350,2026-06-28 08:29:57.163683
67365,44,122.500,2.784,2026-06-28 08:29:57.163683
67370,8,29.500,3.688,2026-06-28 08:29:57.163683
67405,28,81.500,2.911,2026-06-28 08:29:57.163683
67408,1029,3398.000,3.302,2026-06-28 08:29:57.163683
67420,20,57.500,2.875,2026-06-28 08:29:57.163683
67422,51,189.000,3.706,2026-06-28 08:29:57.163683
67424,5,18.000,3.600,2026-06-28 08:29:57.163683
67429,149,571.000,3.832,2026-06-28 08:29:57.163683
67457,11,31.000,2.818,2026-06-28 08:29:57.163683
67459,16,39.500,2.469,2026-06-28 08:29:57.163683
67464,15,51.000,3.400,2026-06-28 08:29:57.163683
67501,12,33.500,2.792,2026-06-28 08:29:57.163683
67504,24,94.000,3.917,2026-06-28 08:29:57.163683
67508,339,1236.000,3.646,2026-06-28 08:29:57.163683
67534,114,319.500,2.803,2026-06-28 08:29:57.163683
67536,6,20.500,3.417,2026-06-28 08:29:57.163683
67603,9,16.000,1.778,2026-06-28 08:29:57.163683
67607,29,96.500,3.328,2026-06-28 08:29:57.163683
67618,46,148.000,3.217,2026-06-28 08:29:57.163683
67620,151,523.000,3.464,2026-06-28 08:29:57.163683
67624,15,47.000,3.133,2026-06-28 08:29:57.163683
67665,449,1690.500,3.765,2026-06-28 08:29:57.163683
67667,10,29.500,2.950,2026-06-28 08:29:57.163683
67695,423,1208.000,2.856,2026-06-28 08:29:57.163683
67702,9,30.000,3.333,2026-06-28 08:29:57.163683
67706,13,42.000,3.231,2026-06-28 08:29:57.163683
67734,1512,5266.500,3.483,2026-06-28 08:29:57.163683
67744,8,20.500,2.563,2026-06-28 08:29:57.163683
67748,22,67.500,3.068,2026-06-28 08:29:57.163683
67784,49,162.000,3.306,2026-06-28 08:29:57.163683
67788,485,1410.000,2.907,2026-06-28 08:29:57.163683
67792,36,122.500,3.403,2026-06-28 08:29:57.163683
67799,191,562.500,2.945,2026-06-28 08:29:57.163683
67801,102,374.500,3.672,2026-06-28 08:29:57.163683
67812,11,29.000,2.636,2026-06-28 08:29:57.163683
67839,63,215.500,3.421,2026-06-28 08:29:57.163683
67845,7,22.000,3.143,2026-06-28 08:29:57.163683
67847,10,32.500,3.250,2026-06-28 08:29:57.163683
67850,7,10.500,1.500,2026-06-28 08:29:57.163683
67865,7,27.000,3.857,2026-06-28 08:29:57.163683
67867,323,628.500,1.946,2026-06-28 08:29:57.163683
67869,25,76.000,3.040,2026-06-28 08:29:57.163683
67871,28,67.500,2.411,2026-06-28 08:29:57.163683
67888,11,41.000,3.727,2026-06-28 08:29:57.163683
67890,9,31.500,3.500,2026-06-28 08:29:57.163683
67892,7,20.500,2.929,2026-06-28 08:29:57.163683
67894,12,25.000,2.083,2026-06-28 08:29:57.163683
67898,20,54.500,2.725,2026-06-28 08:29:57.163683
67900,7,14.000,2.000,2026-06-28 08:29:57.163683
67907,26,87.000,3.346,2026-06-28 08:29:57.163683
67923,730,2309.500,3.164,2026-06-28 08:29:57.163683
67925,8,27.000,3.375,2026-06-28 08:29:57.163683
67927,18,57.500,3.194,2026-06-28 08:29:57.163683
67929,13,45.000,3.462,2026-06-28 08:29:57.163683
67931,6,19.000,3.167,2026-06-28 08:29:57.163683
67949,22,62.500,2.841,2026-06-28 08:29:57.163683
67957,45,154.500,3.433,2026-06-28 08:29:57.163683
67980,11,23.500,2.136,2026-06-28 08:29:57.163683
67983,16,55.500,3.469,2026-06-28 08:29:57.163683
67997,934,3591.500,3.845,2026-06-28 08:29:57.163683
67999,54,192.000,3.556,2026-06-28 08:29:57.163683
68028,53,174.000,3.283,2026-06-28 08:29:57.163683
68039,6,20.500,3.417,2026-06-28 08:29:57.163683
68044,7,25.500,3.643,2026-06-28 08:29:57.163683
68069,30,101.500,3.383,2026-06-28 08:29:57.163683
68073,1060,3941.500,3.718,2026-06-28 08:29:57.163683
68099,62,229.000,3.694,2026-06-28 08:29:57.163683
68115,12,45.000,3.750,2026-06-28 08:29:57.163683
68128,9,28.500,3.167,2026-06-28 08:29:57.163683
68135,1323,4145.500,3.133,2026-06-28 08:29:57.163683
68137,7,22.000,3.143,2026-06-28 08:29:57.163683
68153,12,44.000,3.667,2026-06-28 08:29:57.163683
68157,9447,37973.500,4.020,2026-06-28 08:29:57.163683
68159,943,3356.500,3.559,2026-06-28 08:29:57.163683
68168,8,29.500,3.688,2026-06-28 08:29:57.163683
68173,29,101.500,3.500,2026-06-28 08:29:57.163683
68175,6,25.500,4.250,2026-06-28 08:29:57.163683
68180,8,30.500,3.813,2026-06-28 08:29:57.163683
68194,408,1517.000,3.718,2026-06-28 08:29:57.163683
68201,7,21.000,3.000,2026-06-28 08:29:57.163683
68205,797,2470.000,3.099,2026-06-28 08:29:57.163683
68214,8,28.000,3.500,2026-06-28 08:29:57.163683
68226,12,32.000,2.667,2026-06-28 08:29:57.163683
68237,4867,19570.500,4.021,2026-06-28 08:29:57.163683
68244,7,14.500,2.071,2026-06-28 08:29:57.163683
68259,12,39.500,3.292,2026-06-28 08:29:57.163683
68263,73,251.500,3.445,2026-06-28 08:29:57.163683
68269,445,1660.000,3.730,2026-06-28 08:29:57.163683
68271,8,25.000,3.125,2026-06-28 08:29:57.163683
68273,20,72.500,3.625,2026-06-28 08:29:57.163683
68288,71,165.500,2.331,2026-06-28 08:29:57.163683
68319,2821,9382.500,3.326,2026-06-28 08:29:57.163683
68324,153,425.000,2.778,2026-06-28 08:29:57.163683
68347,412,1602.500,3.890,2026-06-28 08:29:57.163683
68349,9,33.500,3.722,2026-06-28 08:29:57.163683
68358,7690,30486.500,3.964,2026-06-28 08:29:57.163683
68392,19,47.500,2.500,2026-06-28 08:29:57.163683
68411,6,18.500,3.083,2026-06-28 08:29:57.163683
68442,73,233.500,3.199,2026-06-28 08:29:57.163683
68444,127,394.500,3.106,2026-06-28 08:29:57.163683
68472,66,250.500,3.795,2026-06-28 08:29:57.163683
68480,6,17.500,2.917,2026-06-28 08:29:57.163683
68482,37,115.500,3.122,2026-06-28 08:29:57.163683
68484,6,16.000,2.667,2026-06-28 08:29:57.163683
68486,210,791.500,3.769,2026-06-28 08:29:57.163683
68489,7,23.000,3.286,2026-06-28 08:29:57.163683
68498,8,23.000,2.875,2026-06-28 08:29:57.163683
68511,68,231.000,3.397,2026-06-28 08:29:57.163683
68513,21,51.500,2.452,2026-06-28 08:29:57.163683
68517,9,35.500,3.944,2026-06-28 08:29:57.163683
68519,165,368.000,2.230,2026-06-28 08:29:57.163683
68522,325,1261.000,3.880,2026-06-28 08:29:57.163683
68536,211,783.000,3.711,2026-06-28 08:29:57.163683
68548,18,56.000,3.111,2026-06-28 08:29:57.163683
68552,112,369.000,3.295,2026-06-28 08:29:57.163683
68554,1826,5959.000,3.263,2026-06-28 08:29:57.163683
68574,5,15.000,3.000,2026-06-28 08:29:57.163683
68597,23,81.500,3.543,2026-06-28 08:29:57.163683
68600,43,120.500,2.802,2026-06-28 08:29:57.163683
68612,41,139.000,3.390,2026-06-28 08:29:57.163683
68614,15,46.500,3.100,2026-06-28 08:29:57.163683
68650,86,262.000,3.047,2026-06-28 08:29:57.163683
68653,13,48.500,3.731,2026-06-28 08:29:57.163683
68659,407,1333.500,3.276,2026-06-28 08:29:57.163683
68662,12,32.500,2.708,2026-06-28 08:29:57.163683
68667,17,47.000,2.765,2026-06-28 08:29:57.163683
68674,23,81.000,3.522,2026-06-28 08:29:57.163683
68685,50,147.000,2.940,2026-06-28 08:29:57.163683
68690,43,149.000,3.465,2026-06-28 08:29:57.163683
68749,132,394.500,2.989,2026-06-28 08:29:57.163683
68791,2128,6954.500,3.268,2026-06-28 08:29:57.163683
68793,727,2188.000,3.010,2026-06-28 08:29:57.163683
68831,10,31.500,3.150,2026-06-28 08:29:57.163683
68835,57,210.500,3.693,2026-06-28 08:29:57.163683
68838,61,220.500,3.615,2026-06-28 08:29:57.163683
68843,125,355.500,2.844,2026-06-28 08:29:57.163683
68848,678,2461.000,3.630,2026-06-28 08:29:57.163683
68858,47,145.000,3.085,2026-06-28 08:29:57.163683
68868,21,77.500,3.690,2026-06-28 08:29:57.163683
68872,45,162.500,3.611,2026-06-28 08:29:57.163683
68874,35,124.000,3.543,2026-06-28 08:29:57.163683
68884,16,47.000,2.938,2026-06-28 08:29:57.163683
68886,40,141.500,3.538,2026-06-28 08:29:57.163683
68890,7,25.000,3.571,2026-06-28 08:29:57.163683
68892,13,44.000,3.385,2026-06-28 08:29:57.163683
68897,6,17.000,2.833,2026-06-28 08:29:57.163683
68899,6,18.500,3.083,2026-06-28 08:29:57.163683
68901,54,181.500,3.361,2026-06-28 08:29:57.163683
68915,6,21.500,3.583,2026-06-28 08:29:57.163683
68919,13,49.000,3.769,2026-06-28 08:29:57.163683
68921,6,21.000,3.500,2026-06-28 08:29:57.163683
68923,21,55.000,2.619,2026-06-28 08:29:57.163683
68932,313,1048.500,3.350,2026-06-28 08:29:57.163683
68941,250,771.500,3.086,2026-06-28 08:29:57.163683
68943,6,16.000,2.667,2026-06-28 08:29:57.163683
68945,223,842.000,3.776,2026-06-28 08:29:57.163683
68952,1145,3682.500,3.216,2026-06-28 08:29:57.163683
68954,9264,37410.500,4.038,2026-06-28 08:29:57.163683
68956,39,150.000,3.846,2026-06-28 08:29:57.163683
68959,149,524.000,3.517,2026-06-28 08:29:57.163683
68963,146,473.000,3.240,2026-06-28 08:29:57.163683
68965,57,89.000,1.561,2026-06-28 08:29:57.163683
68967,74,262.000,3.541,2026-06-28 08:29:57.163683
68974,6,23.500,3.917,2026-06-28 08:29:57.163683
68976,17,57.000,3.353,2026-06-28 08:29:57.163683
69005,10,33.500,3.350,2026-06-28 08:29:57.163683
69007,6,19.000,3.167,2026-06-28 08:29:57.163683
69027,71,239.500,3.373,2026-06-28 08:29:57.163683
69061,10,30.500,3.050,2026-06-28 08:29:57.163683
69069,186,574.000,3.086,2026-06-28 08:29:57.163683
69072,10,38.500,3.850,2026-06-28 08:29:57.163683
69075,20,50.000,2.500,2026-06-28 08:29:57.163683
69088,59,219.000,3.712,2026-06-28 08:29:57.163683
69093,47,99.000,2.106,2026-06-28 08:29:57.163683
69103,8,29.000,3.625,2026-06-28 08:29:57.163683
69118,70,201.000,2.871,2026-06-28 08:29:57.163683
69122,7656,28795.000,3.761,2026-06-28 08:29:57.163683
69131,86,232.500,2.703,2026-06-28 08:29:57.163683
69134,784,2664.500,3.399,2026-06-28 08:29:57.163683
69136,19,78.000,4.105,2026-06-28 08:29:57.163683
69140,258,869.000,3.368,2026-06-28 08:29:57.163683
69155,5,12.000,2.400,2026-06-28 08:29:57.163683
69169,8,24.500,3.063,2026-06-28 08:29:57.163683
69187,13,35.500,2.731,2026-06-28 08:29:57.163683
69199,6,16.000,2.667,2026-06-28 08:29:57.163683
69211,17,46.000,2.706,2026-06-28 08:29:57.163683
69213,12,43.000,3.583,2026-06-28 08:29:57.163683
69219,13,44.000,3.385,2026-06-28 08:29:57.163683
69224,8,27.500,3.438,2026-06-28 08:29:57.163683
69227,43,89.500,2.081,2026-06-28 08:29:57.163683
69231,8,25.500,3.188,2026-06-28 08:29:57.163683
69233,9,27.500,3.056,2026-06-28 08:29:57.163683
69241,41,152.000,3.707,2026-06-28 08:29:57.163683
69243,17,58.000,3.412,2026-06-28 08:29:57.163683
69251,63,223.000,3.540,2026-06-28 08:29:57.163683
69253,191,550.500,2.882,2026-06-28 08:29:57.163683
69255,5,15.500,3.100,2026-06-28 08:29:57.163683
69269,22,60.000,2.727,2026-06-28 08:29:57.163683
69275,359,1148.500,3.199,2026-06-28 08:29:57.163683
69278,380,1047.000,2.755,2026-06-28 08:29:57.163683
69280,19,54.500,2.868,2026-06-28 08:29:57.163683
69284,27,86.500,3.204,2026-06-28 08:29:57.163683
69299,9,33.000,3.667,2026-06-28 08:29:57.163683
69302,8,22.000,2.750,2026-06-28 08:29:57.163683
69304,56,168.000,3.000,2026-06-28 08:29:57.163683
69306,659,2084.500,3.163,2026-06-28 08:29:57.163683
69310,7,27.000,3.857,2026-06-28 08:29:57.163683
69324,138,491.500,3.562,2026-06-28 08:29:57.163683
69339,38,95.000,2.500,2026-06-28 08:29:57.163683
69341,5,14.500,2.900,2026-06-28 08:29:57.163683
69354,10,36.500,3.650,2026-06-28 08:29:57.163683
69356,21,65.500,3.119,2026-06-28 08:29:57.163683
69358,18,64.000,3.556,2026-06-28 08:29:57.163683
69370,5,14.500,2.900,2026-06-28 08:29:57.163683
69372,37,120.500,3.257,2026-06-28 08:29:57.163683
69374,12,43.000,3.583,2026-06-28 08:29:57.163683
69381,50,154.000,3.080,2026-06-28 08:29:57.163683
69387,5,17.500,3.500,2026-06-28 08:29:57.163683
69394,143,550.000,3.846,2026-06-28 08:29:57.163683
69406,1374,4831.500,3.516,2026-06-28 08:29:57.163683
69419,7,16.000,2.286,2026-06-28 08:29:57.163683
69421,20,63.000,3.150,2026-06-28 08:29:57.163683
69429,10,36.000,3.600,2026-06-28 08:29:57.163683
69432,15,48.000,3.200,2026-06-28 08:29:57.163683
69436,605,1532.000,2.532,2026-06-28 08:29:57.163683
69438,45,136.000,3.022,2026-06-28 08:29:57.163683
69442,15,33.000,2.200,2026-06-28 08:29:57.163683
69444,10,26.500,2.650,2026-06-28 08:29:57.163683
69446,5,14.500,2.900,2026-06-28 08:29:57.163683
69448,17,61.000,3.588,2026-06-28 08:29:57.163683
69451,9,32.000,3.556,2026-06-28 08:29:57.163683
69453,32,97.500,3.047,2026-06-28 08:29:57.163683
69458,225,810.000,3.600,2026-06-28 08:29:57.163683
69460,5,17.500,3.500,2026-06-28 08:29:57.163683
69464,10,38.500,3.850,2026-06-28 08:29:57.163683
69466,30,96.000,3.200,2026-06-28 08:29:57.163683
69469,26,55.000,2.115,2026-06-28 08:29:57.163683
69481,3965,15059.000,3.798,2026-06-28 08:29:57.163683
69483,9,35.000,3.889,2026-06-28 08:29:57.163683
69489,12,45.000,3.750,2026-06-28 08:29:57.163683
69495,25,88.000,3.520,2026-06-28 08:29:57.163683
69498,32,107.500,3.359,2026-06-28 08:29:57.163683
69500,5,19.000,3.800,2026-06-28 08:29:57.163683
69503,10,29.500,2.950,2026-06-28 08:29:57.163683
69506,7,18.000,2.571,2026-06-28 08:29:57.163683
69509,15,51.500,3.433,2026-06-28 08:29:57.163683
69516,154,491.000,3.188,2026-06-28 08:29:57.163683
69521,14,51.500,3.679,2026-06-28 08:29:57.163683
69524,233,906.500,3.891,2026-06-28 08:29:57.163683
69526,2012,5911.500,2.938,2026-06-28 08:29:57.163683
69529,189,730.000,3.862,2026-06-28 08:29:57.163683
69542,54,174.000,3.222,2026-06-28 08:29:57.163683
69552,27,77.000,2.852,2026-06-28 08:29:57.163683
69559,7,24.500,3.500,2026-06-28 08:29:57.163683
69574,113,409.500,3.624,2026-06-28 08:29:57.163683
69604,603,2169.500,3.598,2026-06-28 08:29:57.163683
69606,345,1016.000,2.945,2026-06-28 08:29:57.163683
69611,11,32.000,2.909,2026-06-28 08:29:57.163683
69626,19,58.000,3.053,2026-06-28 08:29:57.163683
69640,1269,4228.000,3.332,2026-06-28 08:29:57.163683
69644,979,3316.000,3.387,2026-06-28 08:29:57.163683
69654,113,387.000,3.425,2026-06-28 08:29:57.163683
69666,15,48.000,3.200,2026-06-28 08:29:57.163683
69677,14,48.000,3.429,2026-06-28 08:29:57.163683
69685,167,627.500,3.757,2026-06-28 08:29:57.163683
69689,9,25.500,2.833,2026-06-28 08:29:57.163683
69699,18,68.500,3.806,2026-06-28 08:29:57.163683
69701,7,22.000,3.143,2026-06-28 08:29:57.163683
69704,27,44.500,1.648,2026-06-28 08:29:57.163683
69712,356,1265.000,3.553,2026-06-28 08:29:57.163683
69714,12,22.500,1.875,2026-06-28 08:29:57.163683
69720,12,21.000,1.750,2026-06-28 08:29:57.163683
69722,6,19.500,3.250,2026-06-28 08:29:57.163683
69729,5,21.000,4.200,2026-06-28 08:29:57.163683
69744,6,22.000,3.667,2026-06-28 08:29:57.163683
69746,252,853.000,3.385,2026-06-28 08:29:57.163683
69748,7,26.000,3.714,2026-06-28 08:29:57.163683
69753,6,17.000,2.833,2026-06-28 08:29:57.163683
69757,5767,21939.000,3.804,2026-06-28 08:29:57.163683
69761,15,54.000,3.600,2026-06-28 08:29:57.163683
69768,7,20.000,2.857,2026-06-28 08:29:57.163683
69771,16,56.500,3.531,2026-06-28 08:29:57.163683
69773,10,32.500,3.250,2026-06-28 08:29:57.163683
69784,1276,3706.000,2.904,2026-06-28 08:29:57.163683
69786,8,29.500,3.688,2026-06-28 08:29:57.163683
69788,5,20.000,4.000,2026-06-28 08:29:57.163683
69792,17,50.000,2.941,2026-06-28 08:29:57.163683
69803,18,64.500,3.583,2026-06-28 08:29:57.163683
69805,86,264.000,3.070,2026-06-28 08:29:57.163683
69809,15,39.000,2.600,2026-06-28 08:29:57.163683
69818,122,396.000,3.246,2026-06-28 08:29:57.163683
69821,8,17.500,2.188,2026-06-28 08:29:57.163683
69830,33,109.000,3.303,2026-06-28 08:29:57.163683
69842,53,162.500,3.066,2026-06-28 08:29:57.163683
69844,4245,16196.000,3.815,2026-06-28 08:29:57.163683
69849,421,1637.500,3.890,2026-06-28 08:29:57.163683
69856,5,16.000,3.200,2026-06-28 08:29:57.163683
69858,8,27.000,3.375,2026-06-28 08:29:57.163683
69860,12,36.000,3.000,2026-06-28 08:29:57.163683
69873,29,88.500,3.052,2026-06-28 08:29:57.163683
69904,36,81.500,2.264,2026-06-28 08:29:57.163683
69906,7,17.500,2.500,2026-06-28 08:29:57.163683
69908,16,51.500,3.219,2026-06-28 08:29:57.163683
69911,18,67.000,3.722,2026-06-28 08:29:57.163683
69917,24,50.000,2.083,2026-06-28 08:29:57.163683
69919,10,34.000,3.400,2026-06-28 08:29:57.163683
69926,17,52.500,3.088,2026-06-28 08:29:57.163683
69928,11,38.500,3.500,2026-06-28 08:29:57.163683
69934,68,225.000,3.309,2026-06-28 08:29:57.163683
69945,80,216.000,2.700,2026-06-28 08:29:57.163683
69947,11,34.000,3.091,2026-06-28 08:29:57.163683
69949,19,63.000,3.316,2026-06-28 08:29:57.163683
69951,1190,4160.000,3.496,2026-06-28 08:29:57.163683
69953,24,83.500,3.479,2026-06-28 08:29:57.163683
69957,6,22.000,3.667,2026-06-28 08:29:57.163683
69964,5,7.500,1.500,2026-06-28 08:29:57.163683
69971,14,49.500,3.536,2026-06-28 08:29:57.163683
69974,23,72.000,3.130,2026-06-28 08:29:57.163683
69979,6,19.500,3.250,2026-06-28 08:29:57.163683
69981,6,16.000,2.667,2026-06-28 08:29:57.163683
69986,7,27.000,3.857,2026-06-28 08:29:57.163683
69988,101,326.500,3.233,2026-06-28 08:29:57.163683
69992,41,148.000,3.610,2026-06-28 08:29:57.163683
69995,101,361.500,3.579,2026-06-28 08:29:57.163683
70015,37,134.500,3.635,2026-06-28 08:29:57.163683
70032,93,297.000,3.194,2026-06-28 08:29:57.163683
70046,21,72.500,3.452,2026-06-28 08:29:57.163683
70048,10,31.000,3.100,2026-06-28 08:29:57.163683
70062,5,15.500,3.100,2026-06-28 08:29:57.163683
70064,14,31.000,2.214,2026-06-28 08:29:57.163683
70088,15,40.500,2.700,2026-06-28 08:29:57.163683
70093,56,159.000,2.839,2026-06-28 08:29:57.163683
70102,35,131.000,3.743,2026-06-28 08:29:57.163683
70121,22,51.000,2.318,2026-06-28 08:29:57.163683
70130,13,46.500,3.577,2026-06-28 08:29:57.163683
70133,53,167.000,3.151,2026-06-28 08:29:57.163683
70157,8,27.500,3.438,2026-06-28 08:29:57.163683
70159,477,1626.000,3.409,2026-06-28 08:29:57.163683
70173,5,15.500,3.100,2026-06-28 08:29:57.163683
70175,19,49.500,2.605,2026-06-28 08:29:57.163683
70183,711,2265.000,3.186,2026-06-28 08:29:57.163683
70186,21,85.000,4.048,2026-06-28 08:29:57.163683
70188,26,87.500,3.365,2026-06-28 08:29:57.163683
70201,33,118.000,3.576,2026-06-28 08:29:57.163683
70206,98,287.500,2.934,2026-06-28 08:29:57.163683
70208,242,766.000,3.165,2026-06-28 08:29:57.163683
70223,14,53.000,3.786,2026-06-28 08:29:57.163683
70227,6,15.500,2.583,2026-06-28 08:29:57.163683
70229,16,44.500,2.781,2026-06-28 08:29:57.163683
70235,15,44.000,2.933,2026-06-28 08:29:57.163683
70237,5,15.500,3.100,2026-06-28 08:29:57.163683
70282,117,316.000,2.701,2026-06-28 08:29:57.163683
70286,8038,31127.000,3.872,2026-06-28 08:29:57.163683
70293,1330,4764.500,3.582,2026-06-28 08:29:57.163683
70295,29,104.500,3.603,2026-06-28 08:29:57.163683
70301,86,211.000,2.453,2026-06-28 08:29:57.163683
70305,260,729.000,2.804,2026-06-28 08:29:57.163683
70315,5,14.500,2.900,2026-06-28 08:29:57.163683
70334,182,432.500,2.376,2026-06-28 08:29:57.163683
70336,982,2767.500,2.818,2026-06-28 08:29:57.163683
70342,66,248.000,3.758,2026-06-28 08:29:57.163683
70344,122,408.500,3.348,2026-06-28 08:29:57.163683
70361,204,561.000,2.750,2026-06-28 08:29:57.163683
70366,24,49.000,2.042,2026-06-28 08:29:57.163683
70377,11,36.500,3.318,2026-06-28 08:29:57.163683
70410,57,179.000,3.140,2026-06-28 08:29:57.163683
70418,11,31.000,2.818,2026-06-28 08:29:57.163683
70423,9,35.500,3.944,2026-06-28 08:29:57.163683
70425,8,27.500,3.438,2026-06-28 08:29:57.163683
70432,60,211.000,3.517,2026-06-28 08:29:57.163683
70451,169,620.500,3.672,2026-06-28 08:29:57.163683
70465,30,115.500,3.850,2026-06-28 08:29:57.163683
70492,6,15.500,2.583,2026-06-28 08:29:57.163683
70495,12,35.500,2.958,2026-06-28 08:29:57.163683
70497,34,115.500,3.397,2026-06-28 08:29:57.163683
70507,14,49.000,3.500,2026-06-28 08:29:57.163683
70513,5,13.000,2.600,2026-06-28 08:29:57.163683
70517,6,17.000,2.833,2026-06-28 08:29:57.163683
70521,125,458.000,3.664,2026-06-28 08:29:57.163683
70533,272,1042.000,3.831,2026-06-28 08:29:57.163683
70535,10,25.500,2.550,2026-06-28 08:29:57.163683
70537,6,24.000,4.000,2026-06-28 08:29:57.163683
70541,13,47.000,3.615,2026-06-28 08:29:57.163683
70543,8,29.000,3.625,2026-06-28 08:29:57.163683
70545,11,31.500,2.864,2026-06-28 08:29:57.163683
70549,8,27.500,3.438,2026-06-28 08:29:57.163683
70559,9,27.500,3.056,2026-06-28 08:29:57.163683
70562,56,171.000,3.054,2026-06-28 08:29:57.163683
70565,111,314.500,2.833,2026-06-28 08:29:57.163683
70567,350,1295.000,3.700,2026-06-28 08:29:57.163683
70571,11,36.500,3.318,2026-06-28 08:29:57.163683
70587,35,95.000,2.714,2026-06-28 08:29:57.163683
70595,19,66.000,3.474,2026-06-28 08:29:57.163683
70597,91,291.500,3.203,2026-06-28 08:29:57.163683
70599,820,2923.500,3.565,2026-06-28 08:29:57.163683
70607,41,104.500,2.549,2026-06-28 08:29:57.163683
70629,15,46.500,3.100,2026-06-28 08:29:57.163683
70637,35,128.500,3.671,2026-06-28 08:29:57.163683
70641,82,203.500,2.482,2026-06-28 08:29:57.163683
70643,75,254.500,3.393,2026-06-28 08:29:57.163683
70649,10,35.500,3.550,2026-06-28 08:29:57.163683
70656,25,80.500,3.220,2026-06-28 08:29:57.163683
70659,20,79.000,3.950,2026-06-28 08:29:57.163683
70661,12,33.000,2.750,2026-06-28 08:29:57.163683
70663,166,426.500,2.569,2026-06-28 08:29:57.163683
70670,22,86.500,3.932,2026-06-28 08:29:57.163683
70682,16,58.500,3.656,2026-06-28 08:29:57.163683
70687,132,414.500,3.140,2026-06-28 08:29:57.163683
70689,8,24.500,3.063,2026-06-28 08:29:57.163683
70695,30,68.500,2.283,2026-06-28 08:29:57.163683
70697,183,470.000,2.568,2026-06-28 08:29:57.163683
70703,8,20.000,2.500,2026-06-28 08:29:57.163683
70706,76,191.000,2.513,2026-06-28 08:29:57.163683
70708,67,222.000,3.313,2026-06-28 08:29:57.163683
70712,10,34.000,3.400,2026-06-28 08:29:57.163683
70722,6,25.000,4.167,2026-06-28 08:29:57.163683
70724,11,38.000,3.455,2026-06-28 08:29:57.163683
70726,35,104.500,2.986,2026-06-28 08:29:57.163683
70728,290,998.500,3.443,2026-06-28 08:29:57.163683
70740,5,11.000,2.200,2026-06-28 08:29:57.163683
70742,33,112.000,3.394,2026-06-28 08:29:57.163683
70762,11,33.000,3.000,2026-06-28 08:29:57.163683
70769,74,261.000,3.527,2026-06-28 08:29:57.163683
70802,33,117.000,3.545,2026-06-28 08:29:57.163683
70804,16,57.000,3.563,2026-06-28 08:29:57.163683
70806,14,49.500,3.536,2026-06-28 08:29:57.163683
70821,6,20.500,3.417,2026-06-28 08:29:57.163683
70824,21,34.500,1.643,2026-06-28 08:29:57.163683
70828,22,82.000,3.727,2026-06-28 08:29:57.163683
70831,9,31.500,3.500,2026-06-28 08:29:57.163683
70833,10,34.500,3.450,2026-06-28 08:29:57.163683
70839,8,23.500,2.938,2026-06-28 08:29:57.163683
70843,7,18.500,2.643,2026-06-28 08:29:57.163683
70846,86,299.000,3.477,2026-06-28 08:29:57.163683
70849,102,387.500,3.799,2026-06-28 08:29:57.163683
70862,228,856.500,3.757,2026-06-28 08:29:57.163683
70864,25,71.500,2.860,2026-06-28 08:29:57.163683
70867,5,13.500,2.700,2026-06-28 08:29:57.163683
70869,5,16.000,3.200,2026-06-28 08:29:57.163683
70871,38,152.000,4.000,2026-06-28 08:29:57.163683
70877,10,31.500,3.150,2026-06-28 08:29:57.163683
70880,10,34.000,3.400,2026-06-28 08:29:57.163683
70887,13,38.000,2.923,2026-06-28 08:29:57.163683
70898,74,193.500,2.615,2026-06-28 08:29:57.163683
70912,67,233.000,3.478,2026-06-28 08:29:57.163683
70927,25,85.000,3.400,2026-06-28 08:29:57.163683
70932,115,333.000,2.896,2026-06-28 08:29:57.163683
70946,111,224.000,2.018,2026-06-28 08:29:57.163683
70948,8,30.500,3.813,2026-06-28 08:29:57.163683
70958,21,66.000,3.143,2026-06-28 08:29:57.163683
70961,8,28.000,3.500,2026-06-28 08:29:57.163683
70964,9,31.500,3.500,2026-06-28 08:29:57.163683
70968,13,39.000,3.000,2026-06-28 08:29:57.163683
70970,23,76.000,3.304,2026-06-28 08:29:57.163683
70976,12,36.000,3.000,2026-06-28 08:29:57.163683
70978,17,62.500,3.676,2026-06-28 08:29:57.163683
70984,230,770.500,3.350,2026-06-28 08:29:57.163683
70988,11,32.500,2.955,2026-06-28 08:29:57.163683
70990,35,105.000,3.000,2026-06-28 08:29:57.163683
70992,33,112.500,3.409,2026-06-28 08:29:57.163683
70994,163,418.500,2.567,2026-06-28 08:29:57.163683
71007,6,17.000,2.833,2026-06-28 08:29:57.163683
71011,48,166.000,3.458,2026-06-28 08:29:57.163683
71014,16,52.000,3.250,2026-06-28 08:29:57.163683
71017,5,13.500,2.700,2026-06-28 08:29:57.163683
71027,10,36.500,3.650,2026-06-28 08:29:57.163683
71029,16,53.500,3.344,2026-06-28 08:29:57.163683
71033,1191,4819.500,4.047,2026-06-28 08:29:57.163683
71057,1467,5069.000,3.455,2026-06-28 08:29:57.163683
71067,6,18.500,3.083,2026-06-28 08:29:57.163683
71069,9,21.000,2.333,2026-06-28 08:29:57.163683
71096,5,15.500,3.100,2026-06-28 08:29:57.163683
71102,9,26.500,2.944,2026-06-28 08:29:57.163683
71104,6,19.000,3.167,2026-06-28 08:29:57.163683
71106,457,1718.000,3.759,2026-06-28 08:29:57.163683
71108,526,1992.500,3.788,2026-06-28 08:29:57.163683
71110,9,28.500,3.167,2026-06-28 08:29:57.163683
71112,5,3.500,0.700,2026-06-28 08:29:57.163683
71116,30,87.500,2.917,2026-06-28 08:29:57.163683
71129,245,803.500,3.280,2026-06-28 08:29:57.163683
71131,307,1193.500,3.888,2026-06-28 08:29:57.163683
71133,8,19.000,2.375,2026-06-28 08:29:57.163683
71135,934,3230.500,3.459,2026-06-28 08:29:57.163683
71139,6,19.500,3.250,2026-06-28 08:29:57.163683
71141,19,70.000,3.684,2026-06-28 08:29:57.163683
71143,11,32.000,2.909,2026-06-28 08:29:57.163683
71147,10,40.500,4.050,2026-06-28 08:29:57.163683
71152,11,40.000,3.636,2026-06-28 08:29:57.163683
71154,15,40.000,2.667,2026-06-28 08:29:57.163683
71156,1261,4102.000,3.253,2026-06-28 08:29:57.163683
71160,39,120.500,3.090,2026-06-28 08:29:57.163683
71164,7,26.000,3.714,2026-06-28 08:29:57.163683
71168,7,14.000,2.000,2026-06-28 08:29:57.163683
71170,19,59.500,3.132,2026-06-28 08:29:57.163683
71178,21,78.000,3.714,2026-06-28 08:29:57.163683
71180,18,67.500,3.750,2026-06-28 08:29:57.163683
71182,10,37.000,3.700,2026-06-28 08:29:57.163683
71184,41,145.000,3.537,2026-06-28 08:29:57.163683
71187,11,36.500,3.318,2026-06-28 08:29:57.163683
71189,23,83.500,3.630,2026-06-28 08:29:57.163683
71199,20,81.000,4.050,2026-06-28 08:29:57.163683
71201,10,34.500,3.450,2026-06-28 08:29:57.163683
71203,16,38.000,2.375,2026-06-28 08:29:57.163683
71205,434,1147.500,2.644,2026-06-28 08:29:57.163683
71211,783,2620.000,3.346,2026-06-28 08:29:57.163683
71239,33,80.000,2.424,2026-06-28 08:29:57.163683
71241,7,21.500,3.071,2026-06-28 08:29:57.163683
71243,8,28.000,3.500,2026-06-28 08:29:57.163683
71246,48,168.500,3.510,2026-06-28 08:29:57.163683
71248,406,1248.500,3.075,2026-06-28 08:29:57.163683
71252,382,991.000,2.594,2026-06-28 08:29:57.163683
71254,665,1994.500,2.999,2026-06-28 08:29:57.163683
71264,1069,3724.000,3.484,2026-06-28 08:29:57.163683
71268,14,47.500,3.393,2026-06-28 08:29:57.163683
71280,5,16.000,3.200,2026-06-28 08:29:57.163683
71282,794,3048.500,3.839,2026-06-28 08:29:57.163683
71285,22,70.500,3.205,2026-06-28 08:29:57.163683
71302,48,116.000,2.417,2026-06-28 08:29:57.163683
71304,267,944.500,3.537,2026-06-28 08:29:57.163683
71318,84,260.000,3.095,2026-06-28 08:29:57.163683
71322,29,89.000,3.069,2026-06-28 08:29:57.163683
71325,155,460.500,2.971,2026-06-28 08:29:57.163683
71327,226,768.000,3.398,2026-06-28 08:29:57.163683
71341,24,66.000,2.750,2026-06-28 08:29:57.163683
71343,6,20.000,3.333,2026-06-28 08:29:57.163683
71350,7,26.000,3.714,2026-06-28 08:29:57.163683
71372,33,84.000,2.545,2026-06-28 08:29:57.163683
71374,47,105.000,2.234,2026-06-28 08:29:57.163683
71376,10,26.000,2.600,2026-06-28 08:29:57.163683
71379,1120,3496.500,3.122,2026-06-28 08:29:57.163683
71382,5,14.500,2.900,2026-06-28 08:29:57.163683
71390,58,212.500,3.664,2026-06-28 08:29:57.163683
71402,5,12.500,2.500,2026-06-28 08:29:57.163683
71404,15,58.000,3.867,2026-06-28 08:29:57.163683
71409,5,13.000,2.600,2026-06-28 08:29:57.163683
71413,11,37.000,3.364,2026-06-28 08:29:57.163683
71416,12,43.000,3.583,2026-06-28 08:29:57.163683
71418,36,127.500,3.542,2026-06-28 08:29:57.163683
71426,7,21.000,3.000,2026-06-28 08:29:57.163683
71429,310,1070.500,3.453,2026-06-28 08:29:57.163683
71433,8,29.000,3.625,2026-06-28 08:29:57.163683
71438,80,296.000,3.700,2026-06-28 08:29:57.163683
71442,13,49.500,3.808,2026-06-28 08:29:57.163683
71444,9,34.500,3.833,2026-06-28 08:29:57.163683
71446,12,45.000,3.750,2026-06-28 08:29:57.163683
71448,13,44.500,3.423,2026-06-28 08:29:57.163683
71450,458,1651.500,3.606,2026-06-28 08:29:57.163683
71453,8,33.500,4.188,2026-06-28 08:29:57.163683
71460,130,455.000,3.500,2026-06-28 08:29:57.163683
71462,629,2465.500,3.920,2026-06-28 08:29:57.163683
71464,1275,4559.000,3.576,2026-06-28 08:29:57.163683
71466,438,1630.000,3.721,2026-06-28 08:29:57.163683
71468,274,999.500,3.648,2026-06-28 08:29:57.163683
71472,14,54.500,3.893,2026-06-28 08:29:57.163683
71482,9,22.500,2.500,2026-06-28 08:29:57.163683
71484,118,402.000,3.407,2026-06-28 08:29:57.163683
71486,8,29.500,3.688,2026-06-28 08:29:57.163683
71488,6,23.000,3.833,2026-06-28 08:29:57.163683
71490,33,85.000,2.576,2026-06-28 08:29:57.163683
71494,44,132.000,3.000,2026-06-28 08:29:57.163683
71497,6,20.000,3.333,2026-06-28 08:29:57.163683
71500,318,1076.000,3.384,2026-06-28 08:29:57.163683
71503,18,43.000,2.389,2026-06-28 08:29:57.163683
71518,687,2485.000,3.617,2026-06-28 08:29:57.163683
71520,876,2813.000,3.211,2026-06-28 08:29:57.163683
71522,10,34.500,3.450,2026-06-28 08:29:57.163683
71525,8,25.500,3.188,2026-06-28 08:29:57.163683
71530,1272,4124.000,3.242,2026-06-28 08:29:57.163683
71533,35,104.000,2.971,2026-06-28 08:29:57.163683
71535,5429,20901.000,3.850,2026-06-28 08:29:57.163683
71537,96,249.000,2.594,2026-06-28 08:29:57.163683
71542,147,528.500,3.595,2026-06-28 08:29:57.163683
71545,8,21.000,2.625,2026-06-28 08:29:57.163683
71550,98,323.500,3.301,2026-06-28 08:29:57.163683
71556,13,40.500,3.115,2026-06-28 08:29:57.163683
71558,14,42.500,3.036,2026-06-28 08:29:57.163683
71560,27,81.000,3.000,2026-06-28 08:29:57.163683
71571,82,178.500,2.177,2026-06-28 08:29:57.163683
71573,150,394.500,2.630,2026-06-28 08:29:57.163683
71575,47,152.000,3.234,2026-06-28 08:29:57.163683
71579,1082,4052.500,3.745,2026-06-28 08:29:57.163683
71591,22,64.000,2.909,2026-06-28 08:29:57.163683
71606,6,18.500,3.083,2026-06-28 08:29:57.163683
71619,234,802.500,3.429,2026-06-28 08:29:57.163683
71634,12,39.000,3.250,2026-06-28 08:29:57.163683
71638,8,25.000,3.125,2026-06-28 08:29:57.163683
71640,25,86.000,3.440,2026-06-28 08:29:57.163683
71650,15,50.000,3.333,2026-06-28 08:29:57.163683
71653,5,16.000,3.200,2026-06-28 08:29:57.163683
71664,19,58.000,3.053,2026-06-28 08:29:57.163683
71668,421,1181.000,2.805,2026-06-28 08:29:57.163683
71670,240,622.500,2.594,2026-06-28 08:29:57.163683
71677,13,42.500,3.269,2026-06-28 08:29:57.163683
71688,57,208.500,3.658,2026-06-28 08:29:57.163683
71691,95,324.000,3.411,2026-06-28 08:29:57.163683
71693,16,52.000,3.250,2026-06-28 08:29:57.163683
71695,35,123.000,3.514,2026-06-28 08:29:57.163683
71700,90,255.500,2.839,2026-06-28 08:29:57.163683
71707,11,31.000,2.818,2026-06-28 08:29:57.163683
71717,11,37.000,3.364,2026-06-28 08:29:57.163683
71719,7,24.000,3.429,2026-06-28 08:29:57.163683
71728,39,96.500,2.474,2026-06-28 08:29:57.163683
71730,6,20.500,3.417,2026-06-28 08:29:57.163683
71732,98,322.500,3.291,2026-06-28 08:29:57.163683
71736,5,18.000,3.600,2026-06-28 08:29:57.163683
71738,14,52.500,3.750,2026-06-28 08:29:57.163683
71740,15,48.500,3.233,2026-06-28 08:29:57.163683
71743,7,23.000,3.286,2026-06-28 08:29:57.163683
71745,1174,3978.000,3.388,2026-06-28 08:29:57.163683
71748,6,16.500,2.750,2026-06-28 08:29:57.163683
71750,5,13.000,2.600,2026-06-28 08:29:57.163683
71755,5,19.000,3.800,2026-06-28 08:29:57.163683
71758,6,24.500,4.083,2026-06-28 08:29:57.163683
71760,5,17.000,3.400,2026-06-28 08:29:57.163683
71762,9,31.000,3.444,2026-06-28 08:29:57.163683
71765,8,30.500,3.813,2026-06-28 08:29:57.163683
71779,11,34.000,3.091,2026-06-28 08:29:57.163683
71792,17,55.000,3.235,2026-06-28 08:29:57.163683
71808,5,9.500,1.900,2026-06-28 08:29:57.163683
71810,58,145.500,2.509,2026-06-28 08:29:57.163683
71817,21,72.500,3.452,2026-06-28 08:29:57.163683
71821,25,68.000,2.720,2026-06-28 08:29:57.163683
71823,202,626.500,3.101,2026-06-28 08:29:57.163683
71838,893,3229.500,3.616,2026-06-28 08:29:57.163683
71840,18,52.500,2.917,2026-06-28 08:29:57.163683
71851,6,16.000,2.667,2026-06-28 08:29:57.163683
71867,48,177.500,3.698,2026-06-28 08:29:57.163683
71876,133,383.000,2.880,2026-06-28 08:29:57.163683
71878,100,253.500,2.535,2026-06-28 08:29:57.163683
71899,1334,5329.500,3.995,2026-06-28 08:29:57.163683
71902,106,345.500,3.259,2026-06-28 08:29:57.163683
71910,106,330.500,3.118,2026-06-28 08:29:57.163683
71926,73,240.500,3.295,2026-06-28 08:29:57.163683
71928,93,320.000,3.441,2026-06-28 08:29:57.163683
71936,11,36.500,3.318,2026-06-28 08:29:57.163683
71938,13,50.500,3.885,2026-06-28 08:29:57.163683
71942,5,17.500,3.500,2026-06-28 08:29:57.163683
71966,10,39.000,3.900,2026-06-28 08:29:57.163683
71970,14,42.500,3.036,2026-06-28 08:29:57.163683
71973,10,36.000,3.600,2026-06-28 08:29:57.163683
71976,11,32.000,2.909,2026-06-28 08:29:57.163683
71978,13,47.000,3.615,2026-06-28 08:29:57.163683
71980,11,38.500,3.500,2026-06-28 08:29:57.163683
71989,10,31.000,3.100,2026-06-28 08:29:57.163683
71991,31,97.000,3.129,2026-06-28 08:29:57.163683
71993,8,24.500,3.063,2026-06-28 08:29:57.163683
71995,5,7.500,1.500,2026-06-28 08:29:57.163683
71999,19,56.500,2.974,2026-06-28 08:29:57.163683
72011,3600,13534.000,3.759,2026-06-28 08:29:57.163683
72013,9,30.500,3.389,2026-06-28 08:29:57.163683
72018,15,55.000,3.667,2026-06-28 08:29:57.163683
72030,12,36.000,3.000,2026-06-28 08:29:57.163683
72035,16,59.000,3.688,2026-06-28 08:29:57.163683
72037,13,49.000,3.769,2026-06-28 08:29:57.163683
72039,52,170.500,3.279,2026-06-28 08:29:57.163683
72041,21,52.500,2.500,2026-06-28 08:29:57.163683
72043,141,422.000,2.993,2026-06-28 08:29:57.163683
72045,10,32.500,3.250,2026-06-28 08:29:57.163683
72090,6,14.000,2.333,2026-06-28 08:29:57.163683
72092,10,32.500,3.250,2026-06-28 08:29:57.163683
72094,5,12.500,2.500,2026-06-28 08:29:57.163683
72096,10,32.000,3.200,2026-06-28 08:29:57.163683
72102,7,26.000,3.714,2026-06-28 08:29:57.163683
72104,46,179.500,3.902,2026-06-28 08:29:57.163683
72109,13,27.000,2.077,2026-06-28 08:29:57.163683
72113,60,214.000,3.567,2026-06-28 08:29:57.163683
72117,53,191.500,3.613,2026-06-28 08:29:57.163683
72124,6,14.500,2.417,2026-06-28 08:29:57.163683
72129,425,1191.500,2.804,2026-06-28 08:29:57.163683
72131,223,750.500,3.365,2026-06-28 08:29:57.163683
72142,58,211.000,3.638,2026-06-28 08:29:57.163683
72153,6,15.500,2.583,2026-06-28 08:29:57.163683
72156,14,32.000,2.286,2026-06-28 08:29:57.163683
72159,14,54.000,3.857,2026-06-28 08:29:57.163683
72161,8,27.500,3.438,2026-06-28 08:29:57.163683
72163,9,30.500,3.389,2026-06-28 08:29:57.163683
72165,205,612.000,2.985,2026-06-28 08:29:57.163683
72167,403,1248.000,3.097,2026-06-28 08:29:57.163683
72169,121,423.500,3.500,2026-06-28 08:29:57.163683
72171,332,1184.000,3.566,2026-06-28 08:29:57.163683
72176,165,556.000,3.370,2026-06-28 08:29:57.163683
72178,13,49.000,3.769,2026-06-28 08:29:57.163683
72204,7,19.000,2.714,2026-06-28 08:29:57.163683
72209,203,653.500,3.219,2026-06-28 08:29:57.163683
72212,15,39.500,2.633,2026-06-28 08:29:57.163683
72224,94,284.500,3.027,2026-06-28 08:29:57.163683
72226,2778,10731.000,3.863,2026-06-28 08:29:57.163683
72228,97,337.500,3.479,2026-06-28 08:29:57.163683
72249,61,198.000,3.246,2026-06-28 08:29:57.163683
72258,8,13.000,1.625,2026-06-28 08:29:57.163683
72261,47,144.500,3.074,2026-06-28 08:29:57.163683
72263,11,18.000,1.636,2026-06-28 08:29:57.163683
72265,7,18.000,2.571,2026-06-28 08:29:57.163683
72273,6,23.000,3.833,2026-06-28 08:29:57.163683
72276,6,17.000,2.833,2026-06-28 08:29:57.163683
72283,11,37.000,3.364,2026-06-28 08:29:57.163683
72290,8,27.000,3.375,2026-06-28 08:29:57.163683
72292,6,22.000,3.667,2026-06-28 08:29:57.163683
72294,327,1079.500,3.301,2026-06-28 08:29:57.163683
72298,10,36.000,3.600,2026-06-28 08:29:57.163683
72302,5,20.000,4.000,2026-06-28 08:29:57.163683
72304,8,25.000,3.125,2026-06-28 08:29:57.163683
72308,327,1134.500,3.469,2026-06-28 08:29:57.163683
72310,11,26.500,2.409,2026-06-28 08:29:57.163683
72321,7,20.500,2.929,2026-06-28 08:29:57.163683
72327,9,35.000,3.889,2026-06-28 08:29:57.163683
72330,72,228.500,3.174,2026-06-28 08:29:57.163683
72334,17,63.000,3.706,2026-06-28 08:29:57.163683
72340,9,28.500,3.167,2026-06-28 08:29:57.163683
72356,315,1200.000,3.810,2026-06-28 08:29:57.163683
72360,11,40.000,3.636,2026-06-28 08:29:57.163683
72367,80,282.500,3.531,2026-06-28 08:29:57.163683
72369,19,61.500,3.237,2026-06-28 08:29:57.163683
72378,2407,6687.500,2.778,2026-06-28 08:29:57.163683
72380,486,1329.500,2.736,2026-06-28 08:29:57.163683
72386,317,1172.500,3.699,2026-06-28 08:29:57.163683
72393,314,915.500,2.916,2026-06-28 08:29:57.163683
72395,725,2640.500,3.642,2026-06-28 08:29:57.163683
72405,466,1585.500,3.402,2026-06-28 08:29:57.163683
72407,1135,2912.000,2.566,2026-06-28 08:29:57.163683
72424,42,111.500,2.655,2026-06-28 08:29:57.163683
72479,279,1003.000,3.595,2026-06-28 08:29:57.163683
72483,52,197.500,3.798,2026-06-28 08:29:57.163683
72485,47,167.500,3.564,2026-06-28 08:29:57.163683
72489,421,1324.000,3.145,2026-06-28 08:29:57.163683
72491,40,130.000,3.250,2026-06-28 08:29:57.163683
72505,6,14.000,2.333,2026-06-28 08:29:57.163683
72524,5,17.500,3.500,2026-06-28 08:29:57.163683
72552,19,52.500,2.763,2026-06-28 08:29:57.163683
72554,440,1692.000,3.845,2026-06-28 08:29:57.163683
72557,31,107.000,3.452,2026-06-28 08:29:57.163683
72559,13,35.500,2.731,2026-06-28 08:29:57.163683
72574,5,16.500,3.300,2026-06-28 08:29:57.163683
72583,9,31.500,3.500,2026-06-28 08:29:57.163683
72589,5,18.000,3.600,2026-06-28 08:29:57.163683
72591,92,288.000,3.130,2026-06-28 08:29:57.163683
72593,5,7.000,1.400,2026-06-28 08:29:57.163683
72601,70,204.500,2.921,2026-06-28 08:29:57.163683
72603,70,215.000,3.071,2026-06-28 08:29:57.163683
72605,459,1599.000,3.484,2026-06-28 08:29:57.163683
72612,29,94.000,3.241,2026-06-28 08:29:57.163683
72618,7,18.500,2.643,2026-06-28 08:29:57.163683
72624,9,35.500,3.944,2026-06-28 08:29:57.163683
72626,6,16.500,2.750,2026-06-28 08:29:57.163683
72628,12,34.000,2.833,2026-06-28 08:29:57.163683
72630,52,163.000,3.135,2026-06-28 08:29:57.163683
72641,2123,8207.000,3.866,2026-06-28 08:29:57.163683
72643,9,34.000,3.778,2026-06-28 08:29:57.163683
72645,5,16.500,3.300,2026-06-28 08:29:57.163683
72647,8,30.500,3.813,2026-06-28 08:29:57.163683
72651,5,14.000,2.800,2026-06-28 08:29:57.163683
72668,32,93.500,2.922,2026-06-28 08:29:57.163683
72670,12,26.000,2.167,2026-06-28 08:29:57.163683
72672,14,48.000,3.429,2026-06-28 08:29:57.163683
72692,39,124.000,3.179,2026-06-28 08:29:57.163683
72694,123,422.500,3.435,2026-06-28 08:29:57.163683
72696,135,343.500,2.544,2026-06-28 08:29:57.163683
72698,5,15.000,3.000,2026-06-28 08:29:57.163683
72701,279,856.000,3.068,2026-06-28 08:29:57.163683
72703,121,398.500,3.293,2026-06-28 08:29:57.163683
72712,50,182.000,3.640,2026-06-28 08:29:57.163683
72714,73,269.500,3.692,2026-06-28 08:29:57.163683
72718,23,75.500,3.283,2026-06-28 08:29:57.163683
72720,844,3243.000,3.842,2026-06-28 08:29:57.163683
72722,8,13.500,1.688,2026-06-28 08:29:57.163683
72724,7,18.000,2.571,2026-06-28 08:29:57.163683
72726,7,26.500,3.786,2026-06-28 08:29:57.163683
72731,664,2089.500,3.147,2026-06-28 08:29:57.163683
72733,847,3042.000,3.591,2026-06-28 08:29:57.163683
72735,18,60.000,3.333,2026-06-28 08:29:57.163683
72737,833,2987.500,3.586,2026-06-28 08:29:57.163683
72741,259,914.500,3.531,2026-06-28 08:29:57.163683
72751,18,59.000,3.278,2026-06-28 08:29:57.163683
72762,151,435.000,2.881,2026-06-28 08:29:57.163683
72764,17,31.500,1.853,2026-06-28 08:29:57.163683
72777,38,104.000,2.737,2026-06-28 08:29:57.163683
72787,43,131.500,3.058,2026-06-28 08:29:57.163683
72815,5,19.000,3.800,2026-06-28 08:29:57.163683
72822,8,24.500,3.063,2026-06-28 08:29:57.163683
72833,6,21.500,3.583,2026-06-28 08:29:57.163683
72844,10,36.500,3.650,2026-06-28 08:29:57.163683
72850,8,29.000,3.625,2026-06-28 08:29:57.163683
72852,15,56.000,3.733,2026-06-28 08:29:57.163683
72856,5,17.500,3.500,2026-06-28 08:29:57.163683
72874,38,94.500,2.487,2026-06-28 08:29:57.163683
72878,5,17.000,3.400,2026-06-28 08:29:57.163683
72880,5,14.000,2.800,2026-06-28 08:29:57.163683
72883,7,24.000,3.429,2026-06-28 08:29:57.163683
72899,9,28.500,3.167,2026-06-28 08:29:57.163683
72904,9,24.000,2.667,2026-06-28 08:29:57.163683
72913,16,59.000,3.688,2026-06-28 08:29:57.163683
72915,7,26.000,3.714,2026-06-28 08:29:57.163683
72919,229,624.500,2.727,2026-06-28 08:29:57.163683
72921,41,136.000,3.317,2026-06-28 08:29:57.163683
72927,6,13.500,2.250,2026-06-28 08:29:57.163683
72929,6,16.500,2.750,2026-06-28 08:29:57.163683
72931,12,45.000,3.750,2026-06-28 08:29:57.163683
72934,10,35.500,3.550,2026-06-28 08:29:57.163683
72947,19,74.000,3.895,2026-06-28 08:29:57.163683
72949,17,59.500,3.500,2026-06-28 08:29:57.163683
72953,7,23.500,3.357,2026-06-28 08:29:57.163683
72958,18,54.500,3.028,2026-06-28 08:29:57.163683
72980,58,193.000,3.328,2026-06-28 08:29:57.163683
72982,115,411.500,3.578,2026-06-28 08:29:57.163683
72995,10,33.000,3.300,2026-06-28 08:29:57.163683
72998,9753,36833.000,3.777,2026-06-28 08:29:57.163683
73000,258,715.500,2.773,2026-06-28 08:29:57.163683
73002,5,9.500,1.900,2026-06-28 08:29:57.163683
73008,7,26.500,3.786,2026-06-28 08:29:57.163683
73010,7,18.000,2.571,2026-06-28 08:29:57.163683
73015,576,1920.500,3.334,2026-06-28 08:29:57.163683
73017,5736,21722.500,3.787,2026-06-28 08:29:57.163683
73023,856,3173.500,3.707,2026-06-28 08:29:57.163683
73025,7,21.000,3.000,2026-06-28 08:29:57.163683
73027,109,364.000,3.339,2026-06-28 08:29:57.163683
73042,232,492.500,2.123,2026-06-28 08:29:57.163683
73049,34,107.000,3.147,2026-06-28 08:29:57.163683
73051,18,63.000,3.500,2026-06-28 08:29:57.163683
73060,7,17.500,2.500,2026-06-28 08:29:57.163683
73064,15,57.000,3.800,2026-06-28 08:29:57.163683
73086,6,22.000,3.667,2026-06-28 08:29:57.163683
73089,56,154.000,2.750,2026-06-28 08:29:57.163683
73101,142,506.000,3.563,2026-06-28 08:29:57.163683
73106,239,553.500,2.316,2026-06-28 08:29:57.163683
73109,15,50.500,3.367,2026-06-28 08:29:57.163683
73111,7,24.000,3.429,2026-06-28 08:29:57.163683
73114,12,42.000,3.500,2026-06-28 08:29:57.163683
73117,29,98.500,3.397,2026-06-28 08:29:57.163683
73133,7,27.500,3.929,2026-06-28 08:29:57.163683
73135,10,36.500,3.650,2026-06-28 08:29:57.163683
73143,6,19.500,3.250,2026-06-28 08:29:57.163683
73148,6,22.500,3.750,2026-06-28 08:29:57.163683
73152,5,11.500,2.300,2026-06-28 08:29:57.163683
73154,6,21.000,3.500,2026-06-28 08:29:57.163683
73160,11,36.000,3.273,2026-06-28 08:29:57.163683
73168,192,614.000,3.198,2026-06-28 08:29:57.163683
73170,19,54.000,2.842,2026-06-28 08:29:57.163683
73183,65,238.000,3.662,2026-06-28 08:29:57.163683
73188,8,29.000,3.625,2026-06-28 08:29:57.163683
73208,17,45.500,2.676,2026-06-28 08:29:57.163683
73211,326,1167.000,3.580,2026-06-28 08:29:57.163683
73232,17,52.500,3.088,2026-06-28 08:29:57.163683
73240,9,23.500,2.611,2026-06-28 08:29:57.163683
73245,7,21.000,3.000,2026-06-28 08:29:57.163683
73261,5,15.500,3.100,2026-06-28 08:29:57.163683
73266,652,2245.000,3.443,2026-06-28 08:29:57.163683
73268,747,2385.500,3.193,2026-06-28 08:29:57.163683
73270,36,119.500,3.319,2026-06-28 08:29:57.163683
73276,47,167.000,3.553,2026-06-28 08:29:57.163683
73284,6,13.000,2.167,2026-06-28 08:29:57.163683
73290,367,1390.500,3.789,2026-06-28 08:29:57.163683
73319,322,1010.500,3.138,2026-06-28 08:29:57.163683
73321,1782,6137.000,3.444,2026-06-28 08:29:57.163683
73323,833,3162.500,3.797,2026-06-28 08:29:57.163683
73328,11,39.500,3.591,2026-06-28 08:29:57.163683
73330,6,21.000,3.500,2026-06-28 08:29:57.163683
73339,6,22.500,3.750,2026-06-28 08:29:57.163683
73344,1030,4071.500,3.953,2026-06-28 08:29:57.163683
73359,11,35.000,3.182,2026-06-28 08:29:57.163683
73370,53,171.000,3.226,2026-06-28 08:29:57.163683
73386,18,54.000,3.000,2026-06-28 08:29:57.163683
73390,8,28.500,3.563,2026-06-28 08:29:57.163683
73392,89,329.500,3.702,2026-06-28 08:29:57.163683
73399,6,18.500,3.083,2026-06-28 08:29:57.163683
73401,7,23.500,3.357,2026-06-28 08:29:57.163683
73413,48,159.000,3.313,2026-06-28 08:29:57.163683
73416,8,24.500,3.063,2026-06-28 08:29:57.163683
73431,54,157.500,2.917,2026-06-28 08:29:57.163683
73449,8,23.500,2.938,2026-06-28 08:29:57.163683
73457,7,25.500,3.643,2026-06-28 08:29:57.163683
73460,9,31.500,3.500,2026-06-28 08:29:57.163683
73462,52,114.000,2.192,2026-06-28 08:29:57.163683
73469,31,102.500,3.306,2026-06-28 08:29:57.163683
73478,9,14.000,1.556,2026-06-28 08:29:57.163683
73488,90,257.500,2.861,2026-06-28 08:29:57.163683
73492,8,25.000,3.125,2026-06-28 08:29:57.163683
73494,22,74.000,3.364,2026-06-28 08:29:57.163683
73499,30,85.500,2.850,2026-06-28 08:29:57.163683
73501,15,38.500,2.567,2026-06-28 08:29:57.163683
73504,10,35.500,3.550,2026-06-28 08:29:57.163683
73511,73,193.500,2.651,2026-06-28 08:29:57.163683
73513,28,104.000,3.714,2026-06-28 08:29:57.163683
73515,34,104.000,3.059,2026-06-28 08:29:57.163683
73523,18,59.500,3.306,2026-06-28 08:29:57.163683
73531,5,16.500,3.300,2026-06-28 08:29:57.163683
73533,5,18.000,3.600,2026-06-28 08:29:57.163683
73569,26,92.000,3.538,2026-06-28 08:29:57.163683
73572,62,180.500,2.911,2026-06-28 08:29:57.163683
73581,5,19.500,3.900,2026-06-28 08:29:57.163683
73587,254,931.000,3.665,2026-06-28 08:29:57.163683
73590,14,47.000,3.357,2026-06-28 08:29:57.163683
73608,94,352.000,3.745,2026-06-28 08:29:57.163683
73614,23,85.000,3.696,2026-06-28 08:29:57.163683
73630,11,39.000,3.545,2026-06-28 08:29:57.163683
73641,13,36.000,2.769,2026-06-28 08:29:57.163683
73664,52,168.500,3.240,2026-06-28 08:29:57.163683
73668,5,16.500,3.300,2026-06-28 08:29:57.163683
73676,8,30.000,3.750,2026-06-28 08:29:57.163683
73678,20,56.000,2.800,2026-06-28 08:29:57.163683
73681,91,323.500,3.555,2026-06-28 08:29:57.163683
73708,5,15.500,3.100,2026-06-28 08:29:57.163683
73710,9,31.000,3.444,2026-06-28 08:29:57.163683
73713,56,212.000,3.786,2026-06-28 08:29:57.163683
73718,42,109.500,2.607,2026-06-28 08:29:57.163683
73730,15,46.500,3.100,2026-06-28 08:29:57.163683
73741,37,88.500,2.392,2026-06-28 08:29:57.163683
73744,13,36.500,2.808,2026-06-28 08:29:57.163683
73772,12,43.000,3.583,2026-06-28 08:29:57.163683
73774,9,31.500,3.500,2026-06-28 08:29:57.163683
73776,18,63.000,3.500,2026-06-28 08:29:57.163683
73778,6,21.000,3.500,2026-06-28 08:29:57.163683
73790,6,21.000,3.500,2026-06-28 08:29:57.163683
73804,87,228.000,2.621,2026-06-28 08:29:57.163683
73808,220,839.500,3.816,2026-06-28 08:29:57.163683
73813,14,50.500,3.607,2026-06-28 08:29:57.163683
73818,12,46.000,3.833,2026-06-28 08:29:57.163683
73820,19,56.000,2.947,2026-06-28 08:29:57.163683
73822,10,37.500,3.750,2026-06-28 08:29:57.163683
73824,26,93.500,3.596,2026-06-28 08:29:57.163683
73829,95,165.000,1.737,2026-06-28 08:29:57.163683
73831,7,21.000,3.000,2026-06-28 08:29:57.163683
73854,413,1507.000,3.649,2026-06-28 08:29:57.163683
73858,23,41.500,1.804,2026-06-28 08:29:57.163683
73860,143,516.000,3.608,2026-06-28 08:29:57.163683
73862,9,33.500,3.722,2026-06-28 08:29:57.163683
73868,14,55.000,3.929,2026-06-28 08:29:57.163683
73870,38,95.000,2.500,2026-06-28 08:29:57.163683
73872,6,22.500,3.750,2026-06-28 08:29:57.163683
73874,64,221.000,3.453,2026-06-28 08:29:57.163683
73876,35,118.000,3.371,2026-06-28 08:29:57.163683
73879,21,59.000,2.810,2026-06-28 08:29:57.163683
73881,453,1759.000,3.883,2026-06-28 08:29:57.163683
73885,28,98.500,3.518,2026-06-28 08:29:57.163683
73900,18,65.000,3.611,2026-06-28 08:29:57.163683
73912,7,20.000,2.857,2026-06-28 08:29:57.163683
73914,17,53.000,3.118,2026-06-28 08:29:57.163683
73929,389,985.000,2.532,2026-06-28 08:29:57.163683
73954,11,38.500,3.500,2026-06-28 08:29:57.163683
73967,5,11.000,2.200,2026-06-28 08:29:57.163683
73978,7,27.000,3.857,2026-06-28 08:29:57.163683
73981,20,67.000,3.350,2026-06-28 08:29:57.163683
73983,32,112.500,3.516,2026-06-28 08:29:57.163683
74014,8,29.000,3.625,2026-06-28 08:29:57.163683
74064,10,39.000,3.900,2026-06-28 08:29:57.163683
74075,49,95.000,1.939,2026-06-28 08:29:57.163683
74089,143,512.000,3.580,2026-06-28 08:29:57.163683
74095,47,152.000,3.234,2026-06-28 08:29:57.163683
74097,9,28.000,3.111,2026-06-28 08:29:57.163683
74099,10,35.000,3.500,2026-06-28 08:29:57.163683
74109,9,30.000,3.333,2026-06-28 08:29:57.163683
74111,58,190.000,3.276,2026-06-28 08:29:57.163683
74115,41,113.500,2.768,2026-06-28 08:29:57.163683
74127,5,9.500,1.900,2026-06-28 08:29:57.163683
74129,12,39.000,3.250,2026-06-28 08:29:57.163683
74131,88,271.000,3.080,2026-06-28 08:29:57.163683
74135,13,47.500,3.654,2026-06-28 08:29:57.163683
74139,45,147.000,3.267,2026-06-28 08:29:57.163683
74144,7,23.000,3.286,2026-06-28 08:29:57.163683
74148,22,79.500,3.614,2026-06-28 08:29:57.163683
74150,12,31.000,2.583,2026-06-28 08:29:57.163683
74152,243,917.500,3.776,2026-06-28 08:29:57.163683
74154,268,756.500,2.823,2026-06-28 08:29:57.163683
74156,376,1218.000,3.239,2026-06-28 08:29:57.163683
74161,7,18.000,2.571,2026-06-28 08:29:57.163683
74164,8,24.500,3.063,2026-06-28 08:29:57.163683
74204,55,191.500,3.482,2026-06-28 08:29:57.163683
74226,11,42.500,3.864,2026-06-28 08:29:57.163683
74228,295,1055.000,3.576,2026-06-28 08:29:57.163683
74255,6,13.500,2.250,2026-06-28 08:29:57.163683
74257,11,29.000,2.636,2026-06-28 08:29:57.163683
74261,9,26.000,2.889,2026-06-28 08:29:57.163683
74263,9,26.500,2.944,2026-06-28 08:29:57.163683
74266,11,39.000,3.545,2026-06-28 08:29:57.163683
74271,8,25.500,3.188,2026-06-28 08:29:57.163683
74275,635,2128.000,3.351,2026-06-28 08:29:57.163683
74282,179,699.000,3.905,2026-06-28 08:29:57.163683
74287,8,19.500,2.438,2026-06-28 08:29:57.163683
74297,7,25.000,3.571,2026-06-28 08:29:57.163683
74300,7,14.500,2.071,2026-06-28 08:29:57.163683
74306,13,44.000,3.385,2026-06-28 08:29:57.163683
74310,7,24.500,3.500,2026-06-28 08:29:57.163683
74324,575,2275.000,3.957,2026-06-28 08:29:57.163683
74327,51,189.500,3.716,2026-06-28 08:29:57.163683
74339,9,18.500,2.056,2026-06-28 08:29:57.163683
74342,6,19.000,3.167,2026-06-28 08:29:57.163683
74355,26,69.000,2.654,2026-06-28 08:29:57.163683
74370,144,478.000,3.319,2026-06-28 08:29:57.163683
74382,10,30.000,3.000,2026-06-28 08:29:57.163683
74416,332,1220.500,3.676,2026-06-28 08:29:57.163683
74426,21,69.500,3.310,2026-06-28 08:29:57.163683
74428,13,42.000,3.231,2026-06-28 08:29:57.163683
74431,26,99.500,3.827,2026-06-28 08:29:57.163683
74434,9,33.000,3.667,2026-06-28 08:29:57.163683
74436,30,89.000,2.967,2026-06-28 08:29:57.163683
74438,25,75.500,3.020,2026-06-28 08:29:57.163683
74446,7,22.500,3.214,2026-06-28 08:29:57.163683
74450,500,1490.500,2.981,2026-06-28 08:29:57.163683
74452,395,1028.500,2.604,2026-06-28 08:29:57.163683
74456,16,46.500,2.906,2026-06-28 08:29:57.163683
74458,5930,23153.500,3.904,2026-06-28 08:29:57.163683
74473,5,14.500,2.900,2026-06-28 08:29:57.163683
74475,28,76.000,2.714,2026-06-28 08:29:57.163683
74480,14,47.500,3.393,2026-06-28 08:29:57.163683
74484,81,197.500,2.438,2026-06-28 08:29:57.163683
74486,55,165.500,3.009,2026-06-28 08:29:57.163683
74488,173,620.500,3.587,2026-06-28 08:29:57.163683
74491,13,45.000,3.462,2026-06-28 08:29:57.163683
74493,10,20.500,2.050,2026-06-28 08:29:57.163683
74504,68,241.500,3.551,2026-06-28 08:29:57.163683
74506,15,56.000,3.733,2026-06-28 08:29:57.163683
74508,214,825.000,3.855,2026-06-28 08:29:57.163683
74510,880,3302.000,3.752,2026-06-28 08:29:57.163683
74512,14,48.500,3.464,2026-06-28 08:29:57.163683
74530,544,1630.500,2.997,2026-06-28 08:29:57.163683
74532,329,909.000,2.763,2026-06-28 08:29:57.163683
74538,6,19.500,3.250,2026-06-28 08:29:57.163683
74541,80,299.500,3.744,2026-06-28 08:29:57.163683
74545,1189,4354.000,3.662,2026-06-28 08:29:57.163683
74547,5,14.000,2.800,2026-06-28 08:29:57.163683
74553,311,1166.000,3.749,2026-06-28 08:29:57.163683
74573,66,249.500,3.780,2026-06-28 08:29:57.163683
74575,12,39.000,3.250,2026-06-28 08:29:57.163683
74580,113,295.000,2.611,2026-06-28 08:29:57.163683
74582,48,127.500,2.656,2026-06-28 08:29:57.163683
74588,8,30.000,3.750,2026-06-28 08:29:57.163683
74590,8,26.500,3.313,2026-06-28 08:29:57.163683
74619,7,17.500,2.500,2026-06-28 08:29:57.163683
74621,19,59.000,3.105,2026-06-28 08:29:57.163683
74624,272,958.000,3.522,2026-06-28 08:29:57.163683
74630,12,30.500,2.542,2026-06-28 08:29:57.163683
74641,12,30.500,2.542,2026-06-28 08:29:57.163683
74647,19,45.500,2.395,2026-06-28 08:29:57.163683
74649,16,60.500,3.781,2026-06-28 08:29:57.163683
74653,20,70.500,3.525,2026-06-28 08:29:57.163683
74657,21,58.500,2.786,2026-06-28 08:29:57.163683
74668,247,840.500,3.403,2026-06-28 08:29:57.163683
74677,194,745.500,3.843,2026-06-28 08:29:57.163683
74681,11,27.000,2.455,2026-06-28 08:29:57.163683
74683,11,37.500,3.409,2026-06-28 08:29:57.163683
74685,578,1878.000,3.249,2026-06-28 08:29:57.163683
74688,299,918.000,3.070,2026-06-28 08:29:57.163683
74696,49,171.500,3.500,2026-06-28 08:29:57.163683
74698,171,361.500,2.114,2026-06-28 08:29:57.163683
74701,15,46.000,3.067,2026-06-28 08:29:57.163683
74706,7,25.000,3.571,2026-06-28 08:29:57.163683
74727,103,406.000,3.942,2026-06-28 08:29:57.163683
74731,53,165.000,3.113,2026-06-28 08:29:57.163683
74733,14,50.500,3.607,2026-06-28 08:29:57.163683
74738,15,46.000,3.067,2026-06-28 08:29:57.163683
74740,78,269.000,3.449,2026-06-28 08:29:57.163683
74748,9,30.000,3.333,2026-06-28 08:29:57.163683
74750,201,647.000,3.219,2026-06-28 08:29:57.163683
74752,37,78.500,2.122,2026-06-28 08:29:57.163683
74754,156,378.500,2.426,2026-06-28 08:29:57.163683
74760,8,16.500,2.063,2026-06-28 08:29:57.163683
74780,5,15.500,3.100,2026-06-28 08:29:57.163683
74787,84,285.500,3.399,2026-06-28 08:29:57.163683
74789,2946,9606.000,3.261,2026-06-28 08:29:57.163683
74791,110,416.500,3.786,2026-06-28 08:29:57.163683
74795,803,2749.500,3.424,2026-06-28 08:29:57.163683
74799,11,31.000,2.818,2026-06-28 08:29:57.163683
74818,41,122.000,2.976,2026-06-28 08:29:57.163683
74820,20,66.500,3.325,2026-06-28 08:29:57.163683
74827,48,172.000,3.583,2026-06-28 08:29:57.163683
74851,420,1318.000,3.138,2026-06-28 08:29:57.163683
74857,9,26.500,2.944,2026-06-28 08:29:57.163683
74859,9,29.500,3.278,2026-06-28 08:29:57.163683
74864,57,132.000,2.316,2026-06-28 08:29:57.163683
74868,245,778.000,3.176,2026-06-28 08:29:57.163683
74870,8,28.500,3.563,2026-06-28 08:29:57.163683
74886,16,47.500,2.969,2026-06-28 08:29:57.163683
74916,311,1001.500,3.220,2026-06-28 08:29:57.163683
74937,10,29.000,2.900,2026-06-28 08:29:57.163683
74944,211,661.000,3.133,2026-06-28 08:29:57.163683
74946,471,1545.000,3.280,2026-06-28 08:29:57.163683
74948,409,1449.000,3.543,2026-06-28 08:29:57.163683
74965,5,12.500,2.500,2026-06-28 08:29:57.163683
74967,12,30.000,2.500,2026-06-28 08:29:57.163683
75341,325,1141.000,3.511,2026-06-28 08:29:57.163683
75345,10,33.000,3.300,2026-06-28 08:29:57.163683
75349,16,43.500,2.719,2026-06-28 08:29:57.163683
75351,38,126.500,3.329,2026-06-28 08:29:57.163683
75362,5,7.000,1.400,2026-06-28 08:29:57.163683
75367,7,16.000,2.286,2026-06-28 08:29:57.163683
75370,17,45.000,2.647,2026-06-28 08:29:57.163683
75374,7,17.000,2.429,2026-06-28 08:29:57.163683
75386,10,25.000,2.500,2026-06-28 08:29:57.163683
75389,39,117.000,3.000,2026-06-28 08:29:57.163683
75392,10,28.500,2.850,2026-06-28 08:29:57.163683
75395,166,490.000,2.952,2026-06-28 08:29:57.163683
75397,5,15.000,3.000,2026-06-28 08:29:57.163683
75404,22,54.000,2.455,2026-06-28 08:29:57.163683
75406,5,19.500,3.900,2026-06-28 08:29:57.163683
75408,8,24.000,3.000,2026-06-28 08:29:57.163683
75414,7,19.000,2.714,2026-06-28 08:29:57.163683
75416,6,16.500,2.750,2026-06-28 08:29:57.163683
75421,6,15.500,2.583,2026-06-28 08:29:57.163683
75423,19,59.000,3.105,2026-06-28 08:29:57.163683
75425,95,226.000,2.379,2026-06-28 08:29:57.163683
75428,7,21.000,3.000,2026-06-28 08:29:57.163683
75436,17,48.000,2.824,2026-06-28 08:29:57.163683
75438,35,97.500,2.786,2026-06-28 08:29:57.163683
75440,71,216.000,3.042,2026-06-28 08:29:57.163683
75446,23,75.000,3.261,2026-06-28 08:29:57.163683
75803,15,42.500,2.833,2026-06-28 08:29:57.163683
75805,423,1213.500,2.869,2026-06-28 08:29:57.163683
75808,12,31.000,2.583,2026-06-28 08:29:57.163683
75813,265,908.000,3.426,2026-06-28 08:29:57.163683
75816,29,85.000,2.931,2026-06-28 08:29:57.163683
75818,21,65.500,3.119,2026-06-28 08:29:57.163683
75820,8,18.500,2.313,2026-06-28 08:29:57.163683
75823,6,24.000,4.000,2026-06-28 08:29:57.163683
75825,9,23.000,2.556,2026-06-28 08:29:57.163683
75831,8,17.500,2.188,2026-06-28 08:29:57.163683
75929,26,71.500,2.750,2026-06-28 08:29:57.163683
75940,11,36.000,3.273,2026-06-28 08:29:57.163683
75947,23,68.000,2.957,2026-06-28 08:29:57.163683
75950,10,26.000,2.600,2026-06-28 08:29:57.163683
75962,8,26.500,3.313,2026-06-28 08:29:57.163683
75981,6,22.500,3.750,2026-06-28 08:29:57.163683
75983,80,297.500,3.719,2026-06-28 08:29:57.163683
75985,455,1459.000,3.207,2026-06-28 08:29:57.163683
75990,28,93.000,3.321,2026-06-28 08:29:57.163683
75992,6,17.500,2.917,2026-06-28 08:29:57.163683
75994,5,18.000,3.600,2026-06-28 08:29:57.163683
76022,7,24.500,3.500,2026-06-28 08:29:57.163683
76030,168,515.500,3.068,2026-06-28 08:29:57.163683
76051,14,39.500,2.821,2026-06-28 08:29:57.163683
76054,120,430.000,3.583,2026-06-28 08:29:57.163683
76056,10,32.000,3.200,2026-06-28 08:29:57.163683
76060,78,225.000,2.885,2026-06-28 08:29:57.163683
76063,10,28.500,2.850,2026-06-28 08:29:57.163683
76077,1201,3802.000,3.166,2026-06-28 08:29:57.163683
76079,280,879.000,3.139,2026-06-28 08:29:57.163683
76085,12,36.500,3.042,2026-06-28 08:29:57.163683
76087,10,27.000,2.700,2026-06-28 08:29:57.163683
76089,8,29.000,3.625,2026-06-28 08:29:57.163683
76091,254,969.000,3.815,2026-06-28 08:29:57.163683
76093,4761,19046.000,4.000,2026-06-28 08:29:57.163683
76108,52,132.000,2.538,2026-06-28 08:29:57.163683
76111,64,245.000,3.828,2026-06-28 08:29:57.163683
76117,10,34.000,3.400,2026-06-28 08:29:57.163683
76119,36,71.000,1.972,2026-06-28 08:29:57.163683
76127,45,157.000,3.489,2026-06-28 08:29:57.163683
76130,97,232.500,2.397,2026-06-28 08:29:57.163683
76132,14,52.000,3.714,2026-06-28 08:29:57.163683
76134,16,58.500,3.656,2026-06-28 08:29:57.163683
76137,14,50.500,3.607,2026-06-28 08:29:57.163683
76143,18,61.000,3.389,2026-06-28 08:29:57.163683
76145,5,13.000,2.600,2026-06-28 08:29:57.163683
76147,45,120.500,2.678,2026-06-28 08:29:57.163683
76151,26,95.500,3.673,2026-06-28 08:29:57.163683
76153,6,23.500,3.917,2026-06-28 08:29:57.163683
76158,37,132.500,3.581,2026-06-28 08:29:57.163683
76169,10,39.000,3.900,2026-06-28 08:29:57.163683
76171,12,46.500,3.875,2026-06-28 08:29:57.163683
76173,399,1492.500,3.741,2026-06-28 08:29:57.163683
76175,957,2658.000,2.777,2026-06-28 08:29:57.163683
76187,8,28.500,3.563,2026-06-28 08:29:57.163683
76189,7,19.000,2.714,2026-06-28 08:29:57.163683
76208,13,43.500,3.346,2026-06-28 08:29:57.163683
76210,286,972.000,3.399,2026-06-28 08:29:57.163683
76217,6,19.000,3.167,2026-06-28 08:29:57.163683
76241,5,16.000,3.200,2026-06-28 08:29:57.163683
76244,18,55.000,3.056,2026-06-28 08:29:57.163683
76251,4774,17965.000,3.763,2026-06-28 08:29:57.163683
76258,8,23.500,2.938,2026-06-28 08:29:57.163683
76269,6,19.000,3.167,2026-06-28 08:29:57.163683
76272,70,237.500,3.393,2026-06-28 08:29:57.163683
76277,5,18.000,3.600,2026-06-28 08:29:57.163683
76293,867,2787.000,3.215,2026-06-28 08:29:57.163683
76298,9,27.000,3.000,2026-06-28 08:29:57.163683
76301,69,204.500,2.964,2026-06-28 08:29:57.163683
76312,13,41.000,3.154,2026-06-28 08:29:57.163683
76317,128,369.000,2.883,2026-06-28 08:29:57.163683
76680,20,56.000,2.800,2026-06-28 08:29:57.163683
76692,6,21.000,3.500,2026-06-28 08:29:57.163683
76695,10,32.500,3.250,2026-06-28 08:29:57.163683
76701,8,27.500,3.438,2026-06-28 08:29:57.163683
76709,28,93.500,3.339,2026-06-28 08:29:57.163683
76714,8,26.000,3.250,2026-06-28 08:29:57.163683
76716,11,30.500,2.773,2026-06-28 08:29:57.163683
76718,7,18.000,2.571,2026-06-28 08:29:57.163683
76722,7,18.500,2.643,2026-06-28 08:29:57.163683
76729,8,21.500,2.688,2026-06-28 08:29:57.163683
76738,150,570.000,3.800,2026-06-28 08:29:57.163683
76743,12,32.500,2.708,2026-06-28 08:29:57.163683
76747,13,33.500,2.577,2026-06-28 08:29:57.163683
76751,8,25.000,3.125,2026-06-28 08:29:57.163683
76753,31,94.500,3.048,2026-06-28 08:29:57.163683
76755,70,209.000,2.986,2026-06-28 08:29:57.163683
76758,13,40.000,3.077,2026-06-28 08:29:57.163683
76763,225,750.500,3.336,2026-06-28 08:29:57.163683
76772,13,44.500,3.423,2026-06-28 08:29:57.163683
76776,10,32.000,3.200,2026-06-28 08:29:57.163683
76778,13,44.500,3.423,2026-06-28 08:29:57.163683
76808,9,34.000,3.778,2026-06-28 08:29:57.163683
76811,17,39.500,2.324,2026-06-28 08:29:57.163683
76814,6,13.500,2.250,2026-06-28 08:29:57.163683
76816,8,26.500,3.313,2026-06-28 08:29:57.163683
76818,9,30.000,3.333,2026-06-28 08:29:57.163683
76823,10,32.000,3.200,2026-06-28 08:29:57.163683
76827,17,45.000,2.647,2026-06-28 08:29:57.163683
76829,5,16.000,3.200,2026-06-28 08:29:57.163683
76860,21,66.500,3.167,2026-06-28 08:29:57.163683
76862,19,57.000,3.000,2026-06-28 08:29:57.163683
76866,28,90.000,3.214,2026-06-28 08:29:57.163683
76873,11,29.500,2.682,2026-06-28 08:29:57.163683
77141,8,27.000,3.375,2026-06-28 08:29:57.163683
77143,8,24.500,3.063,2026-06-28 08:29:57.163683
77146,17,64.000,3.765,2026-06-28 08:29:57.163683
77154,60,200.000,3.333,2026-06-28 08:29:57.163683
77156,8,27.500,3.438,2026-06-28 08:29:57.163683
77162,10,29.000,2.900,2026-06-28 08:29:57.163683
77177,33,125.000,3.788,2026-06-28 08:29:57.163683
77179,7,21.500,3.071,2026-06-28 08:29:57.163683
77181,6,23.000,3.833,2026-06-28 08:29:57.163683
77184,8,26.000,3.250,2026-06-28 08:29:57.163683
77189,6,21.500,3.583,2026-06-28 08:29:57.163683
77191,184,547.000,2.973,2026-06-28 08:29:57.163683
77201,218,655.000,3.005,2026-06-28 08:29:57.163683
77204,39,108.500,2.782,2026-06-28 08:29:57.163683
77206,154,467.000,3.032,2026-06-28 08:29:57.163683
77208,25,89.000,3.560,2026-06-28 08:29:57.163683
77210,5,14.000,2.800,2026-06-28 08:29:57.163683
77212,5,16.500,3.300,2026-06-28 08:29:57.163683
77217,5,14.000,2.800,2026-06-28 08:29:57.163683
77223,7,22.000,3.143,2026-06-28 08:29:57.163683
77233,66,255.000,3.864,2026-06-28 08:29:57.163683
77238,8,25.500,3.188,2026-06-28 08:29:57.163683
77240,131,454.000,3.466,2026-06-28 08:29:57.163683
77259,9,17.000,1.889,2026-06-28 08:29:57.163683
77264,38,132.500,3.487,2026-06-28 08:29:57.163683
77266,38,131.500,3.461,2026-06-28 08:29:57.163683
77281,5,14.500,2.900,2026-06-28 08:29:57.163683
77291,13,38.000,2.923,2026-06-28 08:29:57.163683
77293,55,210.500,3.827,2026-06-28 08:29:57.163683
77296,7,21.500,3.071,2026-06-28 08:29:57.163683
77298,9,28.500,3.167,2026-06-28 08:29:57.163683
77303,23,53.000,2.304,2026-06-28 08:29:57.163683
77307,379,1404.000,3.704,2026-06-28 08:29:57.163683
77312,14,47.500,3.393,2026-06-28 08:29:57.163683
77316,44,161.000,3.659,2026-06-28 08:29:57.163683
77318,8,20.000,2.500,2026-06-28 08:29:57.163683
77326,10,27.500,2.750,2026-06-28 08:29:57.163683
77328,159,553.500,3.481,2026-06-28 08:29:57.163683
77330,132,465.000,3.523,2026-06-28 08:29:57.163683
77339,6,13.500,2.250,2026-06-28 08:29:57.163683
77349,5,12.000,2.400,2026-06-28 08:29:57.163683
77351,15,49.500,3.300,2026-06-28 08:29:57.163683
77353,24,91.000,3.792,2026-06-28 08:29:57.163683
77357,12,41.500,3.458,2026-06-28 08:29:57.163683
77359,112,391.500,3.496,2026-06-28 08:29:57.163683
77364,346,1095.500,3.166,2026-06-28 08:29:57.163683
77370,25,80.500,3.220,2026-06-28 08:29:57.163683
77412,12,39.000,3.250,2026-06-28 08:29:57.163683
77414,124,389.000,3.137,2026-06-28 08:29:57.163683
77416,10,22.000,2.200,2026-06-28 08:29:57.163683
77421,251,820.500,3.269,2026-06-28 08:29:57.163683
77427,279,661.500,2.371,2026-06-28 08:29:57.163683
77433,16,60.500,3.781,2026-06-28 08:29:57.163683
77449,17,43.500,2.559,2026-06-28 08:29:57.163683
77455,1591,6299.500,3.959,2026-06-28 08:29:57.163683
77470,7,16.000,2.286,2026-06-28 08:29:57.163683
77479,11,40.500,3.682,2026-06-28 08:29:57.163683
77481,6,10.000,1.667,2026-06-28 08:29:57.163683
77493,7,22.000,3.143,2026-06-28 08:29:57.163683
77496,31,106.500,3.435,2026-06-28 08:29:57.163683
77509,5,16.000,3.200,2026-06-28 08:29:57.163683
77517,8,25.500,3.188,2026-06-28 08:29:57.163683
77540,193,581.000,3.010,2026-06-28 08:29:57.163683
77550,7,21.500,3.071,2026-06-28 08:29:57.163683
77561,4192,15131.000,3.609,2026-06-28 08:29:57.163683
77596,67,221.500,3.306,2026-06-28 08:29:57.163683
77629,142,503.000,3.542,2026-06-28 08:29:57.163683
77658,936,3950.500,4.221,2026-06-28 08:29:57.163683
77665,36,78.000,2.167,2026-06-28 08:29:57.163683
77667,247,648.000,2.623,2026-06-28 08:29:57.163683
77672,29,87.500,3.017,2026-06-28 08:29:57.163683
77682,20,63.000,3.150,2026-06-28 08:29:57.163683
77688,12,38.000,3.167,2026-06-28 08:29:57.163683
77709,32,103.500,3.234,2026-06-28 08:29:57.163683
77711,10,35.000,3.500,2026-06-28 08:29:57.163683
77715,7,22.500,3.214,2026-06-28 08:29:57.163683
77719,13,40.500,3.115,2026-06-28 08:29:57.163683
77721,13,38.000,2.923,2026-06-28 08:29:57.163683
77729,9,33.000,3.667,2026-06-28 08:29:57.163683
77731,38,128.500,3.382,2026-06-28 08:29:57.163683
77742,7,20.500,2.929,2026-06-28 08:29:57.163683
77752,11,36.000,3.273,2026-06-28 08:29:57.163683
77772,13,33.000,2.538,2026-06-28 08:29:57.163683
77774,11,36.500,3.318,2026-06-28 08:29:57.163683
77780,31,86.500,2.790,2026-06-28 08:29:57.163683
77788,32,113.500,3.547,2026-06-28 08:29:57.163683
77795,154,533.500,3.464,2026-06-28 08:29:57.163683
77798,227,586.000,2.581,2026-06-28 08:29:57.163683
77800,596,2189.500,3.674,2026-06-28 08:29:57.163683
77808,13,38.500,2.962,2026-06-28 08:29:57.163683
77810,18,58.000,3.222,2026-06-28 08:29:57.163683
77818,19,59.500,3.132,2026-06-28 08:29:57.163683
77820,42,77.500,1.845,2026-06-28 08:29:57.163683
77829,20,73.000,3.650,2026-06-28 08:29:57.163683
77833,105,378.000,3.600,2026-06-28 08:29:57.163683
77835,6,15.500,2.583,2026-06-28 08:29:57.163683
77837,243,885.000,3.642,2026-06-28 08:29:57.163683
77841,22,62.000,2.818,2026-06-28 08:29:57.163683
77843,174,591.500,3.399,2026-06-28 08:29:57.163683
77846,370,1423.500,3.847,2026-06-28 08:29:57.163683
77854,145,572.000,3.945,2026-06-28 08:29:57.163683
77866,979,3217.500,3.287,2026-06-28 08:29:57.163683
77875,7,26.500,3.786,2026-06-28 08:29:57.163683
77881,20,55.000,2.750,2026-06-28 08:29:57.163683
77883,7,24.500,3.500,2026-06-28 08:29:57.163683
77891,11,40.000,3.636,2026-06-28 08:29:57.163683
77893,15,48.500,3.233,2026-06-28 08:29:57.163683
77907,8,25.000,3.125,2026-06-28 08:29:57.163683
77910,10,25.500,2.550,2026-06-28 08:29:57.163683
77921,5,16.500,3.300,2026-06-28 08:29:57.163683
77931,6,18.000,3.000,2026-06-28 08:29:57.163683
77944,17,63.500,3.735,2026-06-28 08:29:57.163683
77947,5,14.000,2.800,2026-06-28 08:29:57.163683
77966,13,49.500,3.808,2026-06-28 08:29:57.163683
77979,10,35.000,3.500,2026-06-28 08:29:57.163683
77981,9,30.500,3.389,2026-06-28 08:29:57.163683
77983,13,42.500,3.269,2026-06-28 08:29:57.163683
77985,6,15.000,2.500,2026-06-28 08:29:57.163683
77990,7,12.500,1.786,2026-06-28 08:29:57.163683
78000,5,13.500,2.700,2026-06-28 08:29:57.163683
78003,15,57.500,3.833,2026-06-28 08:29:57.163683
78006,10,27.500,2.750,2026-06-28 08:29:57.163683
78009,14,50.000,3.571,2026-06-28 08:29:57.163683
78011,28,67.500,2.411,2026-06-28 08:29:57.163683
78016,9,32.000,3.556,2026-06-28 08:29:57.163683
78019,10,29.500,2.950,2026-06-28 08:29:57.163683
78022,29,92.000,3.172,2026-06-28 08:29:57.163683
78032,31,78.000,2.516,2026-06-28 08:29:57.163683
78034,148,511.500,3.456,2026-06-28 08:29:57.163683
78037,6,17.000,2.833,2026-06-28 08:29:57.163683
78039,951,3555.500,3.739,2026-06-28 08:29:57.163683
78041,283,826.500,2.920,2026-06-28 08:29:57.163683
78054,12,30.500,2.542,2026-06-28 08:29:57.163683
78057,6,18.000,3.000,2026-06-28 08:29:57.163683
78062,7,17.500,2.500,2026-06-28 08:29:57.163683
78064,9,37.000,4.111,2026-06-28 08:29:57.163683
78081,13,43.000,3.308,2026-06-28 08:29:57.163683
78084,8,21.500,2.688,2026-06-28 08:29:57.163683
78088,517,1729.500,3.345,2026-06-28 08:29:57.163683
78095,9,30.000,3.333,2026-06-28 08:29:57.163683
78099,6,19.000,3.167,2026-06-28 08:29:57.163683
78103,15,55.500,3.700,2026-06-28 08:29:57.163683
78105,1034,3350.500,3.240,2026-06-28 08:29:57.163683
78111,16,52.000,3.250,2026-06-28 08:29:57.163683
78116,132,445.500,3.375,2026-06-28 08:29:57.163683
78122,44,151.000,3.432,2026-06-28 08:29:57.163683
78128,19,62.500,3.289,2026-06-28 08:29:57.163683
78130,8,20.500,2.563,2026-06-28 08:29:57.163683
78142,12,42.500,3.542,2026-06-28 08:29:57.163683
78157,15,45.000,3.000,2026-06-28 08:29:57.163683
78160,232,869.500,3.748,2026-06-28 08:29:57.163683
78162,156,574.500,3.683,2026-06-28 08:29:57.163683
78168,16,53.500,3.344,2026-06-28 08:29:57.163683
78170,7,23.500,3.357,2026-06-28 08:29:57.163683
78174,387,892.500,2.306,2026-06-28 08:29:57.163683
78181,9,26.000,2.889,2026-06-28 08:29:57.163683
78186,10,33.000,3.300,2026-06-28 08:29:57.163683
78207,39,102.000,2.615,2026-06-28 08:29:57.163683
78209,900,2988.500,3.321,2026-06-28 08:29:57.163683
78218,415,1470.000,3.542,2026-06-28 08:29:57.163683
78222,6,18.500,3.083,2026-06-28 08:29:57.163683
78224,6,20.500,3.417,2026-06-28 08:29:57.163683
78235,18,71.000,3.944,2026-06-28 08:29:57.163683
78245,44,140.000,3.182,2026-06-28 08:29:57.163683
78247,34,97.500,2.868,2026-06-28 08:29:57.163683
78251,28,99.000,3.536,2026-06-28 08:29:57.163683
78264,179,470.500,2.628,2026-06-28 08:29:57.163683
78266,533,1503.000,2.820,2026-06-28 08:29:57.163683
78268,18,65.000,3.611,2026-06-28 08:29:57.163683
78272,9,31.000,3.444,2026-06-28 08:29:57.163683
78276,14,42.500,3.036,2026-06-28 08:29:57.163683
78278,15,47.500,3.167,2026-06-28 08:29:57.163683
78290,5,13.000,2.600,2026-06-28 08:29:57.163683
78295,16,50.500,3.156,2026-06-28 08:29:57.163683
78308,14,45.500,3.250,2026-06-28 08:29:57.163683
78313,37,123.000,3.324,2026-06-28 08:29:57.163683
78316,330,1124.500,3.408,2026-06-28 08:29:57.163683
78319,99,270.000,2.727,2026-06-28 08:29:57.163683
78321,97,178.500,1.840,2026-06-28 08:29:57.163683
78332,18,70.000,3.889,2026-06-28 08:29:57.163683
78335,19,64.500,3.395,2026-06-28 08:29:57.163683
78337,5,10.500,2.100,2026-06-28 08:29:57.163683
78342,16,52.500,3.281,2026-06-28 08:29:57.163683
78344,19,70.500,3.711,2026-06-28 08:29:57.163683
78349,428,1534.500,3.585,2026-06-28 08:29:57.163683
78358,8,27.000,3.375,2026-06-28 08:29:57.163683
78370,15,44.500,2.967,2026-06-28 08:29:57.163683
78376,7,24.500,3.500,2026-06-28 08:29:57.163683
78381,11,37.500,3.409,2026-06-28 08:29:57.163683
78405,5,16.500,3.300,2026-06-28 08:29:57.163683
78408,12,35.000,2.917,2026-06-28 08:29:57.163683
78410,7,15.500,2.214,2026-06-28 08:29:57.163683
78413,7,19.500,2.786,2026-06-28 08:29:57.163683
78418,6,20.500,3.417,2026-06-28 08:29:57.163683
78420,12,42.000,3.500,2026-06-28 08:29:57.163683
78422,7,22.500,3.214,2026-06-28 08:29:57.163683
78438,9,30.500,3.389,2026-06-28 08:29:57.163683
78445,20,72.000,3.600,2026-06-28 08:29:57.163683
78459,13,41.500,3.192,2026-06-28 08:29:57.163683
78465,5,18.500,3.700,2026-06-28 08:29:57.163683
78467,196,461.500,2.355,2026-06-28 08:29:57.163683
78469,1306,4357.500,3.337,2026-06-28 08:29:57.163683
78483,5,12.000,2.400,2026-06-28 08:29:57.163683
78490,6,19.000,3.167,2026-06-28 08:29:57.163683
78499,5781,23199.000,4.013,2026-06-28 08:29:57.163683
78517,119,392.500,3.298,2026-06-28 08:29:57.163683
78519,17,66.500,3.912,2026-06-28 08:29:57.163683
78528,5,15.500,3.100,2026-06-28 08:29:57.163683
78534,7,23.500,3.357,2026-06-28 08:29:57.163683
78536,9,26.500,2.944,2026-06-28 08:29:57.163683
78539,9,27.000,3.000,2026-06-28 08:29:57.163683
78544,144,521.000,3.618,2026-06-28 08:29:57.163683
78557,9,29.500,3.278,2026-06-28 08:29:57.163683
78574,1170,4398.000,3.759,2026-06-28 08:29:57.163683
78579,13,31.500,2.423,2026-06-28 08:29:57.163683
78583,5,15.500,3.100,2026-06-28 08:29:57.163683
78585,11,38.500,3.500,2026-06-28 08:29:57.163683
78606,12,36.000,3.000,2026-06-28 08:29:57.163683
78612,18,48.000,2.667,2026-06-28 08:29:57.163683
78614,10,36.500,3.650,2026-06-28 08:29:57.163683
78618,11,39.000,3.545,2026-06-28 08:29:57.163683
78620,7,25.000,3.571,2026-06-28 08:29:57.163683
78622,9,20.500,2.278,2026-06-28 08:29:57.163683
78626,16,48.500,3.031,2026-06-28 08:29:57.163683
78631,6,10.500,1.750,2026-06-28 08:29:57.163683
78633,39,139.500,3.577,2026-06-28 08:29:57.163683
78635,10,30.500,3.050,2026-06-28 08:29:57.163683
78637,676,2214.500,3.276,2026-06-28 08:29:57.163683
78640,10,34.000,3.400,2026-06-28 08:29:57.163683
78646,5,17.500,3.500,2026-06-28 08:29:57.163683
78653,30,107.000,3.567,2026-06-28 08:29:57.163683
78655,45,128.500,2.856,2026-06-28 08:29:57.163683
78666,8,29.000,3.625,2026-06-28 08:29:57.163683
78669,5,19.000,3.800,2026-06-28 08:29:57.163683
78679,171,532.500,3.114,2026-06-28 08:29:57.163683
78681,11,36.500,3.318,2026-06-28 08:29:57.163683
78701,10,28.500,2.850,2026-06-28 08:29:57.163683
78703,135,470.000,3.481,2026-06-28 08:29:57.163683
78721,8,26.000,3.250,2026-06-28 08:29:57.163683
78723,8,29.500,3.688,2026-06-28 08:29:57.163683
78729,199,703.000,3.533,2026-06-28 08:29:57.163683
78737,5,14.000,2.800,2026-06-28 08:29:57.163683
78739,5,17.500,3.500,2026-06-28 08:29:57.163683
78742,12,42.500,3.542,2026-06-28 08:29:57.163683
78746,77,256.000,3.325,2026-06-28 08:29:57.163683
78748,7,17.000,2.429,2026-06-28 08:29:57.163683
78757,9,31.500,3.500,2026-06-28 08:29:57.163683
78759,77,264.000,3.429,2026-06-28 08:29:57.163683
78765,6,19.500,3.250,2026-06-28 08:29:57.163683
78772,884,2361.000,2.671,2026-06-28 08:29:57.163683
78774,121,382.500,3.161,2026-06-28 08:29:57.163683
78827,21,65.000,3.095,2026-06-28 08:29:57.163683
78829,8,26.000,3.250,2026-06-28 08:29:57.163683
78832,7,20.500,2.929,2026-06-28 08:29:57.163683
78836,347,1273.500,3.670,2026-06-28 08:29:57.163683
78838,17,47.000,2.765,2026-06-28 08:29:57.163683
78856,23,83.000,3.609,2026-06-28 08:29:57.163683
78860,6,18.500,3.083,2026-06-28 08:29:57.163683
78893,525,1245.500,2.372,2026-06-28 08:29:57.163683
78895,14,51.000,3.643,2026-06-28 08:29:57.163683
78898,32,117.500,3.672,2026-06-28 08:29:57.163683
78903,14,54.500,3.893,2026-06-28 08:29:57.163683
78905,9,32.000,3.556,2026-06-28 08:29:57.163683
78909,6,18.500,3.083,2026-06-28 08:29:57.163683
78913,14,48.000,3.429,2026-06-28 08:29:57.163683
78916,11,32.500,2.955,2026-06-28 08:29:57.163683
78919,6,20.000,3.333,2026-06-28 08:29:57.163683
78921,7,24.500,3.500,2026-06-28 08:29:57.163683
78934,10,34.500,3.450,2026-06-28 08:29:57.163683
78941,6,13.000,2.167,2026-06-28 08:29:57.163683
78944,6,20.500,3.417,2026-06-28 08:29:57.163683
78946,5,20.500,4.100,2026-06-28 08:29:57.163683
78955,10,28.500,2.850,2026-06-28 08:29:57.163683
78959,7,28.000,4.000,2026-06-28 08:29:57.163683
78961,13,33.500,2.577,2026-06-28 08:29:57.163683
78967,51,147.000,2.882,2026-06-28 08:29:57.163683
78976,16,54.500,3.406,2026-06-28 08:29:57.163683
78978,10,34.500,3.450,2026-06-28 08:29:57.163683
78982,5,15.000,3.000,2026-06-28 08:29:57.163683
78986,7,24.000,3.429,2026-06-28 08:29:57.163683
78991,17,38.000,2.235,2026-06-28 08:29:57.163683
78993,9,32.000,3.556,2026-06-28 08:29:57.163683
79006,91,316.000,3.473,2026-06-28 08:29:57.163683
79008,855,3266.500,3.820,2026-06-28 08:29:57.163683
79029,29,96.500,3.328,2026-06-28 08:29:57.163683
79035,9,33.500,3.722,2026-06-28 08:29:57.163683
79038,7,22.500,3.214,2026-06-28 08:29:57.163683
79057,785,2455.000,3.127,2026-06-28 08:29:57.163683
79060,10,28.500,2.850,2026-06-28 08:29:57.163683
79073,145,550.000,3.793,2026-06-28 08:29:57.163683
79081,5,15.000,3.000,2026-06-28 08:29:57.163683
79091,2653,10100.500,3.807,2026-06-28 08:29:57.163683
79111,6,21.500,3.583,2026-06-28 08:29:57.163683
79132,14023,58282.000,4.156,2026-06-28 08:29:57.163683
79134,537,1499.000,2.791,2026-06-28 08:29:57.163683
79136,8,25.500,3.188,2026-06-28 08:29:57.163683
79139,623,2006.000,3.220,2026-06-28 08:29:57.163683
79158,14,43.500,3.107,2026-06-28 08:29:57.163683
79166,18,28.500,1.583,2026-06-28 08:29:57.163683
79185,851,2782.500,3.270,2026-06-28 08:29:57.163683
79187,31,100.000,3.226,2026-06-28 08:29:57.163683
79191,7,22.500,3.214,2026-06-28 08:29:57.163683
79197,9,26.500,2.944,2026-06-28 08:29:57.163683
79203,14,41.000,2.929,2026-06-28 08:29:57.163683
79207,12,35.500,2.958,2026-06-28 08:29:57.163683
79213,5,16.000,3.200,2026-06-28 08:29:57.163683
79222,9,27.500,3.056,2026-06-28 08:29:57.163683
79224,546,1749.000,3.203,2026-06-28 08:29:57.163683
79226,31,104.000,3.355,2026-06-28 08:29:57.163683
79228,11,37.000,3.364,2026-06-28 08:29:57.163683
79230,45,158.500,3.522,2026-06-28 08:29:57.163683
79238,5,16.000,3.200,2026-06-28 08:29:57.163683
79242,824,2957.500,3.589,2026-06-28 08:29:57.163683
79251,146,432.500,2.962,2026-06-28 08:29:57.163683
79254,18,64.000,3.556,2026-06-28 08:29:57.163683
79259,26,71.500,2.750,2026-06-28 08:29:57.163683
79274,380,1412.500,3.717,2026-06-28 08:29:57.163683
79276,7,26.500,3.786,2026-06-28 08:29:57.163683
79287,69,238.500,3.457,2026-06-28 08:29:57.163683
79293,1496,4963.500,3.318,2026-06-28 08:29:57.163683
79303,5,18.500,3.700,2026-06-28 08:29:57.163683
79311,15,52.500,3.500,2026-06-28 08:29:57.163683
79318,156,551.000,3.532,2026-06-28 08:29:57.163683
79321,8,23.500,2.938,2026-06-28 08:29:57.163683
79329,7,23.500,3.357,2026-06-28 08:29:57.163683
79333,17,63.000,3.706,2026-06-28 08:29:57.163683
79348,6,23.000,3.833,2026-06-28 08:29:57.163683
79357,1126,4360.000,3.872,2026-06-28 08:29:57.163683
79388,11,36.000,3.273,2026-06-28 08:29:57.163683
79397,5,14.000,2.800,2026-06-28 08:29:57.163683
79410,6,20.000,3.333,2026-06-28 08:29:57.163683
79428,572,1686.500,2.948,2026-06-28 08:29:57.163683
79430,21,71.000,3.381,2026-06-28 08:29:57.163683
79463,91,276.000,3.033,2026-06-28 08:29:57.163683
79467,32,113.500,3.547,2026-06-28 08:29:57.163683
79469,10,41.500,4.150,2026-06-28 08:29:57.163683
79473,5,18.000,3.600,2026-06-28 08:29:57.163683
79475,7,21.500,3.071,2026-06-28 08:29:57.163683
79477,18,68.000,3.778,2026-06-28 08:29:57.163683
79494,26,64.000,2.462,2026-06-28 08:29:57.163683
79496,6,17.500,2.917,2026-06-28 08:29:57.163683
79498,7,16.500,2.357,2026-06-28 08:29:57.163683
79501,6,19.500,3.250,2026-06-28 08:29:57.163683
79505,18,59.000,3.278,2026-06-28 08:29:57.163683
79507,15,57.500,3.833,2026-06-28 08:29:57.163683
79515,10,31.500,3.150,2026-06-28 08:29:57.163683
79519,6,23.500,3.917,2026-06-28 08:29:57.163683
79521,7,24.500,3.500,2026-06-28 08:29:57.163683
79523,13,41.000,3.154,2026-06-28 08:29:57.163683
79525,9,31.000,3.444,2026-06-28 08:29:57.163683
79528,26,91.500,3.519,2026-06-28 08:29:57.163683
79533,76,264.000,3.474,2026-06-28 08:29:57.163683
79536,59,185.500,3.144,2026-06-28 08:29:57.163683
79539,8,22.500,2.813,2026-06-28 08:29:57.163683
79541,49,180.000,3.673,2026-06-28 08:29:57.163683
79545,6,12.500,2.083,2026-06-28 08:29:57.163683
79547,10,21.500,2.150,2026-06-28 08:29:57.163683
79551,5,20.500,4.100,2026-06-28 08:29:57.163683
79553,401,1497.500,3.734,2026-06-28 08:29:57.163683
79570,11,40.000,3.636,2026-06-28 08:29:57.163683
79572,56,177.000,3.161,2026-06-28 08:29:57.163683
79578,27,106.500,3.944,2026-06-28 08:29:57.163683
79588,94,309.000,3.287,2026-06-28 08:29:57.163683
79590,109,375.000,3.440,2026-06-28 08:29:57.163683
79592,909,3031.000,3.334,2026-06-28 08:29:57.163683
79596,16,53.500,3.344,2026-06-28 08:29:57.163683
79599,52,139.500,2.683,2026-06-28 08:29:57.163683
79603,8,26.500,3.313,2026-06-28 08:29:57.163683
79617,11,28.500,2.591,2026-06-28 08:29:57.163683
79627,7,19.000,2.714,2026-06-28 08:29:57.163683
79633,13,50.000,3.846,2026-06-28 08:29:57.163683
79638,6,18.000,3.000,2026-06-28 08:29:57.163683
79640,5,17.000,3.400,2026-06-28 08:29:57.163683
79647,5,16.500,3.300,2026-06-28 08:29:57.163683
79651,6,21.000,3.500,2026-06-28 08:29:57.163683
79653,6,20.000,3.333,2026-06-28 08:29:57.163683
79663,22,72.000,3.273,2026-06-28 08:29:57.163683
79667,6,21.000,3.500,2026-06-28 08:29:57.163683
79677,41,151.500,3.695,2026-06-28 08:29:57.163683
79681,7,19.500,2.786,2026-06-28 08:29:57.163683
79684,105,363.500,3.462,2026-06-28 08:29:57.163683
79695,1417,4261.500,3.007,2026-06-28 08:29:57.163683
79702,3726,14156.500,3.799,2026-06-28 08:29:57.163683
79711,8,24.000,3.000,2026-06-28 08:29:57.163683
79718,8,28.500,3.563,2026-06-28 08:29:57.163683
79720,456,1689.500,3.705,2026-06-28 08:29:57.163683
79723,18,60.000,3.333,2026-06-28 08:29:57.163683
79725,9,32.500,3.611,2026-06-28 08:29:57.163683
79731,7,22.000,3.143,2026-06-28 08:29:57.163683
79760,63,219.500,3.484,2026-06-28 08:29:57.163683
79765,11,25.500,2.318,2026-06-28 08:29:57.163683
79769,15,51.000,3.400,2026-06-28 08:29:57.163683
79771,13,36.000,2.769,2026-06-28 08:29:57.163683
79773,7,18.000,2.571,2026-06-28 08:29:57.163683
79794,11,31.000,2.818,2026-06-28 08:29:57.163683
79796,288,906.500,3.148,2026-06-28 08:29:57.163683
79798,58,215.000,3.707,2026-06-28 08:29:57.163683
79800,68,212.000,3.118,2026-06-28 08:29:57.163683
79802,7,17.000,2.429,2026-06-28 08:29:57.163683
79805,8,25.000,3.125,2026-06-28 08:29:57.163683
79807,10,33.500,3.350,2026-06-28 08:29:57.163683
79809,14,47.000,3.357,2026-06-28 08:29:57.163683
79824,122,428.000,3.508,2026-06-28 08:29:57.163683
79828,6,20.000,3.333,2026-06-28 08:29:57.163683
79830,10,36.000,3.600,2026-06-28 08:29:57.163683
79832,25,89.500,3.580,2026-06-28 08:29:57.163683
79842,5,22.500,4.500,2026-06-28 08:29:57.163683
79846,6,19.000,3.167,2026-06-28 08:29:57.163683
79848,5,14.000,2.800,2026-06-28 08:29:57.163683
79850,13,47.000,3.615,2026-06-28 08:29:57.163683
79855,5,19.000,3.800,2026-06-28 08:29:57.163683
79860,135,447.000,3.311,2026-06-28 08:29:57.163683
79863,51,156.500,3.069,2026-06-28 08:29:57.163683
79868,45,130.500,2.900,2026-06-28 08:29:57.163683
79870,10,34.000,3.400,2026-06-28 08:29:57.163683
79872,9,27.500,3.056,2026-06-28 08:29:57.163683
79874,36,121.500,3.375,2026-06-28 08:29:57.163683
79879,273,680.500,2.493,2026-06-28 08:29:57.163683
79882,6,20.500,3.417,2026-06-28 08:29:57.163683
79884,9,29.500,3.278,2026-06-28 08:29:57.163683
79895,46,146.500,3.185,2026-06-28 08:29:57.163683
79897,216,754.500,3.493,2026-06-28 08:29:57.163683
79910,31,97.500,3.145,2026-06-28 08:29:57.163683
79912,10,30.000,3.000,2026-06-28 08:29:57.163683
79914,7,18.000,2.571,2026-06-28 08:29:57.163683
79916,15,51.500,3.433,2026-06-28 08:29:57.163683
79918,6,20.500,3.417,2026-06-28 08:29:57.163683
79920,5,18.000,3.600,2026-06-28 08:29:57.163683
79923,9,28.500,3.167,2026-06-28 08:29:57.163683
79927,34,107.000,3.147,2026-06-28 08:29:57.163683
79929,35,112.000,3.200,2026-06-28 08:29:57.163683
79936,11,37.500,3.409,2026-06-28 08:29:57.163683
79946,154,506.000,3.286,2026-06-28 08:29:57.163683
79955,14,43.500,3.107,2026-06-28 08:29:57.163683
79972,13,41.000,3.154,2026-06-28 08:29:57.163683
79987,61,212.000,3.475,2026-06-28 08:29:57.163683
79994,23,59.500,2.587,2026-06-28 08:29:57.163683
79996,13,26.500,2.038,2026-06-28 08:29:57.163683
80026,87,205.000,2.356,2026-06-28 08:29:57.163683
80038,6,18.000,3.000,2026-06-28 08:29:57.163683
80041,8,27.000,3.375,2026-06-28 08:29:57.163683
80044,9,27.500,3.056,2026-06-28 08:29:57.163683
80072,5,19.500,3.900,2026-06-28 08:29:57.163683
80076,6,17.500,2.917,2026-06-28 08:29:57.163683
80083,39,118.000,3.026,2026-06-28 08:29:57.163683
80086,7,18.000,2.571,2026-06-28 08:29:57.163683
80094,155,451.000,2.910,2026-06-28 08:29:57.163683
80097,11,42.000,3.818,2026-06-28 08:29:57.163683
80100,6,16.500,2.750,2026-06-28 08:29:57.163683
80107,7,23.000,3.286,2026-06-28 08:29:57.163683
80109,5,14.500,2.900,2026-06-28 08:29:57.163683
80111,17,67.500,3.971,2026-06-28 08:29:57.163683
80122,6,18.000,3.000,2026-06-28 08:29:57.163683
80124,6,20.000,3.333,2026-06-28 08:29:57.163683
80126,576,1864.000,3.236,2026-06-28 08:29:57.163683
80129,5,16.500,3.300,2026-06-28 08:29:57.163683
80137,10,31.500,3.150,2026-06-28 08:29:57.163683
80139,163,491.500,3.015,2026-06-28 08:29:57.163683
80141,12,38.000,3.167,2026-06-28 08:29:57.163683
80146,5,18.500,3.700,2026-06-28 08:29:57.163683
80158,12,28.500,2.375,2026-06-28 08:29:57.163683
80162,42,129.000,3.071,2026-06-28 08:29:57.163683
80164,5,15.000,3.000,2026-06-28 08:29:57.163683
80166,340,1067.500,3.140,2026-06-28 08:29:57.163683
80181,38,119.500,3.145,2026-06-28 08:29:57.163683
80185,245,925.500,3.778,2026-06-28 08:29:57.163683
80189,5,11.500,2.300,2026-06-28 08:29:57.163683
80191,24,53.500,2.229,2026-06-28 08:29:57.163683
80195,6,25.500,4.250,2026-06-28 08:29:57.163683
80204,13,42.500,3.269,2026-06-28 08:29:57.163683
80206,5,16.000,3.200,2026-06-28 08:29:57.163683
80210,5,20.000,4.000,2026-06-28 08:29:57.163683
80214,6,21.000,3.500,2026-06-28 08:29:57.163683
80217,12,47.000,3.917,2026-06-28 08:29:57.163683
80219,1193,4117.500,3.451,2026-06-28 08:29:57.163683
80222,132,415.500,3.148,2026-06-28 08:29:57.163683
80235,6,20.500,3.417,2026-06-28 08:29:57.163683
80241,214,678.000,3.168,2026-06-28 08:29:57.163683
80258,9,28.500,3.167,2026-06-28 08:29:57.163683
80264,7,22.500,3.214,2026-06-28 08:29:57.163683
80281,45,163.500,3.633,2026-06-28 08:29:57.163683
80283,7,17.500,2.500,2026-06-28 08:29:57.163683
80288,8,30.000,3.750,2026-06-28 08:29:57.163683
80295,7,19.000,2.714,2026-06-28 08:29:57.163683
80315,14,54.500,3.893,2026-06-28 08:29:57.163683
80324,14,39.000,2.786,2026-06-28 08:29:57.163683
80328,13,48.000,3.692,2026-06-28 08:29:57.163683
80330,5,13.000,2.600,2026-06-28 08:29:57.163683
80337,11,44.000,4.000,2026-06-28 08:29:57.163683
80339,6,16.500,2.750,2026-06-28 08:29:57.163683
80344,5,17.500,3.500,2026-06-28 08:29:57.163683
80350,182,342.000,1.879,2026-06-28 08:29:57.163683
80354,11,38.000,3.455,2026-06-28 08:29:57.163683
80361,39,112.000,2.872,2026-06-28 08:29:57.163683
80363,603,1856.000,3.078,2026-06-28 08:29:57.163683
80374,21,82.000,3.905,2026-06-28 08:29:57.163683
80398,113,374.000,3.310,2026-06-28 08:29:57.163683
80400,8,30.500,3.813,2026-06-28 08:29:57.163683
80419,6,15.500,2.583,2026-06-28 08:29:57.163683
80421,9,35.000,3.889,2026-06-28 08:29:57.163683
80424,10,33.500,3.350,2026-06-28 08:29:57.163683
80428,5,15.000,3.000,2026-06-28 08:29:57.163683
80430,8,24.500,3.063,2026-06-28 08:29:57.163683
80432,13,50.500,3.885,2026-06-28 08:29:57.163683
80447,6,18.000,3.000,2026-06-28 08:29:57.163683
80449,5,13.500,2.700,2026-06-28 08:29:57.163683
80451,9,27.000,3.000,2026-06-28 08:29:57.163683
80454,32,98.000,3.063,2026-06-28 08:29:57.163683
80456,7,18.500,2.643,2026-06-28 08:29:57.163683
80463,5264,20231.000,3.843,2026-06-28 08:29:57.163683
80469,100,335.000,3.350,2026-06-28 08:29:57.163683
80476,12,31.000,2.583,2026-06-28 08:29:57.163683
80487,12,40.500,3.375,2026-06-28 08:29:57.163683
80489,2221,8394.000,3.779,2026-06-28 08:29:57.163683
80494,12,43.000,3.583,2026-06-28 08:29:57.163683
80500,8,28.000,3.500,2026-06-28 08:29:57.163683
80502,24,69.000,2.875,2026-06-28 08:29:57.163683
80505,24,59.500,2.479,2026-06-28 08:29:57.163683
80549,1682,6152.500,3.658,2026-06-28 08:29:57.163683
80551,400,1130.000,2.825,2026-06-28 08:29:57.163683
80553,103,362.000,3.515,2026-06-28 08:29:57.163683
80572,84,230.000,2.738,2026-06-28 08:29:57.163683
80584,35,116.500,3.329,2026-06-28 08:29:57.163683
80586,156,580.000,3.718,2026-06-28 08:29:57.163683
80588,24,87.500,3.646,2026-06-28 08:29:57.163683
80590,447,1358.000,3.038,2026-06-28 08:29:57.163683
80599,6,25.000,4.167,2026-06-28 08:29:57.163683
80615,327,1074.500,3.286,2026-06-28 08:29:57.163683
80617,74,149.000,2.014,2026-06-28 08:29:57.163683
80646,21,67.000,3.190,2026-06-28 08:29:57.163683
80648,31,115.000,3.710,2026-06-28 08:29:57.163683
80653,5,11.000,2.200,2026-06-28 08:29:57.163683
80677,10,35.000,3.500,2026-06-28 08:29:57.163683
80693,539,1959.500,3.635,2026-06-28 08:29:57.163683
80717,6,22.500,3.750,2026-06-28 08:29:57.163683
80727,77,262.500,3.409,2026-06-28 08:29:57.163683
80729,43,141.500,3.291,2026-06-28 08:29:57.163683
80733,12,33.000,2.750,2026-06-28 08:29:57.163683
80736,31,91.000,2.935,2026-06-28 08:29:57.163683
80748,98,357.500,3.648,2026-06-28 08:29:57.163683
80759,6,17.000,2.833,2026-06-28 08:29:57.163683
80761,5,15.000,3.000,2026-06-28 08:29:57.163683
80763,17,51.000,3.000,2026-06-28 08:29:57.163683
80775,90,281.500,3.128,2026-06-28 08:29:57.163683
80777,7,23.500,3.357,2026-06-28 08:29:57.163683
80779,14,47.000,3.357,2026-06-28 08:29:57.163683
80789,7,22.000,3.143,2026-06-28 08:29:57.163683
80797,8,28.000,3.500,2026-06-28 08:29:57.163683
80808,16,51.500,3.219,2026-06-28 08:29:57.163683
80810,9,29.500,3.278,2026-06-28 08:29:57.163683
80812,8,24.000,3.000,2026-06-28 08:29:57.163683
80816,11,33.500,3.045,2026-06-28 08:29:57.163683
80820,40,129.000,3.225,2026-06-28 08:29:57.163683
80825,5,14.500,2.900,2026-06-28 08:29:57.163683
80831,581,2104.000,3.621,2026-06-28 08:29:57.163683
80834,20,73.000,3.650,2026-06-28 08:29:57.163683
80836,13,34.500,2.654,2026-06-28 08:29:57.163683
80839,313,1175.500,3.756,2026-06-28 08:29:57.163683
80844,28,92.000,3.286,2026-06-28 08:29:57.163683
80846,383,1130.000,2.950,2026-06-28 08:29:57.163683
80858,122,344.500,2.824,2026-06-28 08:29:57.163683
80860,343,1194.500,3.483,2026-06-28 08:29:57.163683
80862,317,1118.000,3.527,2026-06-28 08:29:57.163683
80864,233,726.000,3.116,2026-06-28 08:29:57.163683
80880,153,411.000,2.686,2026-06-28 08:29:57.163683
80891,12,39.000,3.250,2026-06-28 08:29:57.163683
80903,8,24.500,3.063,2026-06-28 08:29:57.163683
80906,1173,4698.500,4.006,2026-06-28 08:29:57.163683
80908,13,33.500,2.577,2026-06-28 08:29:57.163683
80917,406,1351.000,3.328,2026-06-28 08:29:57.163683
80924,11,27.000,2.455,2026-06-28 08:29:57.163683
80926,12,27.000,2.250,2026-06-28 08:29:57.163683
80928,108,386.500,3.579,2026-06-28 08:29:57.163683
80939,143,491.000,3.434,2026-06-28 08:29:57.163683
80941,30,104.000,3.467,2026-06-28 08:29:57.163683
80947,8,21.500,2.688,2026-06-28 08:29:57.163683
80967,7,25.000,3.571,2026-06-28 08:29:57.163683
80969,739,2715.000,3.674,2026-06-28 08:29:57.163683
80980,8,26.500,3.313,2026-06-28 08:29:57.163683
80990,10,30.500,3.050,2026-06-28 08:29:57.163683
81000,7,25.500,3.643,2026-06-28 08:29:57.163683
81014,10,24.500,2.450,2026-06-28 08:29:57.163683
81018,358,1306.000,3.648,2026-06-28 08:29:57.163683
81020,28,95.000,3.393,2026-06-28 08:29:57.163683
81027,8,27.500,3.438,2026-06-28 08:29:57.163683
81031,12,42.000,3.500,2026-06-28 08:29:57.163683
81046,8,26.500,3.313,2026-06-28 08:29:57.163683
81051,6,18.500,3.083,2026-06-28 08:29:57.163683
81054,10,32.500,3.250,2026-06-28 08:29:57.163683
81059,9,31.000,3.444,2026-06-28 08:29:57.163683
81061,9,29.500,3.278,2026-06-28 08:29:57.163683
81075,9,28.000,3.111,2026-06-28 08:29:57.163683
81080,15,27.000,1.800,2026-06-28 08:29:57.163683
81083,64,195.000,3.047,2026-06-28 08:29:57.163683
81087,6,18.000,3.000,2026-06-28 08:29:57.163683
81090,33,113.500,3.439,2026-06-28 08:29:57.163683
81094,8,27.000,3.375,2026-06-28 08:29:57.163683
81102,6,20.000,3.333,2026-06-28 08:29:57.163683
81111,10,39.000,3.900,2026-06-28 08:29:57.163683
81130,8,19.000,2.375,2026-06-28 08:29:57.163683
81132,154,460.000,2.987,2026-06-28 08:29:57.163683
81138,8,30.500,3.813,2026-06-28 08:29:57.163683
81140,49,141.500,2.888,2026-06-28 08:29:57.163683
81142,6,15.000,2.500,2026-06-28 08:29:57.163683
81145,14,47.500,3.393,2026-06-28 08:29:57.163683
81147,7,20.500,2.929,2026-06-28 08:29:57.163683
81156,362,1200.000,3.315,2026-06-28 08:29:57.163683
81158,287,1075.500,3.747,2026-06-28 08:29:57.163683
81162,6,9.000,1.500,2026-06-28 08:29:57.163683
81164,61,175.500,2.877,2026-06-28 08:29:57.163683
81180,107,270.000,2.523,2026-06-28 08:29:57.163683
81182,6,23.500,3.917,2026-06-28 08:29:57.163683
81191,226,845.000,3.739,2026-06-28 08:29:57.163683
81195,16,49.500,3.094,2026-06-28 08:29:57.163683
81200,5,15.000,3.000,2026-06-28 08:29:57.163683
81225,7,13.500,1.929,2026-06-28 08:29:57.163683
81229,1568,5683.000,3.624,2026-06-28 08:29:57.163683
81248,7,22.000,3.143,2026-06-28 08:29:57.163683
81250,5,13.500,2.700,2026-06-28 08:29:57.163683
81257,219,828.500,3.783,2026-06-28 08:29:57.163683
81270,48,107.500,2.240,2026-06-28 08:29:57.163683
81276,22,81.000,3.682,2026-06-28 08:29:57.163683
81305,22,73.000,3.318,2026-06-28 08:29:57.163683
81312,13,36.000,2.769,2026-06-28 08:29:57.163683
81316,9,21.500,2.389,2026-06-28 08:29:57.163683
81351,10,33.500,3.350,2026-06-28 08:29:57.163683
81355,8,26.000,3.250,2026-06-28 08:29:57.163683
81359,9,31.500,3.500,2026-06-28 08:29:57.163683
81362,6,13.000,2.167,2026-06-28 08:29:57.163683
81364,47,119.500,2.543,2026-06-28 08:29:57.163683
81366,12,45.500,3.792,2026-06-28 08:29:57.163683
81371,12,45.500,3.792,2026-06-28 08:29:57.163683
81381,10,37.500,3.750,2026-06-28 08:29:57.163683
81383,110,390.500,3.550,2026-06-28 08:29:57.163683
81385,113,383.500,3.394,2026-06-28 08:29:57.163683
81396,8,25.500,3.188,2026-06-28 08:29:57.163683
81403,15,46.000,3.067,2026-06-28 08:29:57.163683
81413,11,36.000,3.273,2026-06-28 08:29:57.163683
81417,342,998.500,2.920,2026-06-28 08:29:57.163683
81424,18,69.500,3.861,2026-06-28 08:29:57.163683
81427,7,11.000,1.571,2026-06-28 08:29:57.163683
81441,5,13.500,2.700,2026-06-28 08:29:57.163683
81443,8,29.500,3.688,2026-06-28 08:29:57.163683
81445,10,37.000,3.700,2026-06-28 08:29:57.163683
81447,9,28.500,3.167,2026-06-28 08:29:57.163683
81451,10,23.000,2.300,2026-06-28 08:29:57.163683
81456,86,310.500,3.610,2026-06-28 08:29:57.163683
81495,26,82.000,3.154,2026-06-28 08:29:57.163683
81497,7,24.000,3.429,2026-06-28 08:29:57.163683
81499,15,44.500,2.967,2026-06-28 08:29:57.163683
81512,358,1135.500,3.172,2026-06-28 08:29:57.163683
81516,145,435.000,3.000,2026-06-28 08:29:57.163683
81518,8,20.500,2.563,2026-06-28 08:29:57.163683
81520,21,74.000,3.524,2026-06-28 08:29:57.163683
81524,5,14.500,2.900,2026-06-28 08:29:57.163683
81535,251,661.000,2.633,2026-06-28 08:29:57.163683
81537,776,2457.500,3.167,2026-06-28 08:29:57.163683
81546,7,22.500,3.214,2026-06-28 08:29:57.163683
81562,2496,9337.500,3.741,2026-06-28 08:29:57.163683
81564,1601,5946.000,3.714,2026-06-28 08:29:57.163683
81568,35,125.500,3.586,2026-06-28 08:29:57.163683
81591,5287,20503.000,3.878,2026-06-28 08:29:57.163683
81621,6,19.500,3.250,2026-06-28 08:29:57.163683
81637,7,17.500,2.500,2026-06-28 08:29:57.163683
81639,67,225.500,3.366,2026-06-28 08:29:57.163683
81641,264,928.000,3.515,2026-06-28 08:29:57.163683
81656,7,20.500,2.929,2026-06-28 08:29:57.163683
81658,6,19.000,3.167,2026-06-28 08:29:57.163683
81660,13,37.500,2.885,2026-06-28 08:29:57.163683
81665,25,85.500,3.420,2026-06-28 08:29:57.163683
81667,8,24.500,3.063,2026-06-28 08:29:57.163683
81669,11,36.000,3.273,2026-06-28 08:29:57.163683
81671,8,28.000,3.500,2026-06-28 08:29:57.163683
81673,6,21.000,3.500,2026-06-28 08:29:57.163683
81679,6,16.500,2.750,2026-06-28 08:29:57.163683
81681,7,23.000,3.286,2026-06-28 08:29:57.163683
81684,7,21.500,3.071,2026-06-28 08:29:57.163683
81688,7,23.000,3.286,2026-06-28 08:29:57.163683
81690,8,23.500,2.938,2026-06-28 08:29:57.163683
81698,19,49.000,2.579,2026-06-28 08:29:57.163683
81702,10,33.000,3.300,2026-06-28 08:29:57.163683
81704,19,65.500,3.447,2026-06-28 08:29:57.163683
81708,6,16.000,2.667,2026-06-28 08:29:57.163683
81711,26,79.000,3.038,2026-06-28 08:29:57.163683
81725,36,119.000,3.306,2026-06-28 08:29:57.163683
81731,113,427.500,3.783,2026-06-28 08:29:57.163683
81733,8,33.500,4.188,2026-06-28 08:29:57.163683
81736,14,55.000,3.929,2026-06-28 08:29:57.163683
81744,10,19.500,1.950,2026-06-28 08:29:57.163683
81751,76,256.500,3.375,2026-06-28 08:29:57.163683
81753,10,34.000,3.400,2026-06-28 08:29:57.163683
81768,7,21.000,3.000,2026-06-28 08:29:57.163683
81782,645,2195.000,3.403,2026-06-28 08:29:57.163683
81784,303,993.500,3.279,2026-06-28 08:29:57.163683
81786,111,392.000,3.532,2026-06-28 08:29:57.163683
81788,790,2947.500,3.731,2026-06-28 08:29:57.163683
81791,276,892.500,3.234,2026-06-28 08:29:57.163683
81804,141,490.000,3.475,2026-06-28 08:29:57.163683
81817,149,557.500,3.742,2026-06-28 08:29:57.163683
81819,352,1285.000,3.651,2026-06-28 08:29:57.163683
81823,7,20.500,2.929,2026-06-28 08:29:57.163683
81825,8,29.000,3.625,2026-06-28 08:29:57.163683
81831,6,18.500,3.083,2026-06-28 08:29:57.163683
81834,3884,15066.500,3.879,2026-06-28 08:29:57.163683
81845,5629,22641.000,4.022,2026-06-28 08:29:57.163683
81847,2438,9365.000,3.841,2026-06-28 08:29:57.163683
81853,7,20.500,2.929,2026-06-28 08:29:57.163683
81898,7,21.500,3.071,2026-06-28 08:29:57.163683
81910,83,285.500,3.440,2026-06-28 08:29:57.163683
81930,5,13.500,2.700,2026-06-28 08:29:57.163683
81932,2166,8397.500,3.877,2026-06-28 08:29:57.163683
81949,51,132.500,2.598,2026-06-28 08:29:57.163683
81957,10,32.500,3.250,2026-06-28 08:29:57.163683
81975,6,23.500,3.917,2026-06-28 08:29:57.163683
81979,5,17.000,3.400,2026-06-28 08:29:57.163683
81981,16,55.500,3.469,2026-06-28 08:29:57.163683
81989,8,28.000,3.500,2026-06-28 08:29:57.163683
81993,11,27.000,2.455,2026-06-28 08:29:57.163683
82005,31,87.500,2.823,2026-06-28 08:29:57.163683
82009,16,37.000,2.313,2026-06-28 08:29:57.163683
82015,15,54.500,3.633,2026-06-28 08:29:57.163683
82022,21,63.500,3.024,2026-06-28 08:29:57.163683
82032,6,17.500,2.917,2026-06-28 08:29:57.163683
82035,17,57.500,3.382,2026-06-28 08:29:57.163683
82037,142,514.500,3.623,2026-06-28 08:29:57.163683
82041,73,250.000,3.425,2026-06-28 08:29:57.163683
82043,7,22.000,3.143,2026-06-28 08:29:57.163683
82047,5,18.000,3.600,2026-06-28 08:29:57.163683
82051,6,19.500,3.250,2026-06-28 08:29:57.163683
82053,128,410.000,3.203,2026-06-28 08:29:57.163683
82059,38,137.000,3.605,2026-06-28 08:29:57.163683
82063,13,40.500,3.115,2026-06-28 08:29:57.163683
82066,17,52.500,3.088,2026-06-28 08:29:57.163683
82068,5,15.000,3.000,2026-06-28 08:29:57.163683
82070,8,25.000,3.125,2026-06-28 08:29:57.163683
82088,11,41.000,3.727,2026-06-28 08:29:57.163683
82093,103,332.000,3.223,2026-06-28 08:29:57.163683
82095,311,701.500,2.256,2026-06-28 08:29:57.163683
82097,6,22.500,3.750,2026-06-28 08:29:57.163683
82102,14,52.500,3.750,2026-06-28 08:29:57.163683
82108,6,19.500,3.250,2026-06-28 08:29:57.163683
82121,14,53.000,3.786,2026-06-28 08:29:57.163683
82129,5,14.500,2.900,2026-06-28 08:29:57.163683
82131,7,25.000,3.571,2026-06-28 08:29:57.163683
82143,189,747.500,3.955,2026-06-28 08:29:57.163683
82150,60,223.000,3.717,2026-06-28 08:29:57.163683
82152,152,435.500,2.865,2026-06-28 08:29:57.163683
82157,6,16.500,2.750,2026-06-28 08:29:57.163683
82167,566,1908.000,3.371,2026-06-28 08:29:57.163683
82169,526,1758.500,3.343,2026-06-28 08:29:57.163683
82173,98,334.500,3.413,2026-06-28 08:29:57.163683
82182,5,18.000,3.600,2026-06-28 08:29:57.163683
82186,8,22.500,2.813,2026-06-28 08:29:57.163683
82188,5,16.000,3.200,2026-06-28 08:29:57.163683
82196,8,30.500,3.813,2026-06-28 08:29:57.163683
82202,657,2023.000,3.079,2026-06-28 08:29:57.163683
82209,15,42.500,2.833,2026-06-28 08:29:57.163683
82240,28,90.000,3.214,2026-06-28 08:29:57.163683
82242,344,1222.500,3.554,2026-06-28 08:29:57.163683
82244,116,356.500,3.073,2026-06-28 08:29:57.163683
82246,8,26.500,3.313,2026-06-28 08:29:57.163683
82261,9,33.500,3.722,2026-06-28 08:29:57.163683
82269,7,23.500,3.357,2026-06-28 08:29:57.163683
82274,5,15.000,3.000,2026-06-28 08:29:57.163683
82276,10,34.000,3.400,2026-06-28 08:29:57.163683
82280,7,26.500,3.786,2026-06-28 08:29:57.163683
82298,6,20.000,3.333,2026-06-28 08:29:57.163683
82300,7,23.000,3.286,2026-06-28 08:29:57.163683
82302,14,51.000,3.643,2026-06-28 08:29:57.163683
82304,5,18.500,3.700,2026-06-28 08:29:57.163683
82306,5,19.000,3.800,2026-06-28 08:29:57.163683
82308,5,19.500,3.900,2026-06-28 08:29:57.163683
82311,5,19.000,3.800,2026-06-28 08:29:57.163683
82313,10,35.000,3.500,2026-06-28 08:29:57.163683
82315,7,21.000,3.000,2026-06-28 08:29:57.163683
82322,20,68.500,3.425,2026-06-28 08:29:57.163683
82324,11,32.500,2.955,2026-06-28 08:29:57.163683
82330,5,15.000,3.000,2026-06-28 08:29:57.163683
82332,9,36.000,4.000,2026-06-28 08:29:57.163683
82335,7,25.000,3.571,2026-06-28 08:29:57.163683
82337,10,37.500,3.750,2026-06-28 08:29:57.163683
82356,6,19.000,3.167,2026-06-28 08:29:57.163683
82360,25,80.500,3.220,2026-06-28 08:29:57.163683
82364,5,17.500,3.500,2026-06-28 08:29:57.163683
82366,23,64.000,2.783,2026-06-28 08:29:57.163683
82378,161,491.500,3.053,2026-06-28 08:29:57.163683
82380,12,39.000,3.250,2026-06-28 08:29:57.163683
82382,9,33.000,3.667,2026-06-28 08:29:57.163683
82420,5,17.500,3.500,2026-06-28 08:29:57.163683
82438,10,28.500,2.850,2026-06-28 08:29:57.163683
82447,77,247.000,3.208,2026-06-28 08:29:57.163683
82452,11,35.000,3.182,2026-06-28 08:29:57.163683
82454,5,16.500,3.300,2026-06-28 08:29:57.163683
82459,3487,13495.000,3.870,2026-06-28 08:29:57.163683
82461,1705,5745.000,3.370,2026-06-28 08:29:57.163683
82463,250,913.500,3.654,2026-06-28 08:29:57.163683
82465,7,17.000,2.429,2026-06-28 08:29:57.163683
82499,175,493.500,2.820,2026-06-28 08:29:57.163683
82527,223,807.500,3.621,2026-06-28 08:29:57.163683
82534,199,682.500,3.430,2026-06-28 08:29:57.163683
82536,8,24.500,3.063,2026-06-28 08:29:57.163683
82564,40,134.000,3.350,2026-06-28 08:29:57.163683
82581,10,18.500,1.850,2026-06-28 08:29:57.163683
82589,70,249.500,3.564,2026-06-28 08:29:57.163683
82602,7,19.500,2.786,2026-06-28 08:29:57.163683
82608,10,32.500,3.250,2026-06-28 08:29:57.163683
82633,28,100.500,3.589,2026-06-28 08:29:57.163683
82635,5,15.500,3.100,2026-06-28 08:29:57.163683
82641,8,26.000,3.250,2026-06-28 08:29:57.163683
82643,5,14.500,2.900,2026-06-28 08:29:57.163683
82667,298,1113.500,3.737,2026-06-28 08:29:57.163683
82669,7,21.000,3.000,2026-06-28 08:29:57.163683
82671,6,19.000,3.167,2026-06-28 08:29:57.163683
82673,11,37.000,3.364,2026-06-28 08:29:57.163683
82676,7,22.000,3.143,2026-06-28 08:29:57.163683
82678,5,18.500,3.700,2026-06-28 08:29:57.163683
82682,8,25.000,3.125,2026-06-28 08:29:57.163683
82684,26,78.000,3.000,2026-06-28 08:29:57.163683
82698,8,17.000,2.125,2026-06-28 08:29:57.163683
82701,6,22.000,3.667,2026-06-28 08:29:57.163683
82703,19,65.000,3.421,2026-06-28 08:29:57.163683
82722,21,66.500,3.167,2026-06-28 08:29:57.163683
82726,11,30.500,2.773,2026-06-28 08:29:57.163683
82739,22,72.000,3.273,2026-06-28 08:29:57.163683
82744,197,627.500,3.185,2026-06-28 08:29:57.163683
82747,6,20.000,3.333,2026-06-28 08:29:57.163683
82749,11,37.500,3.409,2026-06-28 08:29:57.163683
82759,6,19.000,3.167,2026-06-28 08:29:57.163683
82765,34,119.000,3.500,2026-06-28 08:29:57.163683
82767,281,981.500,3.493,2026-06-28 08:29:57.163683
82770,12,38.000,3.167,2026-06-28 08:29:57.163683
82834,7,22.000,3.143,2026-06-28 08:29:57.163683
82836,7,27.500,3.929,2026-06-28 08:29:57.163683
82842,11,37.500,3.409,2026-06-28 08:29:57.163683
82848,23,87.500,3.804,2026-06-28 08:29:57.163683
82850,17,60.000,3.529,2026-06-28 08:29:57.163683
82852,370,998.500,2.699,2026-06-28 08:29:57.163683
82854,210,522.500,2.488,2026-06-28 08:29:57.163683
82857,16,50.000,3.125,2026-06-28 08:29:57.163683
82904,29,94.500,3.259,2026-06-28 08:29:57.163683
82906,8,27.000,3.375,2026-06-28 08:29:57.163683
82911,5,15.500,3.100,2026-06-28 08:29:57.163683
82920,9,26.500,2.944,2026-06-28 08:29:57.163683
82926,43,160.000,3.721,2026-06-28 08:29:57.163683
82928,19,50.000,2.632,2026-06-28 08:29:57.163683
82931,38,115.500,3.039,2026-06-28 08:29:57.163683
82934,44,162.000,3.682,2026-06-28 08:29:57.163683
82976,22,80.000,3.636,2026-06-28 08:29:57.163683
82978,17,57.000,3.353,2026-06-28 08:29:57.163683
82991,5,16.500,3.300,2026-06-28 08:29:57.163683
83004,9,37.000,4.111,2026-06-28 08:29:57.163683
83034,11,40.000,3.636,2026-06-28 08:29:57.163683
83038,9,33.500,3.722,2026-06-28 08:29:57.163683
83049,7,19.500,2.786,2026-06-28 08:29:57.163683
83059,41,133.500,3.256,2026-06-28 08:29:57.163683
83067,17,45.000,2.647,2026-06-28 08:29:57.163683
83082,43,157.000,3.651,2026-06-28 08:29:57.163683
83086,219,723.500,3.304,2026-06-28 08:29:57.163683
83096,13,43.000,3.308,2026-06-28 08:29:57.163683
83115,6,17.000,2.833,2026-06-28 08:29:57.163683
83132,487,1867.000,3.834,2026-06-28 08:29:57.163683
83134,776,2917.000,3.759,2026-06-28 08:29:57.163683
83138,7,19.000,2.714,2026-06-28 08:29:57.163683
83158,17,64.000,3.765,2026-06-28 08:29:57.163683
83177,80,173.500,2.169,2026-06-28 08:29:57.163683
83180,27,86.500,3.204,2026-06-28 08:29:57.163683
83182,13,50.500,3.885,2026-06-28 08:29:57.163683
83184,11,43.000,3.909,2026-06-28 08:29:57.163683
83189,8,28.000,3.500,2026-06-28 08:29:57.163683
83193,18,68.000,3.778,2026-06-28 08:29:57.163683
83219,186,697.000,3.747,2026-06-28 08:29:57.163683
83222,9,25.500,2.833,2026-06-28 08:29:57.163683
83246,9,28.500,3.167,2026-06-28 08:29:57.163683
83248,7,21.500,3.071,2026-06-28 08:29:57.163683
83250,9,30.500,3.389,2026-06-28 08:29:57.163683
83264,17,61.000,3.588,2026-06-28 08:29:57.163683
83266,10,33.500,3.350,2026-06-28 08:29:57.163683
83270,167,609.500,3.650,2026-06-28 08:29:57.163683
83291,5,20.000,4.000,2026-06-28 08:29:57.163683
83293,78,293.500,3.763,2026-06-28 08:29:57.163683
83295,5,13.500,2.700,2026-06-28 08:29:57.163683
83300,14,44.000,3.143,2026-06-28 08:29:57.163683
83302,114,373.500,3.276,2026-06-28 08:29:57.163683
83316,8,25.500,3.188,2026-06-28 08:29:57.163683
83318,17,65.000,3.824,2026-06-28 08:29:57.163683
83320,11,26.500,2.409,2026-06-28 08:29:57.163683
83322,19,71.500,3.763,2026-06-28 08:29:57.163683
83324,13,45.000,3.462,2026-06-28 08:29:57.163683
83326,17,63.000,3.706,2026-06-28 08:29:57.163683
83330,8,24.500,3.063,2026-06-28 08:29:57.163683
83332,34,120.500,3.544,2026-06-28 08:29:57.163683
83334,7,14.500,2.071,2026-06-28 08:29:57.163683
83343,8,27.500,3.438,2026-06-28 08:29:57.163683
83349,743,2197.500,2.958,2026-06-28 08:29:57.163683
83359,25,93.500,3.740,2026-06-28 08:29:57.163683
83361,16,54.500,3.406,2026-06-28 08:29:57.163683
83369,268,953.000,3.556,2026-06-28 08:29:57.163683
83374,108,339.000,3.139,2026-06-28 08:29:57.163683
83376,6,18.500,3.083,2026-06-28 08:29:57.163683
83385,10,31.000,3.100,2026-06-28 08:29:57.163683
83411,25,95.500,3.820,2026-06-28 08:29:57.163683
83424,17,59.500,3.500,2026-06-28 08:29:57.163683
83437,7,22.500,3.214,2026-06-28 08:29:57.163683
83448,5,16.500,3.300,2026-06-28 08:29:57.163683
83450,12,44.000,3.667,2026-06-28 08:29:57.163683
83457,6,25.500,4.250,2026-06-28 08:29:57.163683
83468,11,40.500,3.682,2026-06-28 08:29:57.163683
83478,37,100.500,2.716,2026-06-28 08:29:57.163683
83480,250,668.000,2.672,2026-06-28 08:29:57.163683
83506,89,317.500,3.567,2026-06-28 08:29:57.163683
83525,47,153.500,3.266,2026-06-28 08:29:57.163683
83527,6,18.500,3.083,2026-06-28 08:29:57.163683
83529,5,17.000,3.400,2026-06-28 08:29:57.163683
83531,9,31.500,3.500,2026-06-28 08:29:57.163683
83535,16,52.000,3.250,2026-06-28 08:29:57.163683
83538,13,46.000,3.538,2026-06-28 08:29:57.163683
83540,6,21.000,3.500,2026-06-28 08:29:57.163683
83556,9,29.500,3.278,2026-06-28 08:29:57.163683
83558,5,19.000,3.800,2026-06-28 08:29:57.163683
83562,5,16.500,3.300,2026-06-28 08:29:57.163683
83575,5,14.000,2.800,2026-06-28 08:29:57.163683
83577,8,28.000,3.500,2026-06-28 08:29:57.163683
83581,6,21.000,3.500,2026-06-28 08:29:57.163683
83583,6,16.500,2.750,2026-06-28 08:29:57.163683
83585,8,14.500,1.813,2026-06-28 08:29:57.163683
83588,12,43.000,3.583,2026-06-28 08:29:57.163683
83590,7,17.000,2.429,2026-06-28 08:29:57.163683
83601,21,60.000,2.857,2026-06-28 08:29:57.163683
83605,9,26.500,2.944,2026-06-28 08:29:57.163683
83613,868,2629.500,3.029,2026-06-28 08:29:57.163683
83616,10,24.500,2.450,2026-06-28 08:29:57.163683
83619,5,15.000,3.000,2026-06-28 08:29:57.163683
83652,8,28.000,3.500,2026-06-28 08:29:57.163683
83658,5,16.000,3.200,2026-06-28 08:29:57.163683
83660,6,5.500,0.917,2026-06-28 08:29:57.163683
83671,6,22.500,3.750,2026-06-28 08:29:57.163683
83756,6,21.000,3.500,2026-06-28 08:29:57.163683
83760,27,76.000,2.815,2026-06-28 08:29:57.163683
83763,9,29.500,3.278,2026-06-28 08:29:57.163683
83765,12,40.000,3.333,2026-06-28 08:29:57.163683
83777,6,19.500,3.250,2026-06-28 08:29:57.163683
83796,22,81.500,3.705,2026-06-28 08:29:57.163683
83798,72,260.500,3.618,2026-06-28 08:29:57.163683
83801,9,31.000,3.444,2026-06-28 08:29:57.163683
83803,147,541.000,3.680,2026-06-28 08:29:57.163683
83807,15,53.500,3.567,2026-06-28 08:29:57.163683
83809,6,20.500,3.417,2026-06-28 08:29:57.163683
83827,70,260.000,3.714,2026-06-28 08:29:57.163683
83829,24,86.000,3.583,2026-06-28 08:29:57.163683
83833,8,29.500,3.688,2026-06-28 08:29:57.163683
83835,9,29.500,3.278,2026-06-28 08:29:57.163683
83837,11,39.000,3.545,2026-06-28 08:29:57.163683
83842,8,21.500,2.688,2026-06-28 08:29:57.163683
83897,6,23.000,3.833,2026-06-28 08:29:57.163683
83910,151,407.000,2.695,2026-06-28 08:29:57.163683
83912,8,23.000,2.875,2026-06-28 08:29:57.163683
83916,6,14.500,2.417,2026-06-28 08:29:57.163683
83920,5,13.500,2.700,2026-06-28 08:29:57.163683
83923,9,28.500,3.167,2026-06-28 08:29:57.163683
83962,12,43.500,3.625,2026-06-28 08:29:57.163683
83969,5,16.500,3.300,2026-06-28 08:29:57.163683
83976,240,854.000,3.558,2026-06-28 08:29:57.163683
84015,6,22.000,3.667,2026-06-28 08:29:57.163683
84019,8,27.500,3.438,2026-06-28 08:29:57.163683
84047,8,28.000,3.500,2026-06-28 08:29:57.163683
84090,7,21.000,3.000,2026-06-28 08:29:57.163683
84092,5,16.500,3.300,2026-06-28 08:29:57.163683
84096,10,32.000,3.200,2026-06-28 08:29:57.163683
84098,7,23.000,3.286,2026-06-28 08:29:57.163683
84103,7,20.500,2.929,2026-06-28 08:29:57.163683
84111,7,22.500,3.214,2026-06-28 08:29:57.163683
84114,6,19.500,3.250,2026-06-28 08:29:57.163683
84116,82,317.000,3.866,2026-06-28 08:29:57.163683
84120,11,41.000,3.727,2026-06-28 08:29:57.163683
84122,13,47.500,3.654,2026-06-28 08:29:57.163683
84125,7,22.500,3.214,2026-06-28 08:29:57.163683
84128,22,75.000,3.409,2026-06-28 08:29:57.163683
84137,23,76.000,3.304,2026-06-28 08:29:57.163683
84148,5,14.500,2.900,2026-06-28 08:29:57.163683
84150,8,27.000,3.375,2026-06-28 08:29:57.163683
84152,2444,9294.500,3.803,2026-06-28 08:29:57.163683
84154,30,114.500,3.817,2026-06-28 08:29:57.163683
84156,51,188.500,3.696,2026-06-28 08:29:57.163683
84160,18,55.000,3.056,2026-06-28 08:29:57.163683
84173,11,41.000,3.727,2026-06-28 08:29:57.163683
84176,5,15.500,3.100,2026-06-28 08:29:57.163683
84187,212,815.000,3.844,2026-06-28 08:29:57.163683
84189,94,285.000,3.032,2026-06-28 08:29:57.163683
84223,11,38.500,3.500,2026-06-28 08:29:57.163683
84228,7,23.000,3.286,2026-06-28 08:29:57.163683
84230,17,57.000,3.353,2026-06-28 08:29:57.163683
84232,13,45.000,3.462,2026-06-28 08:29:57.163683
84234,17,63.500,3.735,2026-06-28 08:29:57.163683
84236,26,96.500,3.712,2026-06-28 08:29:57.163683
84238,7,23.000,3.286,2026-06-28 08:29:57.163683
84240,71,264.000,3.718,2026-06-28 08:29:57.163683
84242,72,259.000,3.597,2026-06-28 08:29:57.163683
84246,10,29.500,2.950,2026-06-28 08:29:57.163683
84248,7,29.000,4.143,2026-06-28 08:29:57.163683
84250,5,9.500,1.900,2026-06-28 08:29:57.163683
84252,5,19.000,3.800,2026-06-28 08:29:57.163683
84260,10,14.500,1.450,2026-06-28 08:29:57.163683
84262,7,12.000,1.714,2026-06-28 08:29:57.163683
84273,127,463.000,3.646,2026-06-28 08:29:57.163683
84276,6,23.500,3.917,2026-06-28 08:29:57.163683
84279,5,12.500,2.500,2026-06-28 08:29:57.163683
84304,49,145.500,2.969,2026-06-28 08:29:57.163683
84312,160,278.000,1.738,2026-06-28 08:29:57.163683
84366,8,31.500,3.938,2026-06-28 08:29:57.163683
84374,649,2096.500,3.230,2026-06-28 08:29:57.163683
84387,12,33.000,2.750,2026-06-28 08:29:57.163683
84392,1001,3722.500,3.719,2026-06-28 08:29:57.163683
84395,216,632.500,2.928,2026-06-28 08:29:57.163683
84407,24,91.000,3.792,2026-06-28 08:29:57.163683
84414,63,220.500,3.500,2026-06-28 08:29:57.163683
84444,17,59.000,3.471,2026-06-28 08:29:57.163683
84446,7,18.000,2.571,2026-06-28 08:29:57.163683
84455,14,42.000,3.000,2026-06-28 08:29:57.163683
84469,9,30.500,3.389,2026-06-28 08:29:57.163683
84471,6,22.000,3.667,2026-06-28 08:29:57.163683
84479,6,20.500,3.417,2026-06-28 08:29:57.163683
84481,7,23.500,3.357,2026-06-28 08:29:57.163683
84485,9,30.000,3.333,2026-06-28 08:29:57.163683
84496,8,22.000,2.750,2026-06-28 08:29:57.163683
84498,8,23.500,2.938,2026-06-28 08:29:57.163683
84504,7,25.000,3.571,2026-06-28 08:29:57.163683
84506,15,52.500,3.500,2026-06-28 08:29:57.163683
84510,6,19.000,3.167,2026-06-28 08:29:57.163683
84523,12,38.500,3.208,2026-06-28 08:29:57.163683
84532,18,63.000,3.500,2026-06-28 08:29:57.163683
84553,6,14.500,2.417,2026-06-28 08:29:57.163683
84557,31,84.000,2.710,2026-06-28 08:29:57.163683
84570,79,238.000,3.013,2026-06-28 08:29:57.163683
84601,875,3117.500,3.563,2026-06-28 08:29:57.163683
84613,129,373.500,2.895,2026-06-28 08:29:57.163683
84615,280,925.000,3.304,2026-06-28 08:29:57.163683
84621,18,46.500,2.583,2026-06-28 08:29:57.163683
84637,218,620.000,2.844,2026-06-28 08:29:57.163683
84639,5,14.500,2.900,2026-06-28 08:29:57.163683
84643,5,12.500,2.500,2026-06-28 08:29:57.163683
84663,52,192.500,3.702,2026-06-28 08:29:57.163683
84696,95,307.000,3.232,2026-06-28 08:29:57.163683
84716,121,459.000,3.793,2026-06-28 08:29:57.163683
84730,9,32.500,3.611,2026-06-28 08:29:57.163683
84732,68,173.500,2.551,2026-06-28 08:29:57.163683
84738,6,9.500,1.583,2026-06-28 08:29:57.163683
84740,5,13.000,2.600,2026-06-28 08:29:57.163683
84766,5,11.500,2.300,2026-06-28 08:29:57.163683
84770,36,126.000,3.500,2026-06-28 08:29:57.163683
84772,1031,3564.000,3.457,2026-06-28 08:29:57.163683
84775,95,361.500,3.805,2026-06-28 08:29:57.163683
84777,7,24.000,3.429,2026-06-28 08:29:57.163683
84779,15,41.500,2.767,2026-06-28 08:29:57.163683
84781,5,15.500,3.100,2026-06-28 08:29:57.163683
84792,8,24.000,3.000,2026-06-28 08:29:57.163683
84794,6,14.500,2.417,2026-06-28 08:29:57.163683
84796,10,35.000,3.500,2026-06-28 08:29:57.163683
84799,14,46.500,3.321,2026-06-28 08:29:57.163683
84801,17,65.000,3.824,2026-06-28 08:29:57.163683
84807,13,42.500,3.269,2026-06-28 08:29:57.163683
84834,14,44.500,3.179,2026-06-28 08:29:57.163683
84844,31,110.000,3.548,2026-06-28 08:29:57.163683
84847,212,835.000,3.939,2026-06-28 08:29:57.163683
84855,34,124.500,3.662,2026-06-28 08:29:57.163683
84857,13,48.000,3.692,2026-06-28 08:29:57.163683
84863,6,18.500,3.083,2026-06-28 08:29:57.163683
84871,5,11.500,2.300,2026-06-28 08:29:57.163683
84880,35,114.500,3.271,2026-06-28 08:29:57.163683
84884,11,38.500,3.500,2026-06-28 08:29:57.163683
84942,228,594.000,2.605,2026-06-28 08:29:57.163683
84944,1192,4179.500,3.506,2026-06-28 08:29:57.163683
84950,128,401.500,3.137,2026-06-28 08:29:57.163683
84952,103,391.000,3.796,2026-06-28 08:29:57.163683
84954,1711,6126.500,3.581,2026-06-28 08:29:57.163683
84957,26,80.000,3.077,2026-06-28 08:29:57.163683
84963,5,17.500,3.500,2026-06-28 08:29:57.163683
84972,7,28.500,4.071,2026-06-28 08:29:57.163683
84980,72,238.000,3.306,2026-06-28 08:29:57.163683
84989,10,33.000,3.300,2026-06-28 08:29:57.163683
85007,108,376.500,3.486,2026-06-28 08:29:57.163683
85012,6,26.000,4.333,2026-06-28 08:29:57.163683
85014,7,22.000,3.143,2026-06-28 08:29:57.163683
85016,36,114.000,3.167,2026-06-28 08:29:57.163683
85020,496,1643.000,3.313,2026-06-28 08:29:57.163683
85022,353,979.000,2.773,2026-06-28 08:29:57.163683
85025,171,526.500,3.079,2026-06-28 08:29:57.163683
85056,587,1760.500,2.999,2026-06-28 08:29:57.163683
85072,35,116.000,3.314,2026-06-28 08:29:57.163683
85106,6,20.500,3.417,2026-06-28 08:29:57.163683
85129,8,30.500,3.813,2026-06-28 08:29:57.163683
85131,665,1884.000,2.833,2026-06-28 08:29:57.163683
85133,11,33.000,3.000,2026-06-28 08:29:57.163683
85177,24,68.000,2.833,2026-06-28 08:29:57.163683
85179,217,830.000,3.825,2026-06-28 08:29:57.163683
85181,32,109.500,3.422,2026-06-28 08:29:57.163683
85190,13,47.000,3.615,2026-06-28 08:29:57.163683
85211,60,201.500,3.358,2026-06-28 08:29:57.163683
85213,132,474.000,3.591,2026-06-28 08:29:57.163683
85215,10,26.500,2.650,2026-06-28 08:29:57.163683
85259,80,298.500,3.731,2026-06-28 08:29:57.163683
85261,71,195.500,2.754,2026-06-28 08:29:57.163683
85268,36,82.500,2.292,2026-06-28 08:29:57.163683
85273,7,22.000,3.143,2026-06-28 08:29:57.163683
85278,9,30.000,3.333,2026-06-28 08:29:57.163683
85291,6,18.500,3.083,2026-06-28 08:29:57.163683
85295,31,58.500,1.887,2026-06-28 08:29:57.163683
85298,10,27.000,2.700,2026-06-28 08:29:57.163683
85305,22,63.000,2.864,2026-06-28 08:29:57.163683
85307,14,42.500,3.036,2026-06-28 08:29:57.163683
85312,29,98.500,3.397,2026-06-28 08:29:57.163683
85316,68,253.000,3.721,2026-06-28 08:29:57.163683
85319,6,22.000,3.667,2026-06-28 08:29:57.163683
85325,6,19.500,3.250,2026-06-28 08:29:57.163683
85330,10,32.000,3.200,2026-06-28 08:29:57.163683
85334,11,27.500,2.500,2026-06-28 08:29:57.163683
85342,590,2328.500,3.947,2026-06-28 08:29:57.163683
85344,6,14.500,2.417,2026-06-28 08:29:57.163683
85354,205,773.000,3.771,2026-06-28 08:29:57.163683
85358,12,35.000,2.917,2026-06-28 08:29:57.163683
85360,13,36.000,2.769,2026-06-28 08:29:57.163683
85362,10,33.000,3.300,2026-06-28 08:29:57.163683
85367,409,1298.500,3.175,2026-06-28 08:29:57.163683
85372,75,238.000,3.173,2026-06-28 08:29:57.163683
85374,5,20.000,4.000,2026-06-28 08:29:57.163683
85387,5,16.500,3.300,2026-06-28 08:29:57.163683
85392,10,27.000,2.700,2026-06-28 08:29:57.163683
85394,188,686.500,3.652,2026-06-28 08:29:57.163683
85397,319,877.000,2.749,2026-06-28 08:29:57.163683
85399,29,58.000,2.000,2026-06-28 08:29:57.163683
85401,322,1064.500,3.306,2026-06-28 08:29:57.163683
85410,7,21.000,3.000,2026-06-28 08:29:57.163683
85412,352,1236.000,3.511,2026-06-28 08:29:57.163683
85414,3374,12660.000,3.752,2026-06-28 08:29:57.163683
85438,396,1485.500,3.751,2026-06-28 08:29:57.163683
85440,5,17.500,3.500,2026-06-28 08:29:57.163683
85510,792,2395.000,3.024,2026-06-28 08:29:57.163683
85513,5,11.000,2.200,2026-06-28 08:29:57.163683
85527,12,36.500,3.042,2026-06-28 08:29:57.163683
85538,8,27.500,3.438,2026-06-28 08:29:57.163683
85540,25,81.500,3.260,2026-06-28 08:29:57.163683
85542,10,31.000,3.100,2026-06-28 08:29:57.163683
85547,12,44.500,3.708,2026-06-28 08:29:57.163683
85549,7,22.500,3.214,2026-06-28 08:29:57.163683
85555,6,17.000,2.833,2026-06-28 08:29:57.163683
85565,41,146.500,3.573,2026-06-28 08:29:57.163683
85570,5,19.500,3.900,2026-06-28 08:29:57.163683
85572,17,42.500,2.500,2026-06-28 08:29:57.163683
85574,7,19.000,2.714,2026-06-28 08:29:57.163683
85585,21,69.500,3.310,2026-06-28 08:29:57.163683
85626,19,64.500,3.395,2026-06-28 08:29:57.163683
85686,6,15.000,2.500,2026-06-28 08:29:57.163683
85728,6,18.500,3.083,2026-06-28 08:29:57.163683
85734,10,29.000,2.900,2026-06-28 08:29:57.163683
85736,399,1544.500,3.871,2026-06-28 08:29:57.163683
85763,20,79.000,3.950,2026-06-28 08:29:57.163683
85774,719,2893.000,4.024,2026-06-28 08:29:57.163683
85777,52,181.000,3.481,2026-06-28 08:29:57.163683
85780,149,521.000,3.497,2026-06-28 08:29:57.163683
85788,470,1560.500,3.320,2026-06-28 08:29:57.163683
85790,93,301.500,3.242,2026-06-28 08:29:57.163683
85796,235,692.500,2.947,2026-06-28 08:29:57.163683
85874,17,58.000,3.412,2026-06-28 08:29:57.163683
85881,564,2105.500,3.733,2026-06-28 08:29:57.163683
85883,5,17.500,3.500,2026-06-28 08:29:57.163683
85885,45,136.500,3.033,2026-06-28 08:29:57.163683
85896,6,18.500,3.083,2026-06-28 08:29:57.163683
85910,12,43.500,3.625,2026-06-28 08:29:57.163683
85955,5,15.500,3.100,2026-06-28 08:29:57.163683
85966,5,15.000,3.000,2026-06-28 08:29:57.163683
85981,5,17.000,3.400,2026-06-28 08:29:57.163683
85985,5,14.500,2.900,2026-06-28 08:29:57.163683
85987,7,23.500,3.357,2026-06-28 08:29:57.163683
85992,26,77.500,2.981,2026-06-28 08:29:57.163683
85997,6,12.000,2.000,2026-06-28 08:29:57.163683
86000,73,277.000,3.795,2026-06-28 08:29:57.163683
86014,53,173.500,3.274,2026-06-28 08:29:57.163683
86028,36,106.500,2.958,2026-06-28 08:29:57.163683
86033,6,16.000,2.667,2026-06-28 08:29:57.163683
86057,6,23.500,3.917,2026-06-28 08:29:57.163683
86059,82,234.000,2.854,2026-06-28 08:29:57.163683
86064,5,13.500,2.700,2026-06-28 08:29:57.163683
86066,9,36.000,4.000,2026-06-28 08:29:57.163683
86068,5,15.500,3.100,2026-06-28 08:29:57.163683
86070,7,22.000,3.143,2026-06-28 08:29:57.163683
86083,11,41.000,3.727,2026-06-28 08:29:57.163683
86087,7,29.000,4.143,2026-06-28 08:29:57.163683
86091,5,11.000,2.200,2026-06-28 08:29:57.163683
86094,12,35.000,2.917,2026-06-28 08:29:57.163683
86096,17,64.000,3.765,2026-06-28 08:29:57.163683
86137,19,59.000,3.105,2026-06-28 08:29:57.163683
86139,5,18.000,3.600,2026-06-28 08:29:57.163683
86142,413,1533.000,3.712,2026-06-28 08:29:57.163683
86145,9,29.000,3.222,2026-06-28 08:29:57.163683
86148,5,16.500,3.300,2026-06-28 08:29:57.163683
86151,8,27.500,3.438,2026-06-28 08:29:57.163683
86153,7,20.000,2.857,2026-06-28 08:29:57.163683
86166,5,16.000,3.200,2026-06-28 08:29:57.163683
86168,10,34.000,3.400,2026-06-28 08:29:57.163683
86170,5,13.500,2.700,2026-06-28 08:29:57.163683
86173,5,20.500,4.100,2026-06-28 08:29:57.163683
86181,8,28.500,3.563,2026-06-28 08:29:57.163683
86190,974,3451.000,3.543,2026-06-28 08:29:57.163683
86204,5,17.000,3.400,2026-06-28 08:29:57.163683
86206,34,128.000,3.765,2026-06-28 08:29:57.163683
86233,28,78.500,2.804,2026-06-28 08:29:57.163683
86237,29,109.500,3.776,2026-06-28 08:29:57.163683
86244,36,112.000,3.111,2026-06-28 08:29:57.163683
86246,6,21.000,3.500,2026-06-28 08:29:57.163683
86277,15,54.500,3.633,2026-06-28 08:29:57.163683
86279,28,101.500,3.625,2026-06-28 08:29:57.163683
86286,19,60.500,3.184,2026-06-28 08:29:57.163683
86290,197,741.500,3.764,2026-06-28 08:29:57.163683
86293,237,726.000,3.063,2026-06-28 08:29:57.163683
86295,296,852.000,2.878,2026-06-28 08:29:57.163683
86298,576,1936.500,3.362,2026-06-28 08:29:57.163683
86300,19,61.500,3.237,2026-06-28 08:29:57.163683
86316,5,15.500,3.100,2026-06-28 08:29:57.163683
86320,850,3024.500,3.558,2026-06-28 08:29:57.163683
86330,8,30.500,3.813,2026-06-28 08:29:57.163683
86332,2580,9046.500,3.506,2026-06-28 08:29:57.163683
86345,919,3742.000,4.072,2026-06-28 08:29:57.163683
86347,696,2840.500,4.081,2026-06-28 08:29:57.163683
86355,86,247.000,2.872,2026-06-28 08:29:57.163683
86377,891,3638.500,4.084,2026-06-28 08:29:57.163683
86382,5,19.000,3.800,2026-06-28 08:29:57.163683
86401,5,19.500,3.900,2026-06-28 08:29:57.163683
86405,12,31.000,2.583,2026-06-28 08:29:57.163683
86408,11,37.000,3.364,2026-06-28 08:29:57.163683
86410,42,101.500,2.417,2026-06-28 08:29:57.163683
86412,22,79.500,3.614,2026-06-28 08:29:57.163683
86416,5,20.000,4.000,2026-06-28 08:29:57.163683
86418,6,20.000,3.333,2026-06-28 08:29:57.163683
86430,10,33.000,3.300,2026-06-28 08:29:57.163683
86432,15,51.500,3.433,2026-06-28 08:29:57.163683
86449,9,22.000,2.444,2026-06-28 08:29:57.163683
86453,5,17.000,3.400,2026-06-28 08:29:57.163683
86478,13,37.000,2.846,2026-06-28 08:29:57.163683
86487,120,447.000,3.725,2026-06-28 08:29:57.163683
86491,11,36.000,3.273,2026-06-28 08:29:57.163683
86495,5,11.500,2.300,2026-06-28 08:29:57.163683
86502,10,28.500,2.850,2026-06-28 08:29:57.163683
86504,30,110.500,3.683,2026-06-28 08:29:57.163683
86521,5,15.000,3.000,2026-06-28 08:29:57.163683
86536,17,69.500,4.088,2026-06-28 08:29:57.163683
86539,7,20.500,2.929,2026-06-28 08:29:57.163683
86541,19,67.500,3.553,2026-06-28 08:29:57.163683
86546,17,53.500,3.147,2026-06-28 08:29:57.163683
86548,384,1337.500,3.483,2026-06-28 08:29:57.163683
86559,9,28.000,3.111,2026-06-28 08:29:57.163683
86572,9,21.000,2.333,2026-06-28 08:29:57.163683
86574,34,123.500,3.632,2026-06-28 08:29:57.163683
86576,13,48.000,3.692,2026-06-28 08:29:57.163683
86578,35,131.000,3.743,2026-06-28 08:29:57.163683
86583,5,19.000,3.800,2026-06-28 08:29:57.163683
86590,8,27.500,3.438,2026-06-28 08:29:57.163683
86593,28,97.000,3.464,2026-06-28 08:29:57.163683
86604,17,53.000,3.118,2026-06-28 08:29:57.163683
86606,10,35.500,3.550,2026-06-28 08:29:57.163683
86624,22,65.000,2.955,2026-06-28 08:29:57.163683
86626,12,29.000,2.417,2026-06-28 08:29:57.163683
86628,179,629.500,3.517,2026-06-28 08:29:57.163683
86642,42,135.500,3.226,2026-06-28 08:29:57.163683
86644,562,1924.500,3.424,2026-06-28 08:29:57.163683
86646,10,33.000,3.300,2026-06-28 08:29:57.163683
86648,7,21.000,3.000,2026-06-28 08:29:57.163683
86655,9,28.500,3.167,2026-06-28 08:29:57.163683
86668,38,146.500,3.855,2026-06-28 08:29:57.163683
86677,5,11.000,2.200,2026-06-28 08:29:57.163683
86715,11,38.000,3.455,2026-06-28 08:29:57.163683
86721,12,40.500,3.375,2026-06-28 08:29:57.163683
86723,40,149.500,3.738,2026-06-28 08:29:57.163683
86725,12,29.500,2.458,2026-06-28 08:29:57.163683
86728,5,18.500,3.700,2026-06-28 08:29:57.163683
86748,5,16.500,3.300,2026-06-28 08:29:57.163683
86750,21,70.500,3.357,2026-06-28 08:29:57.163683
86758,5,6.500,1.300,2026-06-28 08:29:57.163683
86762,23,78.000,3.391,2026-06-28 08:29:57.163683
86764,7,25.000,3.571,2026-06-28 08:29:57.163683
86768,7,25.000,3.571,2026-06-28 08:29:57.163683
86775,7,25.500,3.643,2026-06-28 08:29:57.163683
86781,518,2075.500,4.007,2026-06-28 08:29:57.163683
86787,8,26.000,3.250,2026-06-28 08:29:57.163683
86795,7,19.000,2.714,2026-06-28 08:29:57.163683
86802,5,15.000,3.000,2026-06-28 08:29:57.163683
86811,7,21.000,3.000,2026-06-28 08:29:57.163683
86815,103,366.000,3.553,2026-06-28 08:29:57.163683
86817,195,590.500,3.028,2026-06-28 08:29:57.163683
86829,6,20.500,3.417,2026-06-28 08:29:57.163683
86833,1407,4963.500,3.528,2026-06-28 08:29:57.163683
86835,340,977.500,2.875,2026-06-28 08:29:57.163683
86837,10,27.500,2.750,2026-06-28 08:29:57.163683
86852,192,616.000,3.208,2026-06-28 08:29:57.163683
86864,31,93.000,3.000,2026-06-28 08:29:57.163683
86866,13,38.500,2.962,2026-06-28 08:29:57.163683
86876,9,20.500,2.278,2026-06-28 08:29:57.163683
86880,1250,4146.500,3.317,2026-06-28 08:29:57.163683
86882,2305,8799.000,3.817,2026-06-28 08:29:57.163683
86884,88,325.500,3.699,2026-06-28 08:29:57.163683
86892,189,715.500,3.786,2026-06-28 08:29:57.163683
86894,5,16.500,3.300,2026-06-28 08:29:57.163683
86896,5,14.500,2.900,2026-06-28 08:29:57.163683
86898,697,2291.000,3.287,2026-06-28 08:29:57.163683
86900,9,23.500,2.611,2026-06-28 08:29:57.163683
86902,5,16.500,3.300,2026-06-28 08:29:57.163683
86906,5,15.500,3.100,2026-06-28 08:29:57.163683
86911,1115,3433.000,3.079,2026-06-28 08:29:57.163683
86922,20,69.500,3.475,2026-06-28 08:29:57.163683
86941,5,13.000,2.600,2026-06-28 08:29:57.163683
86947,10,24.500,2.450,2026-06-28 08:29:57.163683
86955,27,87.000,3.222,2026-06-28 08:29:57.163683
86973,23,80.000,3.478,2026-06-28 08:29:57.163683
86982,25,77.500,3.100,2026-06-28 08:29:57.163683
86985,12,44.500,3.708,2026-06-28 08:29:57.163683
87000,8,18.000,2.250,2026-06-28 08:29:57.163683
87004,83,307.500,3.705,2026-06-28 08:29:57.163683
87006,5,10.000,2.000,2026-06-28 08:29:57.163683
87012,5,17.000,3.400,2026-06-28 08:29:57.163683
87016,5,12.000,2.400,2026-06-28 08:29:57.163683
87028,72,168.000,2.333,2026-06-28 08:29:57.163683
87031,5,15.500,3.100,2026-06-28 08:29:57.163683
87033,5,17.500,3.500,2026-06-28 08:29:57.163683
87036,6,18.500,3.083,2026-06-28 08:29:57.163683
87040,14,49.500,3.536,2026-06-28 08:29:57.163683
87042,8,27.500,3.438,2026-06-28 08:29:57.163683
87047,6,19.500,3.250,2026-06-28 08:29:57.163683
87049,6,19.000,3.167,2026-06-28 08:29:57.163683
87071,5,17.500,3.500,2026-06-28 08:29:57.163683
87073,10,32.500,3.250,2026-06-28 08:29:57.163683
87076,6,18.000,3.000,2026-06-28 08:29:57.163683
87079,127,436.000,3.433,2026-06-28 08:29:57.163683
87081,12,29.000,2.417,2026-06-28 08:29:57.163683
87096,6,15.500,2.583,2026-06-28 08:29:57.163683
87100,13,47.500,3.654,2026-06-28 08:29:57.163683
87103,11,30.500,2.773,2026-06-28 08:29:57.163683
87105,17,36.500,2.147,2026-06-28 08:29:57.163683
87115,10,28.000,2.800,2026-06-28 08:29:57.163683
87164,12,40.000,3.333,2026-06-28 08:29:57.163683
87166,12,39.000,3.250,2026-06-28 08:29:57.163683
87168,7,23.000,3.286,2026-06-28 08:29:57.163683
87170,7,21.000,3.000,2026-06-28 08:29:57.163683
87179,5,15.500,3.100,2026-06-28 08:29:57.163683
87181,21,68.000,3.238,2026-06-28 08:29:57.163683
87192,503,1719.000,3.417,2026-06-28 08:29:57.163683
87194,137,501.000,3.657,2026-06-28 08:29:57.163683
87197,27,85.500,3.167,2026-06-28 08:29:57.163683
87205,37,118.000,3.189,2026-06-28 08:29:57.163683
87207,5,20.000,4.000,2026-06-28 08:29:57.163683
87220,5,17.500,3.500,2026-06-28 08:29:57.163683
87222,898,3203.000,3.567,2026-06-28 08:29:57.163683
87227,7,21.500,3.071,2026-06-28 08:29:57.163683
87229,7,25.500,3.643,2026-06-28 08:29:57.163683
87232,3678,14088.500,3.830,2026-06-28 08:29:57.163683
87234,449,1680.000,3.742,2026-06-28 08:29:57.163683
87238,7,16.000,2.286,2026-06-28 08:29:57.163683
87264,28,91.500,3.268,2026-06-28 08:29:57.163683
87270,65,212.000,3.262,2026-06-28 08:29:57.163683
87279,8,25.000,3.125,2026-06-28 08:29:57.163683
87287,16,54.000,3.375,2026-06-28 08:29:57.163683
87298,256,852.000,3.328,2026-06-28 08:29:57.163683
87302,14,37.000,2.643,2026-06-28 08:29:57.163683
87304,456,1699.000,3.726,2026-06-28 08:29:57.163683
87306,1696,5982.500,3.527,2026-06-28 08:29:57.163683
87308,182,705.500,3.876,2026-06-28 08:29:57.163683
87314,13,34.000,2.615,2026-06-28 08:29:57.163683
87322,5,15.000,3.000,2026-06-28 08:29:57.163683
87332,5,18.500,3.700,2026-06-28 08:29:57.163683
87356,8,27.000,3.375,2026-06-28 08:29:57.163683
87360,12,43.000,3.583,2026-06-28 08:29:57.163683
87364,5,15.000,3.000,2026-06-28 08:29:57.163683
87383,7,22.500,3.214,2026-06-28 08:29:57.163683
87390,7,20.500,2.929,2026-06-28 08:29:57.163683
87403,5,15.500,3.100,2026-06-28 08:29:57.163683
87405,49,161.500,3.296,2026-06-28 08:29:57.163683
87408,13,42.000,3.231,2026-06-28 08:29:57.163683
87410,6,13.000,2.167,2026-06-28 08:29:57.163683
87413,23,85.500,3.717,2026-06-28 08:29:57.163683
87425,12,29.000,2.417,2026-06-28 08:29:57.163683
87430,830,2376.000,2.863,2026-06-28 08:29:57.163683
87433,18,55.000,3.056,2026-06-28 08:29:57.163683
87435,14,31.500,2.250,2026-06-28 08:29:57.163683
87444,28,66.000,2.357,2026-06-28 08:29:57.163683
87446,13,42.500,3.269,2026-06-28 08:29:57.163683
87469,22,69.500,3.159,2026-06-28 08:29:57.163683
87483,157,452.000,2.879,2026-06-28 08:29:57.163683
87485,696,2043.500,2.936,2026-06-28 08:29:57.163683
87499,11,30.500,2.773,2026-06-28 08:29:57.163683
87507,5,11.500,2.300,2026-06-28 08:29:57.163683
87520,936,2756.500,2.945,2026-06-28 08:29:57.163683
87522,196,599.500,3.059,2026-06-28 08:29:57.163683
87527,9,23.000,2.556,2026-06-28 08:29:57.163683
87529,330,917.000,2.779,2026-06-28 08:29:57.163683
87549,18,47.500,2.639,2026-06-28 08:29:57.163683
87558,5,17.500,3.500,2026-06-28 08:29:57.163683
87560,5,13.000,2.600,2026-06-28 08:29:57.163683
87568,7,16.000,2.286,2026-06-28 08:29:57.163683
87589,6,19.000,3.167,2026-06-28 08:29:57.163683
87608,9,23.000,2.556,2026-06-28 08:29:57.163683
87642,11,23.500,2.136,2026-06-28 08:29:57.163683
87647,9,27.000,3.000,2026-06-28 08:29:57.163683
87660,97,364.500,3.758,2026-06-28 08:29:57.163683
87689,6,9.000,1.500,2026-06-28 08:29:57.163683
87691,8,21.000,2.625,2026-06-28 08:29:57.163683
87697,6,20.000,3.333,2026-06-28 08:29:57.163683
87719,6,22.000,3.667,2026-06-28 08:29:57.163683
87721,11,35.000,3.182,2026-06-28 08:29:57.163683
87761,10,29.500,2.950,2026-06-28 08:29:57.163683
87785,79,249.000,3.152,2026-06-28 08:29:57.163683
87790,14,43.000,3.071,2026-06-28 08:29:57.163683
87792,7,19.000,2.714,2026-06-28 08:29:57.163683
87794,5,9.000,1.800,2026-06-28 08:29:57.163683
87802,14,35.500,2.536,2026-06-28 08:29:57.163683
87804,11,27.500,2.500,2026-06-28 08:29:57.163683
87834,6,22.500,3.750,2026-06-28 08:29:57.163683
87867,98,226.000,2.306,2026-06-28 08:29:57.163683
87869,1260,4233.500,3.360,2026-06-28 08:29:57.163683
87872,21,67.500,3.214,2026-06-28 08:29:57.163683
87876,406,1237.500,3.048,2026-06-28 08:29:57.163683
87909,12,33.000,2.750,2026-06-28 08:29:57.163683
87911,15,45.500,3.033,2026-06-28 08:29:57.163683
87913,6,15.500,2.583,2026-06-28 08:29:57.163683
87917,7,18.000,2.571,2026-06-28 08:29:57.163683
87919,6,17.500,2.917,2026-06-28 08:29:57.163683
87921,79,210.000,2.658,2026-06-28 08:29:57.163683
87928,5,16.500,3.300,2026-06-28 08:29:57.163683
87930,50,180.500,3.610,2026-06-28 08:29:57.163683
87954,5,11.000,2.200,2026-06-28 08:29:57.163683
87960,27,103.500,3.833,2026-06-28 08:29:57.163683
87964,10,31.500,3.150,2026-06-28 08:29:57.163683
87971,7,23.000,3.286,2026-06-28 08:29:57.163683
87975,29,92.000,3.172,2026-06-28 08:29:57.163683
87988,7,23.500,3.357,2026-06-28 08:29:57.163683
87990,11,33.500,3.045,2026-06-28 08:29:57.163683
87992,12,43.000,3.583,2026-06-28 08:29:57.163683
87999,7,17.500,2.500,2026-06-28 08:29:57.163683
88015,11,36.500,3.318,2026-06-28 08:29:57.163683
88020,5,11.000,2.200,2026-06-28 08:29:57.163683
88022,39,145.500,3.731,2026-06-28 08:29:57.163683
88024,7,22.000,3.143,2026-06-28 08:29:57.163683
88042,5,18.000,3.600,2026-06-28 08:29:57.163683
88051,10,36.500,3.650,2026-06-28 08:29:57.163683
88063,6,20.500,3.417,2026-06-28 08:29:57.163683
88067,10,34.000,3.400,2026-06-28 08:29:57.163683
88069,23,76.500,3.326,2026-06-28 08:29:57.163683
88075,7,16.000,2.286,2026-06-28 08:29:57.163683
88092,5,17.500,3.500,2026-06-28 08:29:57.163683
88094,11,42.500,3.864,2026-06-28 08:29:57.163683
88099,5,17.000,3.400,2026-06-28 08:29:57.163683
88106,5,17.500,3.500,2026-06-28 08:29:57.163683
88108,62,191.000,3.081,2026-06-28 08:29:57.163683
88110,5,14.500,2.900,2026-06-28 08:29:57.163683
88114,9,24.500,2.722,2026-06-28 08:29:57.163683
88118,117,403.000,3.444,2026-06-28 08:29:57.163683
88125,3983,15735.500,3.951,2026-06-28 08:29:57.163683
88127,106,352.000,3.321,2026-06-28 08:29:57.163683
88129,2916,11212.000,3.845,2026-06-28 08:29:57.163683
88131,22,77.000,3.500,2026-06-28 08:29:57.163683
88138,12,42.500,3.542,2026-06-28 08:29:57.163683
88140,2313,8219.500,3.554,2026-06-28 08:29:57.163683
88163,1888,7157.000,3.791,2026-06-28 08:29:57.163683
88168,6,18.000,3.000,2026-06-28 08:29:57.163683
88179,240,798.500,3.327,2026-06-28 08:29:57.163683
88181,5,13.000,2.600,2026-06-28 08:29:57.163683
88192,13,48.000,3.692,2026-06-28 08:29:57.163683
88194,12,33.500,2.792,2026-06-28 08:29:57.163683
88203,6,26.000,4.333,2026-06-28 08:29:57.163683
88224,6,19.500,3.250,2026-06-28 08:29:57.163683
88235,436,1612.000,3.697,2026-06-28 08:29:57.163683
88237,33,110.500,3.348,2026-06-28 08:29:57.163683
88248,41,111.500,2.720,2026-06-28 08:29:57.163683
88267,116,403.000,3.474,2026-06-28 08:29:57.163683
88270,15,40.500,2.700,2026-06-28 08:29:57.163683
88272,38,107.000,2.816,2026-06-28 08:29:57.163683
88278,5,15.500,3.100,2026-06-28 08:29:57.163683
88280,5,14.500,2.900,2026-06-28 08:29:57.163683
88282,7,25.000,3.571,2026-06-28 08:29:57.163683
88284,5,17.500,3.500,2026-06-28 08:29:57.163683
88299,19,61.000,3.211,2026-06-28 08:29:57.163683
88301,27,36.000,1.333,2026-06-28 08:29:57.163683
88305,8,27.000,3.375,2026-06-28 08:29:57.163683
88310,9,31.500,3.500,2026-06-28 08:29:57.163683
88339,24,85.500,3.563,2026-06-28 08:29:57.163683
88341,5,16.000,3.200,2026-06-28 08:29:57.163683
88343,7,22.500,3.214,2026-06-28 08:29:57.163683
88345,80,282.500,3.531,2026-06-28 08:29:57.163683
88347,5,18.000,3.600,2026-06-28 08:29:57.163683
88349,19,61.500,3.237,2026-06-28 08:29:57.163683
88356,174,417.000,2.397,2026-06-28 08:29:57.163683
88374,5,13.500,2.700,2026-06-28 08:29:57.163683
88376,7,23.000,3.286,2026-06-28 08:29:57.163683
88380,38,97.000,2.553,2026-06-28 08:29:57.163683
88382,5,15.500,3.100,2026-06-28 08:29:57.163683
88405,679,2264.500,3.335,2026-06-28 08:29:57.163683
88411,6,20.000,3.333,2026-06-28 08:29:57.163683
88417,5,15.000,3.000,2026-06-28 08:29:57.163683
88419,6,23.000,3.833,2026-06-28 08:29:57.163683
88425,9,25.500,2.833,2026-06-28 08:29:57.163683
88456,8,23.000,2.875,2026-06-28 08:29:57.163683
88468,42,106.500,2.536,2026-06-28 08:29:57.163683
88483,5,14.500,2.900,2026-06-28 08:29:57.163683
88485,9,19.500,2.167,2026-06-28 08:29:57.163683
88495,23,74.500,3.239,2026-06-28 08:29:57.163683
88515,131,409.500,3.126,2026-06-28 08:29:57.163683
88518,5,17.000,3.400,2026-06-28 08:29:57.163683
88520,5,17.000,3.400,2026-06-28 08:29:57.163683
88562,7,21.500,3.071,2026-06-28 08:29:57.163683
88564,9,26.000,2.889,2026-06-28 08:29:57.163683
88566,20,61.000,3.050,2026-06-28 08:29:57.163683
88568,6,20.500,3.417,2026-06-28 08:29:57.163683
88570,6,26.500,4.417,2026-06-28 08:29:57.163683
88572,12,23.000,1.917,2026-06-28 08:29:57.163683
88574,5,17.500,3.500,2026-06-28 08:29:57.163683
88578,13,45.500,3.500,2026-06-28 08:29:57.163683
88589,9,26.500,2.944,2026-06-28 08:29:57.163683
88593,34,123.500,3.632,2026-06-28 08:29:57.163683
88599,6,19.500,3.250,2026-06-28 08:29:57.163683
88605,5,12.500,2.500,2026-06-28 08:29:57.163683
88640,14,49.000,3.500,2026-06-28 08:29:57.163683
88646,10,36.000,3.600,2026-06-28 08:29:57.163683
88652,5,14.500,2.900,2026-06-28 08:29:57.163683
88654,5,14.000,2.800,2026-06-28 08:29:57.163683
88672,339,1115.500,3.291,2026-06-28 08:29:57.163683
88674,7,19.000,2.714,2026-06-28 08:29:57.163683
88678,22,83.000,3.773,2026-06-28 08:29:57.163683
88680,5,18.500,3.700,2026-06-28 08:29:57.163683
88690,17,40.000,2.353,2026-06-28 08:29:57.163683
88692,8,26.000,3.250,2026-06-28 08:29:57.163683
88694,7,22.000,3.143,2026-06-28 08:29:57.163683
88697,7,20.500,2.929,2026-06-28 08:29:57.163683
88699,55,152.000,2.764,2026-06-28 08:29:57.163683
88701,22,84.000,3.818,2026-06-28 08:29:57.163683
88704,13,41.500,3.192,2026-06-28 08:29:57.163683
88706,16,45.500,2.844,2026-06-28 08:29:57.163683
88724,28,105.500,3.768,2026-06-28 08:29:57.163683
88744,2312,8440.500,3.651,2026-06-28 08:29:57.163683
88746,85,285.000,3.353,2026-06-28 08:29:57.163683
88764,24,32.000,1.333,2026-06-28 08:29:57.163683
88785,297,907.500,3.056,2026-06-28 08:29:57.163683
88810,1674,6556.500,3.917,2026-06-28 08:29:57.163683
88812,341,1059.000,3.106,2026-06-28 08:29:57.163683
88835,39,100.500,2.577,2026-06-28 08:29:57.163683
88837,33,120.500,3.652,2026-06-28 08:29:57.163683
88839,17,59.000,3.471,2026-06-28 08:29:57.163683
88877,6,19.000,3.167,2026-06-28 08:29:57.163683
88879,32,106.000,3.313,2026-06-28 08:29:57.163683
88889,12,40.000,3.333,2026-06-28 08:29:57.163683
88901,10,33.500,3.350,2026-06-28 08:29:57.163683
88911,42,161.500,3.845,2026-06-28 08:29:57.163683
88925,7,21.500,3.071,2026-06-28 08:29:57.163683
88932,193,520.000,2.694,2026-06-28 08:29:57.163683
88934,7,26.000,3.714,2026-06-28 08:29:57.163683
88950,127,443.500,3.492,2026-06-28 08:29:57.163683
88954,163,485.500,2.979,2026-06-28 08:29:57.163683
88957,8,25.500,3.188,2026-06-28 08:29:57.163683
88971,5,15.500,3.100,2026-06-28 08:29:57.163683
88973,6,21.000,3.500,2026-06-28 08:29:57.163683
88977,30,107.000,3.567,2026-06-28 08:29:57.163683
88991,17,57.500,3.382,2026-06-28 08:29:57.163683
89000,23,78.000,3.391,2026-06-28 08:29:57.163683
89002,75,130.000,1.733,2026-06-28 08:29:57.163683
89014,7,24.500,3.500,2026-06-28 08:29:57.163683
89021,10,37.000,3.700,2026-06-28 08:29:57.163683
89028,98,285.000,2.908,2026-06-28 08:29:57.163683
89030,241,761.000,3.158,2026-06-28 08:29:57.163683
89039,397,1401.500,3.530,2026-06-28 08:29:57.163683
89043,12,39.000,3.250,2026-06-28 08:29:57.163683
89045,58,172.000,2.966,2026-06-28 08:29:57.163683
89047,207,731.000,3.531,2026-06-28 08:29:57.163683
89060,22,71.000,3.227,2026-06-28 08:29:57.163683
89069,5,17.500,3.500,2026-06-28 08:29:57.163683
89072,90,304.000,3.378,2026-06-28 08:29:57.163683
89074,121,397.500,3.285,2026-06-28 08:29:57.163683
89085,315,1114.000,3.537,2026-06-28 08:29:57.163683
89087,234,738.500,3.156,2026-06-28 08:29:57.163683
89090,97,369.000,3.804,2026-06-28 08:29:57.163683
89102,81,265.500,3.278,2026-06-28 08:29:57.163683
89104,7,21.500,3.071,2026-06-28 08:29:57.163683
89112,5,16.000,3.200,2026-06-28 08:29:57.163683
89118,508,1887.500,3.716,2026-06-28 08:29:57.163683
89137,5,11.000,2.200,2026-06-28 08:29:57.163683
89139,12,27.000,2.250,2026-06-28 08:29:57.163683
89164,11,33.000,3.000,2026-06-28 08:29:57.163683
89170,19,70.000,3.684,2026-06-28 08:29:57.163683
89190,228,621.500,2.726,2026-06-28 08:29:57.163683
89194,19,51.000,2.684,2026-06-28 08:29:57.163683
89203,18,55.500,3.083,2026-06-28 08:29:57.163683
89208,10,24.500,2.450,2026-06-28 08:29:57.163683
89217,22,70.500,3.205,2026-06-28 08:29:57.163683
89230,6,11.000,1.833,2026-06-28 08:29:57.163683
89244,9,28.000,3.111,2026-06-28 08:29:57.163683
89260,72,257.000,3.569,2026-06-28 08:29:57.163683
89273,17,58.500,3.441,2026-06-28 08:29:57.163683
89275,9,17.500,1.944,2026-06-28 08:29:57.163683
89281,37,65.000,1.757,2026-06-28 08:29:57.163683
89289,7,23.500,3.357,2026-06-28 08:29:57.163683
89300,11,35.500,3.227,2026-06-28 08:29:57.163683
89302,36,123.500,3.431,2026-06-28 08:29:57.163683
89305,180,616.000,3.422,2026-06-28 08:29:57.163683
89321,65,201.000,3.092,2026-06-28 08:29:57.163683
89327,5,15.000,3.000,2026-06-28 08:29:57.163683
89337,58,219.500,3.784,2026-06-28 08:29:57.163683
89343,216,677.000,3.134,2026-06-28 08:29:57.163683
89347,12,46.500,3.875,2026-06-28 08:29:57.163683
89349,10,35.500,3.550,2026-06-28 08:29:57.163683
89351,5,19.500,3.900,2026-06-28 08:29:57.163683
89356,38,138.000,3.632,2026-06-28 08:29:57.163683
89367,9,30.000,3.333,2026-06-28 08:29:57.163683
89369,68,235.500,3.463,2026-06-28 08:29:57.163683
89371,9,31.000,3.444,2026-06-28 08:29:57.163683
89373,7,22.500,3.214,2026-06-28 08:29:57.163683
89375,5,11.000,2.200,2026-06-28 08:29:57.163683
89377,23,61.000,2.652,2026-06-28 08:29:57.163683
89386,43,158.000,3.674,2026-06-28 08:29:57.163683
89388,67,172.500,2.575,2026-06-28 08:29:57.163683
89408,7,20.500,2.929,2026-06-28 08:29:57.163683
89427,29,57.500,1.983,2026-06-28 08:29:57.163683
89449,13,38.000,2.923,2026-06-28 08:29:57.163683
89470,967,3373.500,3.489,2026-06-28 08:29:57.163683
89472,43,136.000,3.163,2026-06-28 08:29:57.163683
89480,99,278.000,2.808,2026-06-28 08:29:57.163683
89490,68,202.000,2.971,2026-06-28 08:29:57.163683
89492,2195,8508.500,3.876,2026-06-28 08:29:57.163683
89501,11,40.000,3.636,2026-06-28 08:29:57.163683
89523,31,109.000,3.516,2026-06-28 08:29:57.163683
89535,127,455.500,3.587,2026-06-28 08:29:57.163683
89545,6,17.500,2.917,2026-06-28 08:29:57.163683
89554,21,76.500,3.643,2026-06-28 08:29:57.163683
89570,48,169.000,3.521,2026-06-28 08:29:57.163683
89580,25,86.000,3.440,2026-06-28 08:29:57.163683
89582,27,92.000,3.407,2026-06-28 08:29:57.163683
89584,11,37.000,3.364,2026-06-28 08:29:57.163683
89586,22,75.000,3.409,2026-06-28 08:29:57.163683
89590,11,38.500,3.500,2026-06-28 08:29:57.163683
89592,8,28.500,3.563,2026-06-28 08:29:57.163683
89594,6,19.500,3.250,2026-06-28 08:29:57.163683
89596,5,14.000,2.800,2026-06-28 08:29:57.163683
89607,5,17.000,3.400,2026-06-28 08:29:57.163683
89610,7,22.000,3.143,2026-06-28 08:29:57.163683
89629,84,297.500,3.542,2026-06-28 08:29:57.163683
89638,23,83.500,3.630,2026-06-28 08:29:57.163683
89650,59,180.500,3.059,2026-06-28 08:29:57.163683
89674,5,9.500,1.900,2026-06-28 08:29:57.163683
89676,7,26.000,3.714,2026-06-28 08:29:57.163683
89678,82,326.500,3.982,2026-06-28 08:29:57.163683
89703,8,27.000,3.375,2026-06-28 08:29:57.163683
89720,6,15.000,2.500,2026-06-28 08:29:57.163683
89722,6,15.000,2.500,2026-06-28 08:29:57.163683
89745,4959,19585.500,3.949,2026-06-28 08:29:57.163683
89747,7,18.000,2.571,2026-06-28 08:29:57.163683
89753,831,2983.500,3.590,2026-06-28 08:29:57.163683
89759,590,2348.500,3.981,2026-06-28 08:29:57.163683
89761,314,1014.000,3.229,2026-06-28 08:29:57.163683
89765,6,19.000,3.167,2026-06-28 08:29:57.163683
89767,5,17.000,3.400,2026-06-28 08:29:57.163683
89774,949,3750.500,3.952,2026-06-28 08:29:57.163683
89780,124,451.500,3.641,2026-06-28 08:29:57.163683
89794,7,18.500,2.643,2026-06-28 08:29:57.163683
89804,981,3582.500,3.652,2026-06-28 08:29:57.163683
89837,89,287.500,3.230,2026-06-28 08:29:57.163683
89840,294,950.500,3.233,2026-06-28 08:29:57.163683
89844,6,16.000,2.667,2026-06-28 08:29:57.163683
89846,51,182.000,3.569,2026-06-28 08:29:57.163683
89848,5,12.500,2.500,2026-06-28 08:29:57.163683
89862,62,187.500,3.024,2026-06-28 08:29:57.163683
89864,1994,7688.500,3.856,2026-06-28 08:29:57.163683
89870,5,16.500,3.300,2026-06-28 08:29:57.163683
89872,6,7.500,1.250,2026-06-28 08:29:57.163683
89877,7,11.000,1.571,2026-06-28 08:29:57.163683
89881,12,30.000,2.500,2026-06-28 08:29:57.163683
89896,49,177.500,3.622,2026-06-28 08:29:57.163683
89898,9,26.000,2.889,2026-06-28 08:29:57.163683
89900,70,246.500,3.521,2026-06-28 08:29:57.163683
89904,1212,4626.000,3.817,2026-06-28 08:29:57.163683
89924,8,27.000,3.375,2026-06-28 08:29:57.163683
89930,13,40.000,3.077,2026-06-28 08:29:57.163683
89939,16,45.500,2.844,2026-06-28 08:29:57.163683
89945,24,80.500,3.354,2026-06-28 08:29:57.163683
89961,14,49.000,3.500,2026-06-28 08:29:57.163683
89973,6,16.500,2.750,2026-06-28 08:29:57.163683
89983,10,29.500,2.950,2026-06-28 08:29:57.163683
89985,9,36.500,4.056,2026-06-28 08:29:57.163683
89988,5,19.000,3.800,2026-06-28 08:29:57.163683
89997,19,62.000,3.263,2026-06-28 08:29:57.163683
90005,6,20.000,3.333,2026-06-28 08:29:57.163683
90009,7,26.000,3.714,2026-06-28 08:29:57.163683
90021,6,19.000,3.167,2026-06-28 08:29:57.163683
90049,5,16.000,3.200,2026-06-28 08:29:57.163683
90052,5,13.000,2.600,2026-06-28 08:29:57.163683
90057,386,1398.000,3.622,2026-06-28 08:29:57.163683
90061,20,59.000,2.950,2026-06-28 08:29:57.163683
90066,8,20.000,2.500,2026-06-28 08:29:57.163683
90071,20,71.500,3.575,2026-06-28 08:29:57.163683
90090,5,20.000,4.000,2026-06-28 08:29:57.163683
90104,9,25.500,2.833,2026-06-28 08:29:57.163683
90127,6,17.500,2.917,2026-06-28 08:29:57.163683
90133,6,13.000,2.167,2026-06-28 08:29:57.163683
90154,31,99.500,3.210,2026-06-28 08:29:57.163683
90237,5,20.000,4.000,2026-06-28 08:29:57.163683
90243,14,50.000,3.571,2026-06-28 08:29:57.163683
90245,11,38.500,3.500,2026-06-28 08:29:57.163683
90249,561,1857.000,3.310,2026-06-28 08:29:57.163683
90254,38,112.500,2.961,2026-06-28 08:29:57.163683
90264,26,82.500,3.173,2026-06-28 08:29:57.163683
90266,88,330.500,3.756,2026-06-28 08:29:57.163683
90268,28,92.500,3.304,2026-06-28 08:29:57.163683
90270,5,12.000,2.400,2026-06-28 08:29:57.163683
90281,6,19.000,3.167,2026-06-28 08:29:57.163683
90306,5,18.500,3.700,2026-06-28 08:29:57.163683
90310,21,66.500,3.167,2026-06-28 08:29:57.163683
90321,7,24.500,3.500,2026-06-28 08:29:57.163683
90341,14,52.000,3.714,2026-06-28 08:29:57.163683
90343,90,268.500,2.983,2026-06-28 08:29:57.163683
90345,268,835.000,3.116,2026-06-28 08:29:57.163683
90350,31,105.000,3.387,2026-06-28 08:29:57.163683
90353,22,66.000,3.000,2026-06-28 08:29:57.163683
90357,110,414.000,3.764,2026-06-28 08:29:57.163683
90359,8,25.000,3.125,2026-06-28 08:29:57.163683
90374,287,1012.000,3.526,2026-06-28 08:29:57.163683
90376,490,1817.500,3.709,2026-06-28 08:29:57.163683
90378,69,239.500,3.471,2026-06-28 08:29:57.163683
90382,6,16.000,2.667,2026-06-28 08:29:57.163683
90384,7,14.000,2.000,2026-06-28 08:29:57.163683
90403,207,613.500,2.964,2026-06-28 08:29:57.163683
90405,1040,3591.500,3.453,2026-06-28 08:29:57.163683
90413,13,43.500,3.346,2026-06-28 08:29:57.163683
90421,21,60.000,2.857,2026-06-28 08:29:57.163683
90424,22,68.500,3.114,2026-06-28 08:29:57.163683
90426,10,27.000,2.700,2026-06-28 08:29:57.163683
90428,65,232.500,3.577,2026-06-28 08:29:57.163683
90430,408,1469.000,3.600,2026-06-28 08:29:57.163683
90434,21,65.000,3.095,2026-06-28 08:29:57.163683
90439,608,2224.500,3.659,2026-06-28 08:29:57.163683
90460,8,22.000,2.750,2026-06-28 08:29:57.163683
90469,214,626.000,2.925,2026-06-28 08:29:57.163683
90471,56,192.500,3.438,2026-06-28 08:29:57.163683
90474,47,170.000,3.617,2026-06-28 08:29:57.163683
90476,41,130.000,3.171,2026-06-28 08:29:57.163683
90522,203,608.000,2.995,2026-06-28 08:29:57.163683
90524,143,417.500,2.920,2026-06-28 08:29:57.163683
90528,104,366.500,3.524,2026-06-28 08:29:57.163683
90531,542,1944.500,3.588,2026-06-28 08:29:57.163683
90537,6,19.500,3.250,2026-06-28 08:29:57.163683
90547,6,18.000,3.000,2026-06-28 08:29:57.163683
90556,8,29.500,3.688,2026-06-28 08:29:57.163683
90561,11,34.000,3.091,2026-06-28 08:29:57.163683
90564,10,27.500,2.750,2026-06-28 08:29:57.163683
90574,9,34.000,3.778,2026-06-28 08:29:57.163683
90576,154,493.000,3.201,2026-06-28 08:29:57.163683
90578,78,220.000,2.821,2026-06-28 08:29:57.163683
90592,16,61.500,3.844,2026-06-28 08:29:57.163683
90598,6,18.000,3.000,2026-06-28 08:29:57.163683
90600,426,1644.500,3.860,2026-06-28 08:29:57.163683
90603,184,681.500,3.704,2026-06-28 08:29:57.163683
90620,65,228.000,3.508,2026-06-28 08:29:57.163683
90624,79,264.000,3.342,2026-06-28 08:29:57.163683
90630,29,106.000,3.655,2026-06-28 08:29:57.163683
90632,5,14.000,2.800,2026-06-28 08:29:57.163683
90645,142,478.000,3.366,2026-06-28 08:29:57.163683
90647,537,1817.000,3.384,2026-06-28 08:29:57.163683
90649,20,64.500,3.225,2026-06-28 08:29:57.163683
90651,5,16.000,3.200,2026-06-28 08:29:57.163683
90662,11,39.500,3.591,2026-06-28 08:29:57.163683
90700,8,14.000,1.750,2026-06-28 08:29:57.163683
90717,374,1154.000,3.086,2026-06-28 08:29:57.163683
90719,295,929.000,3.149,2026-06-28 08:29:57.163683
90730,12,33.000,2.750,2026-06-28 08:29:57.163683
90738,91,311.000,3.418,2026-06-28 08:29:57.163683
90746,1132,4043.000,3.572,2026-06-28 08:29:57.163683
90748,5,16.000,3.200,2026-06-28 08:29:57.163683
90751,25,64.000,2.560,2026-06-28 08:29:57.163683
90753,12,43.500,3.625,2026-06-28 08:29:57.163683
90769,5,19.500,3.900,2026-06-28 08:29:57.163683
90795,7,25.000,3.571,2026-06-28 08:29:57.163683
90809,66,245.500,3.720,2026-06-28 08:29:57.163683
90817,5,12.500,2.500,2026-06-28 08:29:57.163683
90819,6,16.500,2.750,2026-06-28 08:29:57.163683
90821,6,22.500,3.750,2026-06-28 08:29:57.163683
90845,6,20.000,3.333,2026-06-28 08:29:57.163683
90863,68,253.000,3.721,2026-06-28 08:29:57.163683
90866,1620,5940.000,3.667,2026-06-28 08:29:57.163683
90868,28,93.000,3.321,2026-06-28 08:29:57.163683
90870,73,190.000,2.603,2026-06-28 08:29:57.163683
90873,5,13.000,2.600,2026-06-28 08:29:57.163683
90876,7,23.000,3.286,2026-06-28 08:29:57.163683
90888,345,1010.500,2.929,2026-06-28 08:29:57.163683
90890,157,298.000,1.898,2026-06-28 08:29:57.163683
90899,35,121.500,3.471,2026-06-28 08:29:57.163683
90914,87,300.500,3.454,2026-06-28 08:29:57.163683
90916,20,44.000,2.200,2026-06-28 08:29:57.163683
90929,24,81.000,3.375,2026-06-28 08:29:57.163683
90931,5,16.500,3.300,2026-06-28 08:29:57.163683
90933,54,160.500,2.972,2026-06-28 08:29:57.163683
90939,26,71.500,2.750,2026-06-28 08:29:57.163683
90943,79,287.500,3.639,2026-06-28 08:29:57.163683
90945,20,72.500,3.625,2026-06-28 08:29:57.163683
90947,76,289.000,3.803,2026-06-28 08:29:57.163683
90958,15,44.500,2.967,2026-06-28 08:29:57.163683
90963,5,14.500,2.900,2026-06-28 08:29:57.163683
91010,9,25.500,2.833,2026-06-28 08:29:57.163683
91014,28,91.000,3.250,2026-06-28 08:29:57.163683
91031,5,16.500,3.300,2026-06-28 08:29:57.163683
91035,34,104.000,3.059,2026-06-28 08:29:57.163683
91037,5,19.000,3.800,2026-06-28 08:29:57.163683
91044,5,16.000,3.200,2026-06-28 08:29:57.163683
91046,8,22.500,2.813,2026-06-28 08:29:57.163683
91048,12,43.500,3.625,2026-06-28 08:29:57.163683
91054,21,65.500,3.119,2026-06-28 08:29:57.163683
91056,16,48.000,3.000,2026-06-28 08:29:57.163683
91073,8,24.000,3.000,2026-06-28 08:29:57.163683
91075,8,24.500,3.063,2026-06-28 08:29:57.163683
91077,1336,4898.000,3.666,2026-06-28 08:29:57.163683
91079,196,679.500,3.467,2026-06-28 08:29:57.163683
91094,507,1767.000,3.485,2026-06-28 08:29:57.163683
91104,516,1276.000,2.473,2026-06-28 08:29:57.163683
91112,11,32.500,2.955,2026-06-28 08:29:57.163683
91126,323,1099.000,3.402,2026-06-28 08:29:57.163683
91128,259,824.500,3.183,2026-06-28 08:29:57.163683
91134,238,820.000,3.445,2026-06-28 08:29:57.163683
91137,8,21.500,2.688,2026-06-28 08:29:57.163683
91169,5,18.000,3.600,2026-06-28 08:29:57.163683
91191,6,12.500,2.083,2026-06-28 08:29:57.163683
91199,117,438.000,3.744,2026-06-28 08:29:57.163683
91201,7,28.000,4.000,2026-06-28 08:29:57.163683
91206,5,18.000,3.600,2026-06-28 08:29:57.163683
91227,11,31.000,2.818,2026-06-28 08:29:57.163683
91233,127,494.500,3.894,2026-06-28 08:29:57.163683
91241,12,42.000,3.500,2026-06-28 08:29:57.163683
91243,11,32.000,2.909,2026-06-28 08:29:57.163683
91250,6,13.000,2.167,2026-06-28 08:29:57.163683
91261,14,50.500,3.607,2026-06-28 08:29:57.163683
91266,34,104.500,3.074,2026-06-28 08:29:57.163683
91273,47,154.000,3.277,2026-06-28 08:29:57.163683
91286,8,25.000,3.125,2026-06-28 08:29:57.163683
91288,11,34.000,3.091,2026-06-28 08:29:57.163683
91290,53,191.000,3.604,2026-06-28 08:29:57.163683
91302,12,43.000,3.583,2026-06-28 08:29:57.163683
91304,14,45.500,3.250,2026-06-28 08:29:57.163683
91323,150,424.500,2.830,2026-06-28 08:29:57.163683
91325,235,811.500,3.453,2026-06-28 08:29:57.163683
91335,18,61.000,3.389,2026-06-28 08:29:57.163683
91339,9,23.000,2.556,2026-06-28 08:29:57.163683
91351,17,55.500,3.265,2026-06-28 08:29:57.163683
91353,20,57.500,2.875,2026-06-28 08:29:57.163683
91355,34,111.500,3.279,2026-06-28 08:29:57.163683
91371,75,216.000,2.880,2026-06-28 08:29:57.163683
91386,73,203.500,2.788,2026-06-28 08:29:57.163683
91414,125,440.000,3.520,2026-06-28 08:29:57.163683
91416,35,115.000,3.286,2026-06-28 08:29:57.163683
91429,7,17.000,2.429,2026-06-28 08:29:57.163683
91450,12,38.500,3.208,2026-06-28 08:29:57.163683
91461,14,36.500,2.607,2026-06-28 08:29:57.163683
91470,22,73.000,3.318,2026-06-28 08:29:57.163683
91474,49,151.000,3.082,2026-06-28 08:29:57.163683
91483,44,122.000,2.773,2026-06-28 08:29:57.163683
91485,505,1554.500,3.078,2026-06-28 08:29:57.163683
91488,78,294.500,3.776,2026-06-28 08:29:57.163683
91490,21,44.500,2.119,2026-06-28 08:29:57.163683
91500,3550,13135.000,3.700,2026-06-28 08:29:57.163683
91505,31,105.500,3.403,2026-06-28 08:29:57.163683
91515,45,145.000,3.222,2026-06-28 08:29:57.163683
91529,4770,19081.000,4.000,2026-06-28 08:29:57.163683
91535,788,2743.500,3.482,2026-06-28 08:29:57.163683
91537,13,47.000,3.615,2026-06-28 08:29:57.163683
91540,15,45.500,3.033,2026-06-28 08:29:57.163683
91542,2383,9040.500,3.794,2026-06-28 08:29:57.163683
91548,94,355.500,3.782,2026-06-28 08:29:57.163683
91556,5,15.000,3.000,2026-06-28 08:29:57.163683
91571,105,323.000,3.076,2026-06-28 08:29:57.163683
91582,8,28.000,3.500,2026-06-28 08:29:57.163683
91597,21,71.000,3.381,2026-06-28 08:29:57.163683
91599,5,17.500,3.500,2026-06-28 08:29:57.163683
91601,6,17.500,2.917,2026-06-28 08:29:57.163683
91603,6,18.000,3.000,2026-06-28 08:29:57.163683
91622,356,1119.000,3.143,2026-06-28 08:29:57.163683
91626,30,85.500,2.850,2026-06-28 08:29:57.163683
91628,153,416.500,2.722,2026-06-28 08:29:57.163683
91630,1914,6951.500,3.632,2026-06-28 08:29:57.163683
91634,15,46.500,3.100,2026-06-28 08:29:57.163683
91653,360,1231.000,3.419,2026-06-28 08:29:57.163683
91655,5,17.000,3.400,2026-06-28 08:29:57.163683
91658,2368,9165.500,3.871,2026-06-28 08:29:57.163683
91660,103,291.000,2.825,2026-06-28 08:29:57.163683
91666,6,21.000,3.500,2026-06-28 08:29:57.163683
91671,66,135.500,2.053,2026-06-28 08:29:57.163683
91673,91,284.000,3.121,2026-06-28 08:29:57.163683
91681,47,157.000,3.340,2026-06-28 08:29:57.163683
91688,12,29.000,2.417,2026-06-28 08:29:57.163683
91690,127,413.000,3.252,2026-06-28 08:29:57.163683
91694,30,75.000,2.500,2026-06-28 08:29:57.163683
91697,5,15.500,3.100,2026-06-28 08:29:57.163683
91707,26,90.500,3.481,2026-06-28 08:29:57.163683
91709,5,16.000,3.200,2026-06-28 08:29:57.163683
91715,6,20.000,3.333,2026-06-28 08:29:57.163683
91743,16,55.500,3.469,2026-06-28 08:29:57.163683
91752,64,168.500,2.633,2026-06-28 08:29:57.163683
91755,12,41.500,3.458,2026-06-28 08:29:57.163683
91757,8,10.500,1.313,2026-06-28 08:29:57.163683
91762,10,38.500,3.850,2026-06-28 08:29:57.163683
91784,18,57.000,3.167,2026-06-28 08:29:57.163683
91786,7,21.000,3.000,2026-06-28 08:29:57.163683
91793,5,18.500,3.700,2026-06-28 08:29:57.163683
91799,5,15.000,3.000,2026-06-28 08:29:57.163683
91805,5,17.500,3.500,2026-06-28 08:29:57.163683
91808,45,167.000,3.711,2026-06-28 08:29:57.163683
91821,43,159.000,3.698,2026-06-28 08:29:57.163683
91823,27,76.000,2.815,2026-06-28 08:29:57.163683
91826,15,51.500,3.433,2026-06-28 08:29:57.163683
91829,9,29.500,3.278,2026-06-28 08:29:57.163683
91831,54,124.000,2.296,2026-06-28 08:29:57.163683
91834,5,14.500,2.900,2026-06-28 08:29:57.163683
91840,15,49.500,3.300,2026-06-28 08:29:57.163683
91842,227,725.000,3.194,2026-06-28 08:29:57.163683
91844,22,85.500,3.886,2026-06-28 08:29:57.163683
91858,6,17.500,2.917,2026-06-28 08:29:57.163683
91866,8,21.000,2.625,2026-06-28 08:29:57.163683
91869,119,433.500,3.643,2026-06-28 08:29:57.163683
91873,18,34.000,1.889,2026-06-28 08:29:57.163683
91882,8,25.500,3.188,2026-06-28 08:29:57.163683
91886,54,181.500,3.361,2026-06-28 08:29:57.163683
91888,33,112.000,3.394,2026-06-28 08:29:57.163683
91890,319,1043.500,3.271,2026-06-28 08:29:57.163683
91894,5,13.000,2.600,2026-06-28 08:29:57.163683
91902,31,110.000,3.548,2026-06-28 08:29:57.163683
91908,6,21.500,3.583,2026-06-28 08:29:57.163683
91911,5,18.000,3.600,2026-06-28 08:29:57.163683
91919,5,16.500,3.300,2026-06-28 08:29:57.163683
91927,6,22.500,3.750,2026-06-28 08:29:57.163683
91929,18,62.000,3.444,2026-06-28 08:29:57.163683
91935,14,47.500,3.393,2026-06-28 08:29:57.163683
91937,17,54.500,3.206,2026-06-28 08:29:57.163683
91947,34,117.000,3.441,2026-06-28 08:29:57.163683
91952,13,47.500,3.654,2026-06-28 08:29:57.163683
91954,7,20.000,2.857,2026-06-28 08:29:57.163683
91957,9,27.500,3.056,2026-06-28 08:29:57.163683
91970,6,21.500,3.583,2026-06-28 08:29:57.163683
91972,55,162.500,2.955,2026-06-28 08:29:57.163683
91974,320,987.500,3.086,2026-06-28 08:29:57.163683
91976,489,1517.500,3.103,2026-06-28 08:29:57.163683
91978,262,845.000,3.225,2026-06-28 08:29:57.163683
91983,11,28.000,2.545,2026-06-28 08:29:57.163683
91987,14,54.500,3.893,2026-06-28 08:29:57.163683
91991,6,15.000,2.500,2026-06-28 08:29:57.163683
92006,6,21.000,3.500,2026-06-28 08:29:57.163683
92008,295,914.500,3.100,2026-06-28 08:29:57.163683
92048,87,294.000,3.379,2026-06-28 08:29:57.163683
92058,83,156.500,1.886,2026-06-28 08:29:57.163683
92064,5,16.000,3.200,2026-06-28 08:29:57.163683
92079,5,20.000,4.000,2026-06-28 08:29:57.163683
92083,5,14.500,2.900,2026-06-28 08:29:57.163683
92094,10,40.000,4.000,2026-06-28 08:29:57.163683
92096,17,44.000,2.588,2026-06-28 08:29:57.163683
92102,6,19.000,3.167,2026-06-28 08:29:57.163683
92104,5,17.000,3.400,2026-06-28 08:29:57.163683
92106,8,22.000,2.750,2026-06-28 08:29:57.163683
92120,5,16.000,3.200,2026-06-28 08:29:57.163683
92122,24,71.000,2.958,2026-06-28 08:29:57.163683
92126,5,15.500,3.100,2026-06-28 08:29:57.163683
92130,6,21.000,3.500,2026-06-28 08:29:57.163683
92136,5,16.500,3.300,2026-06-28 08:29:57.163683
92152,45,159.000,3.533,2026-06-28 08:29:57.163683
92154,13,39.500,3.038,2026-06-28 08:29:57.163683
92156,9,28.500,3.167,2026-06-28 08:29:57.163683
92159,7,26.000,3.714,2026-06-28 08:29:57.163683
92169,15,50.000,3.333,2026-06-28 08:29:57.163683
92184,5,11.500,2.300,2026-06-28 08:29:57.163683
92186,11,37.500,3.409,2026-06-28 08:29:57.163683
92192,155,398.500,2.571,2026-06-28 08:29:57.163683
92198,63,201.000,3.190,2026-06-28 08:29:57.163683
92204,9,31.500,3.500,2026-06-28 08:29:57.163683
92206,41,89.000,2.171,2026-06-28 08:29:57.163683
92210,44,167.500,3.807,2026-06-28 08:29:57.163683
92214,54,132.000,2.444,2026-06-28 08:29:57.163683
92222,14,50.000,3.571,2026-06-28 08:29:57.163683
92234,77,226.000,2.935,2026-06-28 08:29:57.163683
92236,38,139.000,3.658,2026-06-28 08:29:57.163683
92243,82,302.000,3.683,2026-06-28 08:29:57.163683
92259,2738,11314.500,4.132,2026-06-28 08:29:57.163683
92262,16,49.500,3.094,2026-06-28 08:29:57.163683
92264,104,310.000,2.981,2026-06-28 08:29:57.163683
92270,7,23.500,3.357,2026-06-28 08:29:57.163683
92307,22,69.000,3.136,2026-06-28 08:29:57.163683
92309,93,294.000,3.161,2026-06-28 08:29:57.163683
92314,15,47.500,3.167,2026-06-28 08:29:57.163683
92335,48,152.500,3.177,2026-06-28 08:29:57.163683
92352,14,47.000,3.357,2026-06-28 08:29:57.163683
92357,12,41.000,3.417,2026-06-28 08:29:57.163683
92391,75,235.500,3.140,2026-06-28 08:29:57.163683
92393,40,128.000,3.200,2026-06-28 08:29:57.163683
92420,920,3304.500,3.592,2026-06-28 08:29:57.163683
92422,301,956.000,3.176,2026-06-28 08:29:57.163683
92424,6,18.500,3.083,2026-06-28 08:29:57.163683
92427,8,29.500,3.688,2026-06-28 08:29:57.163683
92437,21,72.500,3.452,2026-06-28 08:29:57.163683
92439,76,254.000,3.342,2026-06-28 08:29:57.163683
92441,5,17.000,3.400,2026-06-28 08:29:57.163683
92448,16,24.000,1.500,2026-06-28 08:29:57.163683
92453,7,18.000,2.571,2026-06-28 08:29:57.163683
92457,5,14.000,2.800,2026-06-28 08:29:57.163683
92461,5,14.000,2.800,2026-06-28 08:29:57.163683
92475,64,252.500,3.945,2026-06-28 08:29:57.163683
92481,10,34.500,3.450,2026-06-28 08:29:57.163683
92490,16,45.000,2.813,2026-06-28 08:29:57.163683
92494,53,199.500,3.764,2026-06-28 08:29:57.163683
92496,26,100.500,3.865,2026-06-28 08:29:57.163683
92498,38,140.500,3.697,2026-06-28 08:29:57.163683
92500,31,115.000,3.710,2026-06-28 08:29:57.163683
92507,431,1486.000,3.448,2026-06-28 08:29:57.163683
92509,255,884.000,3.467,2026-06-28 08:29:57.163683
92511,6,13.000,2.167,2026-06-28 08:29:57.163683
92518,5,9.500,1.900,2026-06-28 08:29:57.163683
92533,8,28.500,3.563,2026-06-28 08:29:57.163683
92535,826,3355.500,4.062,2026-06-28 08:29:57.163683
92606,13,46.500,3.577,2026-06-28 08:29:57.163683
92637,15,52.500,3.500,2026-06-28 08:29:57.163683
92643,157,598.500,3.812,2026-06-28 08:29:57.163683
92652,6,22.000,3.667,2026-06-28 08:29:57.163683
92665,36,111.500,3.097,2026-06-28 08:29:57.163683
92674,9,28.500,3.167,2026-06-28 08:29:57.163683
92676,5,10.500,2.100,2026-06-28 08:29:57.163683
92681,87,245.000,2.816,2026-06-28 08:29:57.163683
92687,21,68.500,3.262,2026-06-28 08:29:57.163683
92694,135,457.500,3.389,2026-06-28 08:29:57.163683
92696,14,35.500,2.536,2026-06-28 08:29:57.163683
92702,13,49.000,3.769,2026-06-28 08:29:57.163683
92715,5,19.500,3.900,2026-06-28 08:29:57.163683
92719,41,99.500,2.427,2026-06-28 08:29:57.163683
92728,7,23.500,3.357,2026-06-28 08:29:57.163683
92730,10,23.000,2.300,2026-06-28 08:29:57.163683
92738,9,35.500,3.944,2026-06-28 08:29:57.163683
92740,6,21.500,3.583,2026-06-28 08:29:57.163683
92747,5,17.500,3.500,2026-06-28 08:29:57.163683
92751,14,51.000,3.643,2026-06-28 08:29:57.163683
92768,29,86.000,2.966,2026-06-28 08:29:57.163683
92789,5,16.500,3.300,2026-06-28 08:29:57.163683
92793,5,15.500,3.100,2026-06-28 08:29:57.163683
92804,10,32.000,3.200,2026-06-28 08:29:57.163683
92817,20,61.000,3.050,2026-06-28 08:29:57.163683
92819,15,47.500,3.167,2026-06-28 08:29:57.163683
92829,25,66.500,2.660,2026-06-28 08:29:57.163683
92836,10,36.000,3.600,2026-06-28 08:29:57.163683
92841,15,50.000,3.333,2026-06-28 08:29:57.163683
92852,5,15.000,3.000,2026-06-28 08:29:57.163683
92867,6,15.000,2.500,2026-06-28 08:29:57.163683
92874,5,15.000,3.000,2026-06-28 08:29:57.163683
92904,30,111.000,3.700,2026-06-28 08:29:57.163683
92920,91,325.000,3.571,2026-06-28 08:29:57.163683
92923,18,48.500,2.694,2026-06-28 08:29:57.163683
92938,196,427.000,2.179,2026-06-28 08:29:57.163683
92944,32,101.000,3.156,2026-06-28 08:29:57.163683
92954,17,66.000,3.882,2026-06-28 08:29:57.163683
92966,13,43.500,3.346,2026-06-28 08:29:57.163683
93006,25,98.000,3.920,2026-06-28 08:29:57.163683
93008,12,45.000,3.750,2026-06-28 08:29:57.163683
93014,18,57.000,3.167,2026-06-28 08:29:57.163683
93022,9,34.000,3.778,2026-06-28 08:29:57.163683
93024,32,99.500,3.109,2026-06-28 08:29:57.163683
93040,256,1053.000,4.113,2026-06-28 08:29:57.163683
93061,11,41.500,3.773,2026-06-28 08:29:57.163683
93126,29,77.500,2.672,2026-06-28 08:29:57.163683
93128,11,37.000,3.364,2026-06-28 08:29:57.163683
93132,12,35.500,2.958,2026-06-28 08:29:57.163683
93134,30,111.000,3.700,2026-06-28 08:29:57.163683
93139,9,15.000,1.667,2026-06-28 08:29:57.163683
93142,16,42.500,2.656,2026-06-28 08:29:57.163683
93164,44,161.000,3.659,2026-06-28 08:29:57.163683
93172,15,47.500,3.167,2026-06-28 08:29:57.163683
93183,7,20.000,2.857,2026-06-28 08:29:57.163683
93193,14,33.000,2.357,2026-06-28 08:29:57.163683
93208,20,66.500,3.325,2026-06-28 08:29:57.163683
93212,48,165.500,3.448,2026-06-28 08:29:57.163683
93240,27,89.000,3.296,2026-06-28 08:29:57.163683
93242,80,260.000,3.250,2026-06-28 08:29:57.163683
93265,89,334.000,3.753,2026-06-28 08:29:57.163683
93267,13,41.500,3.192,2026-06-28 08:29:57.163683
93270,236,696.000,2.949,2026-06-28 08:29:57.163683
93272,213,674.000,3.164,2026-06-28 08:29:57.163683
93287,120,376.000,3.133,2026-06-28 08:29:57.163683
93289,5,16.500,3.300,2026-06-28 08:29:57.163683
93295,5,14.500,2.900,2026-06-28 08:29:57.163683
93297,191,668.500,3.500,2026-06-28 08:29:57.163683
93320,37,132.500,3.581,2026-06-28 08:29:57.163683
93324,30,111.000,3.700,2026-06-28 08:29:57.163683
93326,287,902.500,3.145,2026-06-28 08:29:57.163683
93328,7,21.000,3.000,2026-06-28 08:29:57.163683
93330,8,28.500,3.563,2026-06-28 08:29:57.163683
93333,5,13.500,2.700,2026-06-28 08:29:57.163683
93336,6,17.000,2.833,2026-06-28 08:29:57.163683
93363,625,2048.000,3.277,2026-06-28 08:29:57.163683
93365,14,48.500,3.464,2026-06-28 08:29:57.163683
93376,5,14.000,2.800,2026-06-28 08:29:57.163683
93379,6,16.000,2.667,2026-06-28 08:29:57.163683
93404,13,50.000,3.846,2026-06-28 08:29:57.163683
93418,12,39.000,3.250,2026-06-28 08:29:57.163683
93420,30,120.000,4.000,2026-06-28 08:29:57.163683
93422,66,249.500,3.780,2026-06-28 08:29:57.163683
93432,44,158.500,3.602,2026-06-28 08:29:57.163683
93443,206,685.000,3.325,2026-06-28 08:29:57.163683
93457,27,106.000,3.926,2026-06-28 08:29:57.163683
93459,5,13.000,2.600,2026-06-28 08:29:57.163683
93467,7,26.000,3.714,2026-06-28 08:29:57.163683
93473,14,47.500,3.393,2026-06-28 08:29:57.163683
93475,106,349.000,3.292,2026-06-28 08:29:57.163683
93479,12,42.500,3.542,2026-06-28 08:29:57.163683
93481,8,29.000,3.625,2026-06-28 08:29:57.163683
93492,5,16.000,3.200,2026-06-28 08:29:57.163683
93496,10,35.000,3.500,2026-06-28 08:29:57.163683
93498,253,946.500,3.741,2026-06-28 08:29:57.163683
93502,28,95.000,3.393,2026-06-28 08:29:57.163683
93510,1258,4550.500,3.617,2026-06-28 08:29:57.163683
93512,258,857.500,3.324,2026-06-28 08:29:57.163683
93516,9,29.000,3.222,2026-06-28 08:29:57.163683
93520,5,13.000,2.600,2026-06-28 08:29:57.163683
93563,208,632.500,3.041,2026-06-28 08:29:57.163683
93570,17,61.500,3.618,2026-06-28 08:29:57.163683
93572,9,31.500,3.500,2026-06-28 08:29:57.163683
93574,14,51.000,3.643,2026-06-28 08:29:57.163683
93578,27,83.500,3.093,2026-06-28 08:29:57.163683
93598,41,133.500,3.256,2026-06-28 08:29:57.163683
93610,25,67.000,2.680,2026-06-28 08:29:57.163683
93612,7,27.500,3.929,2026-06-28 08:29:57.163683
93649,5,16.500,3.300,2026-06-28 08:29:57.163683
93676,8,19.500,2.438,2026-06-28 08:29:57.163683
93693,58,153.000,2.638,2026-06-28 08:29:57.163683
93700,17,61.000,3.588,2026-06-28 08:29:57.163683
93709,6,15.500,2.583,2026-06-28 08:29:57.163683
93719,8,25.000,3.125,2026-06-28 08:29:57.163683
93721,464,1833.000,3.950,2026-06-28 08:29:57.163683
93723,82,249.500,3.043,2026-06-28 08:29:57.163683
93740,225,798.000,3.547,2026-06-28 08:29:57.163683
93742,5,17.000,3.400,2026-06-28 08:29:57.163683
93748,23,87.500,3.804,2026-06-28 08:29:57.163683
93750,16,59.000,3.688,2026-06-28 08:29:57.163683
93752,8,29.500,3.688,2026-06-28 08:29:57.163683
93764,15,41.500,2.767,2026-06-28 08:29:57.163683
93766,278,772.500,2.779,2026-06-28 08:29:57.163683
93790,105,382.500,3.643,2026-06-28 08:29:57.163683
93797,14,37.500,2.679,2026-06-28 08:29:57.163683
93801,5,9.500,1.900,2026-06-28 08:29:57.163683
93803,20,58.000,2.900,2026-06-28 08:29:57.163683
93805,382,1203.500,3.151,2026-06-28 08:29:57.163683
93816,5,13.500,2.700,2026-06-28 08:29:57.163683
93819,36,124.000,3.444,2026-06-28 08:29:57.163683
93821,7,26.000,3.714,2026-06-28 08:29:57.163683
93831,279,887.000,3.179,2026-06-28 08:29:57.163683
93838,464,1694.000,3.651,2026-06-28 08:29:57.163683
93840,1757,6453.000,3.673,2026-06-28 08:29:57.163683
93842,26,83.000,3.192,2026-06-28 08:29:57.163683
93855,286,1047.500,3.663,2026-06-28 08:29:57.163683
93865,15,52.000,3.467,2026-06-28 08:29:57.163683
93892,56,204.500,3.652,2026-06-28 08:29:57.163683
93894,5,14.500,2.900,2026-06-28 08:29:57.163683
93916,8,33.000,4.125,2026-06-28 08:29:57.163683
93918,7,26.000,3.714,2026-06-28 08:29:57.163683
93923,8,17.500,2.188,2026-06-28 08:29:57.163683
93933,51,176.000,3.451,2026-06-28 08:29:57.163683
93939,29,103.500,3.569,2026-06-28 08:29:57.163683
93946,16,47.500,2.969,2026-06-28 08:29:57.163683
93948,5,16.000,3.200,2026-06-28 08:29:57.163683
93952,18,53.000,2.944,2026-06-28 08:29:57.163683
93954,46,122.000,2.652,2026-06-28 08:29:57.163683
93970,5,15.500,3.100,2026-06-28 08:29:57.163683
93980,47,122.000,2.596,2026-06-28 08:29:57.163683
93982,143,445.500,3.115,2026-06-28 08:29:57.163683
93988,147,594.500,4.044,2026-06-28 08:29:57.163683
94005,5,16.500,3.300,2026-06-28 08:29:57.163683
94011,6,16.000,2.667,2026-06-28 08:29:57.163683
94015,189,538.500,2.849,2026-06-28 08:29:57.163683
94018,423,1185.000,2.801,2026-06-28 08:29:57.163683
94022,7,23.500,3.357,2026-06-28 08:29:57.163683
94024,31,111.000,3.581,2026-06-28 08:29:57.163683
94041,11,40.500,3.682,2026-06-28 08:29:57.163683
94044,9,30.000,3.333,2026-06-28 08:29:57.163683
94061,10,30.500,3.050,2026-06-28 08:29:57.163683
94068,7,21.500,3.071,2026-06-28 08:29:57.163683
94070,609,2293.000,3.765,2026-06-28 08:29:57.163683
94074,24,83.500,3.479,2026-06-28 08:29:57.163683
94109,28,103.500,3.696,2026-06-28 08:29:57.163683
94112,6,18.000,3.000,2026-06-28 08:29:57.163683
94122,15,54.500,3.633,2026-06-28 08:29:57.163683
94126,75,274.000,3.653,2026-06-28 08:29:57.163683
94130,56,194.500,3.473,2026-06-28 08:29:57.163683
94142,5,12.000,2.400,2026-06-28 08:29:57.163683
94150,108,361.500,3.347,2026-06-28 08:29:57.163683
94155,5,14.000,2.800,2026-06-28 08:29:57.163683
94157,5,16.500,3.300,2026-06-28 08:29:57.163683
94160,18,55.500,3.083,2026-06-28 08:29:57.163683
94204,5,12.500,2.500,2026-06-28 08:29:57.163683
94218,5,12.500,2.500,2026-06-28 08:29:57.163683
94222,7,21.000,3.000,2026-06-28 08:29:57.163683
94262,5,14.000,2.800,2026-06-28 08:29:57.163683
94266,271,856.500,3.161,2026-06-28 08:29:57.163683
94271,7,22.500,3.214,2026-06-28 08:29:57.163683
94278,6,21.500,3.583,2026-06-28 08:29:57.163683
94280,5,19.000,3.800,2026-06-28 08:29:57.163683
94289,6,22.500,3.750,2026-06-28 08:29:57.163683
94299,7,15.000,2.143,2026-06-28 08:29:57.163683
94314,6,18.500,3.083,2026-06-28 08:29:57.163683
94323,42,132.000,3.143,2026-06-28 08:29:57.163683
94325,89,292.000,3.281,2026-06-28 08:29:57.163683
94352,6,18.000,3.000,2026-06-28 08:29:57.163683
94394,6,20.000,3.333,2026-06-28 08:29:57.163683
94401,23,84.000,3.652,2026-06-28 08:29:57.163683
94405,180,596.500,3.314,2026-06-28 08:29:57.163683
94410,28,104.500,3.732,2026-06-28 08:29:57.163683
94412,9,29.500,3.278,2026-06-28 08:29:57.163683
94439,10,31.000,3.100,2026-06-28 08:29:57.163683
94444,11,28.500,2.591,2026-06-28 08:29:57.163683
94469,39,147.500,3.782,2026-06-28 08:29:57.163683
94478,494,1496.000,3.028,2026-06-28 08:29:57.163683
94480,41,100.000,2.439,2026-06-28 08:29:57.163683
94482,11,39.000,3.545,2026-06-28 08:29:57.163683
94491,5,12.500,2.500,2026-06-28 08:29:57.163683
94494,8,26.000,3.250,2026-06-28 08:29:57.163683
94496,12,36.500,3.042,2026-06-28 08:29:57.163683
94503,40,152.500,3.813,2026-06-28 08:29:57.163683
94542,12,35.000,2.917,2026-06-28 08:29:57.163683
94556,9,27.500,3.056,2026-06-28 08:29:57.163683
94558,44,122.500,2.784,2026-06-28 08:29:57.163683
94649,5,15.000,3.000,2026-06-28 08:29:57.163683
94653,5,6.500,1.300,2026-06-28 08:29:57.163683
94659,9,31.000,3.444,2026-06-28 08:29:57.163683
94661,9,32.500,3.611,2026-06-28 08:29:57.163683
94663,14,49.500,3.536,2026-06-28 08:29:57.163683
94672,5,14.000,2.800,2026-06-28 08:29:57.163683
94675,10,19.500,1.950,2026-06-28 08:29:57.163683
94677,530,1630.500,3.076,2026-06-28 08:29:57.163683
94679,6,20.500,3.417,2026-06-28 08:29:57.163683
94733,6,12.500,2.083,2026-06-28 08:29:57.163683
94735,10,38.000,3.800,2026-06-28 08:29:57.163683
94739,13,43.500,3.346,2026-06-28 08:29:57.163683
94746,30,91.000,3.033,2026-06-28 08:29:57.163683
94748,6,22.500,3.750,2026-06-28 08:29:57.163683
94750,6,13.000,2.167,2026-06-28 08:29:57.163683
94752,17,68.500,4.029,2026-06-28 08:29:57.163683
94777,983,3354.500,3.413,2026-06-28 08:29:57.163683
94780,540,1612.500,2.986,2026-06-28 08:29:57.163683
94799,73,242.500,3.322,2026-06-28 08:29:57.163683
94803,13,37.000,2.846,2026-06-28 08:29:57.163683
94810,29,110.500,3.810,2026-06-28 08:29:57.163683
94813,63,158.000,2.508,2026-06-28 08:29:57.163683
94815,21,75.500,3.595,2026-06-28 08:29:57.163683
94833,180,619.500,3.442,2026-06-28 08:29:57.163683
94837,28,82.000,2.929,2026-06-28 08:29:57.163683
94839,5,16.500,3.300,2026-06-28 08:29:57.163683
94841,35,119.500,3.414,2026-06-28 08:29:57.163683
94864,2053,7043.500,3.431,2026-06-28 08:29:57.163683
94867,39,116.500,2.987,2026-06-28 08:29:57.163683
94893,6,19.000,3.167,2026-06-28 08:29:57.163683
94896,300,1045.000,3.483,2026-06-28 08:29:57.163683
94900,5,13.500,2.700,2026-06-28 08:29:57.163683
94917,7,26.500,3.786,2026-06-28 08:29:57.163683
94919,12,37.500,3.125,2026-06-28 08:29:57.163683
94931,126,439.000,3.484,2026-06-28 08:29:57.163683
94939,40,151.500,3.788,2026-06-28 08:29:57.163683
94951,7,24.000,3.429,2026-06-28 08:29:57.163683
94953,160,462.500,2.891,2026-06-28 08:29:57.163683
94959,2312,9200.000,3.979,2026-06-28 08:29:57.163683
94965,6,16.000,2.667,2026-06-28 08:29:57.163683
94967,22,65.000,2.955,2026-06-28 08:29:57.163683
94969,47,179.000,3.809,2026-06-28 08:29:57.163683
94974,47,156.500,3.330,2026-06-28 08:29:57.163683
94978,22,75.500,3.432,2026-06-28 08:29:57.163683
94980,5,18.000,3.600,2026-06-28 08:29:57.163683
94985,173,586.000,3.387,2026-06-28 08:29:57.163683
94998,19,50.500,2.658,2026-06-28 08:29:57.163683
95000,7,23.500,3.357,2026-06-28 08:29:57.163683
95002,46,147.500,3.207,2026-06-28 08:29:57.163683
95004,38,122.000,3.211,2026-06-28 08:29:57.163683
95007,9,28.500,3.167,2026-06-28 08:29:57.163683
95010,5,20.500,4.100,2026-06-28 08:29:57.163683
95014,5,16.000,3.200,2026-06-28 08:29:57.163683
95021,7,26.500,3.786,2026-06-28 08:29:57.163683
95026,15,49.000,3.267,2026-06-28 08:29:57.163683
95032,10,28.000,2.800,2026-06-28 08:29:57.163683
95034,14,35.500,2.536,2026-06-28 08:29:57.163683
95058,146,375.000,2.568,2026-06-28 08:29:57.163683
95067,66,187.000,2.833,2026-06-28 08:29:57.163683
95069,19,62.500,3.289,2026-06-28 08:29:57.163683
95088,720,2614.500,3.631,2026-06-28 08:29:57.163683
95105,260,863.000,3.319,2026-06-28 08:29:57.163683
95113,8,30.500,3.813,2026-06-28 08:29:57.163683
95115,8,26.000,3.250,2026-06-28 08:29:57.163683
95133,18,60.000,3.333,2026-06-28 08:29:57.163683
95135,115,402.000,3.496,2026-06-28 08:29:57.163683
95137,6,19.500,3.250,2026-06-28 08:29:57.163683
95139,6,20.500,3.417,2026-06-28 08:29:57.163683
95145,7,19.500,2.786,2026-06-28 08:29:57.163683
95147,7,17.500,2.500,2026-06-28 08:29:57.163683
95149,55,182.000,3.309,2026-06-28 08:29:57.163683
95151,10,22.500,2.250,2026-06-28 08:29:57.163683
95153,6,22.500,3.750,2026-06-28 08:29:57.163683
95163,6,12.500,2.083,2026-06-28 08:29:57.163683
95165,12,36.500,3.042,2026-06-28 08:29:57.163683
95167,1224,4390.000,3.587,2026-06-28 08:29:57.163683
95170,29,88.000,3.034,2026-06-28 08:29:57.163683
95175,10,38.500,3.850,2026-06-28 08:29:57.163683
95182,16,44.500,2.781,2026-06-28 08:29:57.163683
95193,27,65.000,2.407,2026-06-28 08:29:57.163683
95197,29,82.000,2.828,2026-06-28 08:29:57.163683
95199,86,255.000,2.965,2026-06-28 08:29:57.163683
95201,254,844.500,3.325,2026-06-28 08:29:57.163683
95207,364,1048.500,2.880,2026-06-28 08:29:57.163683
95216,5,16.000,3.200,2026-06-28 08:29:57.163683
95218,43,163.500,3.802,2026-06-28 08:29:57.163683
95223,12,40.000,3.333,2026-06-28 08:29:57.163683
95234,6,20.000,3.333,2026-06-28 08:29:57.163683
95237,38,123.000,3.237,2026-06-28 08:29:57.163683
95296,7,23.000,3.286,2026-06-28 08:29:57.163683
95298,6,18.500,3.083,2026-06-28 08:29:57.163683
95300,5,13.500,2.700,2026-06-28 08:29:57.163683
95307,166,485.000,2.922,2026-06-28 08:29:57.163683
95309,298,1018.000,3.416,2026-06-28 08:29:57.163683
95311,168,669.000,3.982,2026-06-28 08:29:57.163683
95313,125,479.500,3.836,2026-06-28 08:29:57.163683
95375,55,197.500,3.591,2026-06-28 08:29:57.163683
95377,105,409.000,3.895,2026-06-28 08:29:57.163683
95441,999,3337.500,3.341,2026-06-28 08:29:57.163683
95443,44,161.000,3.659,2026-06-28 08:29:57.163683
95446,37,125.500,3.392,2026-06-28 08:29:57.163683
95449,269,828.500,3.080,2026-06-28 08:29:57.163683
95461,10,36.000,3.600,2026-06-28 08:29:57.163683
95473,15,51.000,3.400,2026-06-28 08:29:57.163683
95475,12,40.500,3.375,2026-06-28 08:29:57.163683
95482,7,22.000,3.143,2026-06-28 08:29:57.163683
95488,79,248.500,3.146,2026-06-28 08:29:57.163683
95491,10,37.000,3.700,2026-06-28 08:29:57.163683
95497,11,33.500,3.045,2026-06-28 08:29:57.163683
95499,16,52.000,3.250,2026-06-28 08:29:57.163683
95506,10,25.000,2.500,2026-06-28 08:29:57.163683
95508,40,131.000,3.275,2026-06-28 08:29:57.163683
95510,1914,6824.000,3.565,2026-06-28 08:29:57.163683
95519,9,26.500,2.944,2026-06-28 08:29:57.163683
95521,5,14.000,2.800,2026-06-28 08:29:57.163683
95524,6,21.000,3.500,2026-06-28 08:29:57.163683
95531,6,21.500,3.583,2026-06-28 08:29:57.163683
95533,7,27.500,3.929,2026-06-28 08:29:57.163683
95539,8,20.500,2.563,2026-06-28 08:29:57.163683
95543,261,834.500,3.197,2026-06-28 08:29:57.163683
95558,521,1913.000,3.672,2026-06-28 08:29:57.163683
95567,90,333.500,3.706,2026-06-28 08:29:57.163683
95583,194,593.500,3.059,2026-06-28 08:29:57.163683
95588,13,35.000,2.692,2026-06-28 08:29:57.163683
95591,5,12.000,2.400,2026-06-28 08:29:57.163683
95602,8,23.000,2.875,2026-06-28 08:29:57.163683
95604,12,51.000,4.250,2026-06-28 08:29:57.163683
95613,5,16.500,3.300,2026-06-28 08:29:57.163683
95624,16,56.000,3.500,2026-06-28 08:29:57.163683
95628,22,76.000,3.455,2026-06-28 08:29:57.163683
95654,128,489.500,3.824,2026-06-28 08:29:57.163683
95670,19,42.500,2.237,2026-06-28 08:29:57.163683
95672,5,14.000,2.800,2026-06-28 08:29:57.163683
95690,9,29.500,3.278,2026-06-28 08:29:57.163683
95717,8,19.500,2.438,2026-06-28 08:29:57.163683
95720,220,615.500,2.798,2026-06-28 08:29:57.163683
95732,5,14.500,2.900,2026-06-28 08:29:57.163683
95738,10,25.000,2.500,2026-06-28 08:29:57.163683
95740,6,11.500,1.917,2026-06-28 08:29:57.163683
95742,6,17.500,2.917,2026-06-28 08:29:57.163683
95744,86,271.000,3.151,2026-06-28 08:29:57.163683
95754,8,30.000,3.750,2026-06-28 08:29:57.163683
95756,20,66.000,3.300,2026-06-28 08:29:57.163683
95761,212,698.500,3.295,2026-06-28 08:29:57.163683
95771,11,28.000,2.545,2026-06-28 08:29:57.163683
95773,15,51.000,3.400,2026-06-28 08:29:57.163683
95780,14,43.000,3.071,2026-06-28 08:29:57.163683
95782,11,31.500,2.864,2026-06-28 08:29:57.163683
95784,5,16.000,3.200,2026-06-28 08:29:57.163683
95796,17,20.500,1.206,2026-06-28 08:29:57.163683
95804,34,120.500,3.544,2026-06-28 08:29:57.163683
95816,30,103.500,3.450,2026-06-28 08:29:57.163683
95835,12,27.000,2.250,2026-06-28 08:29:57.163683
95839,22,81.000,3.682,2026-06-28 08:29:57.163683
95856,53,189.500,3.575,2026-06-28 08:29:57.163683
95858,213,847.000,3.977,2026-06-28 08:29:57.163683
95873,350,1278.500,3.653,2026-06-28 08:29:57.163683
95875,736,2337.000,3.175,2026-06-28 08:29:57.163683
95890,7,22.500,3.214,2026-06-28 08:29:57.163683
95898,6,14.500,2.417,2026-06-28 08:29:57.163683
95932,24,75.500,3.146,2026-06-28 08:29:57.163683
95937,5,16.500,3.300,2026-06-28 08:29:57.163683
95939,105,389.500,3.710,2026-06-28 08:29:57.163683
95963,9,32.500,3.611,2026-06-28 08:29:57.163683
95965,17,55.000,3.235,2026-06-28 08:29:57.163683
95971,9,36.000,4.000,2026-06-28 08:29:57.163683
95973,15,55.000,3.667,2026-06-28 08:29:57.163683
96002,8,30.000,3.750,2026-06-28 08:29:57.163683
96004,17,62.000,3.647,2026-06-28 08:29:57.163683
96007,7,17.500,2.500,2026-06-28 08:29:57.163683
96009,7,20.500,2.929,2026-06-28 08:29:57.163683
96020,37,147.500,3.986,2026-06-28 08:29:57.163683
96026,6,12.000,2.000,2026-06-28 08:29:57.163683
96054,9,36.500,4.056,2026-06-28 08:29:57.163683
96058,17,48.000,2.824,2026-06-28 08:29:57.163683
96062,32,123.500,3.859,2026-06-28 08:29:57.163683
96064,10,24.000,2.400,2026-06-28 08:29:57.163683
96066,9,23.500,2.611,2026-06-28 08:29:57.163683
96069,15,46.500,3.100,2026-06-28 08:29:57.163683
96071,6,22.000,3.667,2026-06-28 08:29:57.163683
96075,36,148.000,4.111,2026-06-28 08:29:57.163683
96079,2843,10808.500,3.802,2026-06-28 08:29:57.163683
96096,6,17.500,2.917,2026-06-28 08:29:57.163683
96098,11,41.000,3.727,2026-06-28 08:29:57.163683
96110,312,960.500,3.079,2026-06-28 08:29:57.163683
96114,16,41.000,2.563,2026-06-28 08:29:57.163683
96121,136,442.000,3.250,2026-06-28 08:29:57.163683
96150,144,522.500,3.628,2026-06-28 08:29:57.163683
96181,7,21.000,3.000,2026-06-28 08:29:57.163683
96195,13,38.000,2.923,2026-06-28 08:29:57.163683
96200,8,16.000,2.000,2026-06-28 08:29:57.163683
96212,7,21.500,3.071,2026-06-28 08:29:57.163683
96214,8,24.000,3.000,2026-06-28 08:29:57.163683
96239,7,26.000,3.714,2026-06-28 08:29:57.163683
96252,12,43.500,3.625,2026-06-28 08:29:57.163683
96259,5,15.500,3.100,2026-06-28 08:29:57.163683
96266,11,39.500,3.591,2026-06-28 08:29:57.163683
96281,379,1339.000,3.533,2026-06-28 08:29:57.163683
96283,40,125.000,3.125,2026-06-28 08:29:57.163683
96296,6,22.500,3.750,2026-06-28 08:29:57.163683
96302,23,83.000,3.609,2026-06-28 08:29:57.163683
96304,21,74.000,3.524,2026-06-28 08:29:57.163683
96306,14,44.500,3.179,2026-06-28 08:29:57.163683
96314,109,366.000,3.358,2026-06-28 08:29:57.163683
96337,8,28.000,3.500,2026-06-28 08:29:57.163683
96347,8,30.000,3.750,2026-06-28 08:29:57.163683
96367,72,234.500,3.257,2026-06-28 08:29:57.163683
96370,5,12.000,2.400,2026-06-28 08:29:57.163683
96373,30,112.500,3.750,2026-06-28 08:29:57.163683
96405,18,41.500,2.306,2026-06-28 08:29:57.163683
96407,19,51.500,2.711,2026-06-28 08:29:57.163683
96411,42,149.000,3.548,2026-06-28 08:29:57.163683
96415,15,51.500,3.433,2026-06-28 08:29:57.163683
96417,294,974.500,3.315,2026-06-28 08:29:57.163683
96419,7,28.000,4.000,2026-06-28 08:29:57.163683
96421,7,27.000,3.857,2026-06-28 08:29:57.163683
96428,7,25.000,3.571,2026-06-28 08:29:57.163683
96430,84,267.500,3.185,2026-06-28 08:29:57.163683
96432,287,990.500,3.451,2026-06-28 08:29:57.163683
96448,55,96.500,1.755,2026-06-28 08:29:57.163683
96456,30,74.500,2.483,2026-06-28 08:29:57.163683
96460,7,26.000,3.714,2026-06-28 08:29:57.163683
96467,103,349.000,3.388,2026-06-28 08:29:57.163683
96469,7,26.000,3.714,2026-06-28 08:29:57.163683
96471,8,30.000,3.750,2026-06-28 08:29:57.163683
96473,8,32.000,4.000,2026-06-28 08:29:57.163683
96488,534,2106.000,3.944,2026-06-28 08:29:57.163683
96490,63,178.500,2.833,2026-06-28 08:29:57.163683
96496,16,50.500,3.156,2026-06-28 08:29:57.163683
96498,5,12.500,2.500,2026-06-28 08:29:57.163683
96501,34,119.500,3.515,2026-06-28 08:29:57.163683
96510,27,57.000,2.111,2026-06-28 08:29:57.163683
96512,11,31.000,2.818,2026-06-28 08:29:57.163683
96514,8,24.500,3.063,2026-06-28 08:29:57.163683
96530,5,15.000,3.000,2026-06-28 08:29:57.163683
96537,7,17.000,2.429,2026-06-28 08:29:57.163683
96543,10,32.000,3.200,2026-06-28 08:29:57.163683
96545,7,22.000,3.143,2026-06-28 08:29:57.163683
96563,46,174.000,3.783,2026-06-28 08:29:57.163683
96565,80,231.500,2.894,2026-06-28 08:29:57.163683
96567,88,293.000,3.330,2026-06-28 08:29:57.163683
96569,23,78.500,3.413,2026-06-28 08:29:57.163683
96574,5,15.000,3.000,2026-06-28 08:29:57.163683
96588,544,1958.000,3.599,2026-06-28 08:29:57.163683
96590,35,89.500,2.557,2026-06-28 08:29:57.163683
96592,25,79.500,3.180,2026-06-28 08:29:57.163683
96596,29,67.000,2.310,2026-06-28 08:29:57.163683
96606,288,1154.000,4.007,2026-06-28 08:29:57.163683
96608,7,29.000,4.143,2026-06-28 08:29:57.163683
96610,2855,10764.500,3.770,2026-06-28 08:29:57.163683
96612,129,416.500,3.229,2026-06-28 08:29:57.163683
96616,97,261.500,2.696,2026-06-28 08:29:57.163683
96621,12,30.000,2.500,2026-06-28 08:29:57.163683
96629,7,20.000,2.857,2026-06-28 08:29:57.163683
96634,14,43.500,3.107,2026-06-28 08:29:57.163683
96638,5,19.500,3.900,2026-06-28 08:29:57.163683
96640,5,18.500,3.700,2026-06-28 08:29:57.163683
96644,5,17.000,3.400,2026-06-28 08:29:57.163683
96655,388,1436.000,3.701,2026-06-28 08:29:57.163683
96662,26,99.500,3.827,2026-06-28 08:29:57.163683
96664,18,55.500,3.083,2026-06-28 08:29:57.163683
96667,65,234.000,3.600,2026-06-28 08:29:57.163683
96687,27,89.500,3.315,2026-06-28 08:29:57.163683
96691,202,605.000,2.995,2026-06-28 08:29:57.163683
96693,135,431.500,3.196,2026-06-28 08:29:57.163683
96700,29,99.500,3.431,2026-06-28 08:29:57.163683
96726,20,65.000,3.250,2026-06-28 08:29:57.163683
96728,452,1526.000,3.376,2026-06-28 08:29:57.163683
96737,680,2385.000,3.507,2026-06-28 08:29:57.163683
96748,5,13.500,2.700,2026-06-28 08:29:57.163683
96751,179,609.000,3.402,2026-06-28 08:29:57.163683
96753,10,34.500,3.450,2026-06-28 08:29:57.163683
96762,21,63.000,3.000,2026-06-28 08:29:57.163683
96792,5,16.500,3.300,2026-06-28 08:29:57.163683
96811,623,2334.500,3.747,2026-06-28 08:29:57.163683
96815,117,352.500,3.013,2026-06-28 08:29:57.163683
96821,1410,5513.500,3.910,2026-06-28 08:29:57.163683
96829,628,2546.500,4.055,2026-06-28 08:29:57.163683
96832,192,692.500,3.607,2026-06-28 08:29:57.163683
96834,24,77.500,3.229,2026-06-28 08:29:57.163683
96836,6,22.500,3.750,2026-06-28 08:29:57.163683
96840,6,16.000,2.667,2026-06-28 08:29:57.163683
96845,5,22.000,4.400,2026-06-28 08:29:57.163683
96849,14,44.500,3.179,2026-06-28 08:29:57.163683
96853,12,33.000,2.750,2026-06-28 08:29:57.163683
96857,86,285.000,3.314,2026-06-28 08:29:57.163683
96859,5,14.000,2.800,2026-06-28 08:29:57.163683
96861,401,1263.500,3.151,2026-06-28 08:29:57.163683
96863,41,115.500,2.817,2026-06-28 08:29:57.163683
96868,28,108.500,3.875,2026-06-28 08:29:57.163683
96870,5,17.000,3.400,2026-06-28 08:29:57.163683
96897,12,43.500,3.625,2026-06-28 08:29:57.163683
96909,15,47.500,3.167,2026-06-28 08:29:57.163683
96911,118,446.500,3.784,2026-06-28 08:29:57.163683
96917,72,205.000,2.847,2026-06-28 08:29:57.163683
96933,6,17.500,2.917,2026-06-28 08:29:57.163683
96941,22,62.500,2.841,2026-06-28 08:29:57.163683
96945,6,18.500,3.083,2026-06-28 08:29:57.163683
96952,13,45.000,3.462,2026-06-28 08:29:57.163683
96964,52,153.500,2.952,2026-06-28 08:29:57.163683
96966,28,111.500,3.982,2026-06-28 08:29:57.163683
96969,42,142.500,3.393,2026-06-28 08:29:57.163683
96971,5,12.000,2.400,2026-06-28 08:29:57.163683
96975,34,101.000,2.971,2026-06-28 08:29:57.163683
96991,52,188.000,3.615,2026-06-28 08:29:57.163683
97002,18,63.000,3.500,2026-06-28 08:29:57.163683
97005,8,21.000,2.625,2026-06-28 08:29:57.163683
97024,161,594.000,3.689,2026-06-28 08:29:57.163683
97051,8,25.500,3.188,2026-06-28 08:29:57.163683
97055,6,12.500,2.083,2026-06-28 08:29:57.163683
97057,133,478.000,3.594,2026-06-28 08:29:57.163683
97059,16,46.000,2.875,2026-06-28 08:29:57.163683
97065,8,29.000,3.625,2026-06-28 08:29:57.163683
97096,5,18.000,3.600,2026-06-28 08:29:57.163683
97132,20,74.000,3.700,2026-06-28 08:29:57.163683
97168,73,270.500,3.705,2026-06-28 08:29:57.163683
97172,241,801.000,3.324,2026-06-28 08:29:57.163683
97175,9,27.000,3.000,2026-06-28 08:29:57.163683
97177,9,29.000,3.222,2026-06-28 08:29:57.163683
97186,17,60.000,3.529,2026-06-28 08:29:57.163683
97188,232,786.500,3.390,2026-06-28 08:29:57.163683
97196,6,23.500,3.917,2026-06-28 08:29:57.163683
97216,8,16.500,2.063,2026-06-28 08:29:57.163683
97220,7,18.000,2.571,2026-06-28 08:29:57.163683
97225,251,846.500,3.373,2026-06-28 08:29:57.163683
97230,48,176.000,3.667,2026-06-28 08:29:57.163683
97232,35,107.500,3.071,2026-06-28 08:29:57.163683
97234,12,44.500,3.708,2026-06-28 08:29:57.163683
97242,6,19.000,3.167,2026-06-28 08:29:57.163683
97244,12,40.000,3.333,2026-06-28 08:29:57.163683
97250,5,14.500,2.900,2026-06-28 08:29:57.163683
97280,9,25.000,2.778,2026-06-28 08:29:57.163683
97302,8,26.500,3.313,2026-06-28 08:29:57.163683
97304,2468,9629.500,3.902,2026-06-28 08:29:57.163683
97306,891,3253.000,3.651,2026-06-28 08:29:57.163683
97308,16,43.500,2.719,2026-06-28 08:29:57.163683
97311,76,263.500,3.467,2026-06-28 08:29:57.163683
97324,42,112.500,2.679,2026-06-28 08:29:57.163683
97326,21,77.500,3.690,2026-06-28 08:29:57.163683
97328,92,321.500,3.495,2026-06-28 08:29:57.163683
97382,5,15.500,3.100,2026-06-28 08:29:57.163683
97388,23,74.000,3.217,2026-06-28 08:29:57.163683
97390,7,18.500,2.643,2026-06-28 08:29:57.163683
97393,72,277.000,3.847,2026-06-28 08:29:57.163683
97395,68,261.500,3.846,2026-06-28 08:29:57.163683
97397,9,32.000,3.556,2026-06-28 08:29:57.163683
97401,6,21.500,3.583,2026-06-28 08:29:57.163683
97423,12,39.500,3.292,2026-06-28 08:29:57.163683
97455,9,34.500,3.833,2026-06-28 08:29:57.163683
97462,19,52.500,2.763,2026-06-28 08:29:57.163683
97470,22,57.500,2.614,2026-06-28 08:29:57.163683
97593,6,21.500,3.583,2026-06-28 08:29:57.163683
97595,5,18.000,3.600,2026-06-28 08:29:57.163683
97597,7,23.000,3.286,2026-06-28 08:29:57.163683
97639,41,155.500,3.793,2026-06-28 08:29:57.163683
97643,46,123.000,2.674,2026-06-28 08:29:57.163683
97648,29,102.000,3.517,2026-06-28 08:29:57.163683
97660,10,32.500,3.250,2026-06-28 08:29:57.163683
97662,16,53.500,3.344,2026-06-28 08:29:57.163683
97665,21,60.500,2.881,2026-06-28 08:29:57.163683
97673,113,441.000,3.903,2026-06-28 08:29:57.163683
97692,21,73.000,3.476,2026-06-28 08:29:57.163683
97694,6,11.500,1.917,2026-06-28 08:29:57.163683
97697,6,18.000,3.000,2026-06-28 08:29:57.163683
97699,9,28.000,3.111,2026-06-28 08:29:57.163683
97701,78,186.500,2.391,2026-06-28 08:29:57.163683
97709,14,45.500,3.250,2026-06-28 08:29:57.163683
97715,11,31.500,2.864,2026-06-28 08:29:57.163683
97722,7,17.500,2.500,2026-06-28 08:29:57.163683
97740,11,31.000,2.818,2026-06-28 08:29:57.163683
97742,58,152.500,2.629,2026-06-28 08:29:57.163683
97744,47,180.000,3.830,2026-06-28 08:29:57.163683
97752,1541,5639.000,3.659,2026-06-28 08:29:57.163683
97757,87,263.500,3.029,2026-06-28 08:29:57.163683
97773,23,70.500,3.065,2026-06-28 08:29:57.163683
97779,22,76.500,3.477,2026-06-28 08:29:57.163683
97785,79,191.500,2.424,2026-06-28 08:29:57.163683
97797,9,33.500,3.722,2026-06-28 08:29:57.163683
97799,5,16.500,3.300,2026-06-28 08:29:57.163683
97817,5,19.000,3.800,2026-06-28 08:29:57.163683
97826,9,33.500,3.722,2026-06-28 08:29:57.163683
97828,5,17.000,3.400,2026-06-28 08:29:57.163683
97832,40,140.000,3.500,2026-06-28 08:29:57.163683
97834,16,48.000,3.000,2026-06-28 08:29:57.163683
97836,109,342.000,3.138,2026-06-28 08:29:57.163683
97858,15,48.500,3.233,2026-06-28 08:29:57.163683
97860,284,916.000,3.225,2026-06-28 08:29:57.163683
97866,205,767.000,3.741,2026-06-28 08:29:57.163683
97868,9,34.000,3.778,2026-06-28 08:29:57.163683
97870,195,722.500,3.705,2026-06-28 08:29:57.163683
97880,6,22.500,3.750,2026-06-28 08:29:57.163683
97882,5,14.000,2.800,2026-06-28 08:29:57.163683
97895,15,47.500,3.167,2026-06-28 08:29:57.163683
97904,39,136.000,3.487,2026-06-28 08:29:57.163683
97908,17,54.500,3.206,2026-06-28 08:29:57.163683
97913,1485,5674.500,3.821,2026-06-28 08:29:57.163683
97921,2149,8276.500,3.851,2026-06-28 08:29:57.163683
97923,806,2952.500,3.663,2026-06-28 08:29:57.163683
97933,34,123.000,3.618,2026-06-28 08:29:57.163683
97936,187,622.000,3.326,2026-06-28 08:29:57.163683
97938,1871,7094.500,3.792,2026-06-28 08:29:57.163683
97946,22,60.500,2.750,2026-06-28 08:29:57.163683
97950,109,315.000,2.890,2026-06-28 08:29:57.163683
97957,48,153.000,3.188,2026-06-28 08:29:57.163683
97959,18,68.000,3.778,2026-06-28 08:29:57.163683
97966,12,30.500,2.542,2026-06-28 08:29:57.163683
97968,10,20.000,2.000,2026-06-28 08:29:57.163683
97984,23,81.500,3.543,2026-06-28 08:29:57.163683
97986,11,36.500,3.318,2026-06-28 08:29:57.163683
97988,44,129.000,2.932,2026-06-28 08:29:57.163683
97998,8,22.500,2.813,2026-06-28 08:29:57.163683
98000,5,11.500,2.300,2026-06-28 08:29:57.163683
98013,24,67.500,2.813,2026-06-28 08:29:57.163683
98015,7,14.500,2.071,2026-06-28 08:29:57.163683
98017,72,276.000,3.833,2026-06-28 08:29:57.163683
98019,17,54.500,3.206,2026-06-28 08:29:57.163683
98022,14,51.000,3.643,2026-06-28 08:29:57.163683
98036,7,24.000,3.429,2026-06-28 08:29:57.163683
98052,5,10.000,2.000,2026-06-28 08:29:57.163683
98054,65,171.000,2.631,2026-06-28 08:29:57.163683
98056,277,1029.500,3.717,2026-06-28 08:29:57.163683
98065,13,45.500,3.500,2026-06-28 08:29:57.163683
98067,10,30.000,3.000,2026-06-28 08:29:57.163683
98083,46,150.500,3.272,2026-06-28 08:29:57.163683
98085,6,13.500,2.250,2026-06-28 08:29:57.163683
98087,27,83.000,3.074,2026-06-28 08:29:57.163683
98107,5,17.000,3.400,2026-06-28 08:29:57.163683
98109,12,35.500,2.958,2026-06-28 08:29:57.163683
98111,5,15.500,3.100,2026-06-28 08:29:57.163683
98116,7,20.500,2.929,2026-06-28 08:29:57.163683
98120,10,26.000,2.600,2026-06-28 08:29:57.163683
98122,101,375.500,3.718,2026-06-28 08:29:57.163683
98124,320,1235.500,3.861,2026-06-28 08:29:57.163683
98126,12,41.500,3.458,2026-06-28 08:29:57.163683
98154,1024,3830.500,3.741,2026-06-28 08:29:57.163683
98160,8,14.000,1.750,2026-06-28 08:29:57.163683
98175,26,75.500,2.904,2026-06-28 08:29:57.163683
98189,14,41.000,2.929,2026-06-28 08:29:57.163683
98193,50,181.000,3.620,2026-06-28 08:29:57.163683
98198,12,47.000,3.917,2026-06-28 08:29:57.163683
98200,5,18.000,3.600,2026-06-28 08:29:57.163683
98203,310,832.000,2.684,2026-06-28 08:29:57.163683
98230,44,137.500,3.125,2026-06-28 08:29:57.163683
98237,10,32.000,3.200,2026-06-28 08:29:57.163683
98239,109,294.000,2.697,2026-06-28 08:29:57.163683
98243,310,1116.000,3.600,2026-06-28 08:29:57.163683
98279,31,99.500,3.210,2026-06-28 08:29:57.163683
98290,6,17.000,2.833,2026-06-28 08:29:57.163683
98296,67,214.500,3.201,2026-06-28 08:29:57.163683
98341,5,15.000,3.000,2026-06-28 08:29:57.163683
98358,6,19.500,3.250,2026-06-28 08:29:57.163683
98361,99,336.500,3.399,2026-06-28 08:29:57.163683
98367,6,20.000,3.333,2026-06-28 08:29:57.163683
98369,39,129.000,3.308,2026-06-28 08:29:57.163683
98373,56,181.000,3.232,2026-06-28 08:29:57.163683
98378,7,23.500,3.357,2026-06-28 08:29:57.163683
98381,6,12.000,2.000,2026-06-28 08:29:57.163683
98400,21,70.000,3.333,2026-06-28 08:29:57.163683
98402,10,28.000,2.800,2026-06-28 08:29:57.163683
98445,10,38.000,3.800,2026-06-28 08:29:57.163683
98447,9,20.000,2.222,2026-06-28 08:29:57.163683
98485,10,34.500,3.450,2026-06-28 08:29:57.163683
98491,205,795.000,3.878,2026-06-28 08:29:57.163683
98511,8,25.000,3.125,2026-06-28 08:29:57.163683
98532,15,44.000,2.933,2026-06-28 08:29:57.163683
98552,9,28.500,3.167,2026-06-28 08:29:57.163683
98554,7,14.500,2.071,2026-06-28 08:29:57.163683
98556,5,10.500,2.100,2026-06-28 08:29:57.163683
98570,18,56.500,3.139,2026-06-28 08:29:57.163683
98585,208,699.000,3.361,2026-06-28 08:29:57.163683
98587,15,49.000,3.267,2026-06-28 08:29:57.163683
98604,79,292.000,3.696,2026-06-28 08:29:57.163683
98607,38,144.500,3.803,2026-06-28 08:29:57.163683
98623,5,16.000,3.200,2026-06-28 08:29:57.163683
98626,5,17.000,3.400,2026-06-28 08:29:57.163683
98629,15,52.000,3.467,2026-06-28 08:29:57.163683
98795,25,96.000,3.840,2026-06-28 08:29:57.163683
98797,40,139.500,3.488,2026-06-28 08:29:57.163683
98799,8,21.500,2.688,2026-06-28 08:29:57.163683
98809,2894,10979.500,3.794,2026-06-28 08:29:57.163683
98836,59,182.500,3.093,2026-06-28 08:29:57.163683
98838,17,39.000,2.294,2026-06-28 08:29:57.163683
98852,8,30.000,3.750,2026-06-28 08:29:57.163683
98922,6,22.500,3.750,2026-06-28 08:29:57.163683
98933,6,22.500,3.750,2026-06-28 08:29:57.163683
98949,5,15.000,3.000,2026-06-28 08:29:57.163683
98956,40,149.500,3.738,2026-06-28 08:29:57.163683
98961,1177,4428.500,3.763,2026-06-28 08:29:57.163683
98963,11,41.000,3.727,2026-06-28 08:29:57.163683
98973,29,107.500,3.707,2026-06-28 08:29:57.163683
98975,36,113.500,3.153,2026-06-28 08:29:57.163683
98981,16,55.000,3.438,2026-06-28 08:29:57.163683
98983,6,19.500,3.250,2026-06-28 08:29:57.163683
98985,11,38.000,3.455,2026-06-28 08:29:57.163683
98989,5,12.500,2.500,2026-06-28 08:29:57.163683
98996,5,19.000,3.800,2026-06-28 08:29:57.163683
99005,37,101.500,2.743,2026-06-28 08:29:57.163683
99007,442,1496.500,3.386,2026-06-28 08:29:57.163683
99014,5,16.500,3.300,2026-06-28 08:29:57.163683
99024,8,28.000,3.500,2026-06-28 08:29:57.163683
99030,25,80.500,3.220,2026-06-28 08:29:57.163683
99043,5,18.500,3.700,2026-06-28 08:29:57.163683
99045,10,35.500,3.550,2026-06-28 08:29:57.163683
99047,18,61.500,3.417,2026-06-28 08:29:57.163683
99056,6,15.500,2.583,2026-06-28 08:29:57.163683
99058,21,74.000,3.524,2026-06-28 08:29:57.163683
99061,6,15.000,2.500,2026-06-28 08:29:57.163683
99087,41,120.500,2.939,2026-06-28 08:29:57.163683
99106,81,242.500,2.994,2026-06-28 08:29:57.163683
99108,6,18.500,3.083,2026-06-28 08:29:57.163683
99110,27,88.500,3.278,2026-06-28 08:29:57.163683
99112,541,1867.500,3.452,2026-06-28 08:29:57.163683
99114,4328,17476.000,4.038,2026-06-28 08:29:57.163683
99117,241,723.500,3.002,2026-06-28 08:29:57.163683
99124,8,23.500,2.938,2026-06-28 08:29:57.163683
99143,17,64.000,3.765,2026-06-28 08:29:57.163683
99145,299,1067.000,3.569,2026-06-28 08:29:57.163683
99149,658,2370.000,3.602,2026-06-28 08:29:57.163683
99178,21,69.500,3.310,2026-06-28 08:29:57.163683
99180,7,27.500,3.929,2026-06-28 08:29:57.163683
99182,5,8.500,1.700,2026-06-28 08:29:57.163683
99191,10,36.000,3.600,2026-06-28 08:29:57.163683
99214,20,66.500,3.325,2026-06-28 08:29:57.163683
99217,28,92.500,3.304,2026-06-28 08:29:57.163683
99220,83,286.500,3.452,2026-06-28 08:29:57.163683
99222,6,12.000,2.000,2026-06-28 08:29:57.163683
99246,7,19.000,2.714,2026-06-28 08:29:57.163683
99258,5,19.000,3.800,2026-06-28 08:29:57.163683
99296,26,77.000,2.962,2026-06-28 08:29:57.163683
99305,40,148.500,3.713,2026-06-28 08:29:57.163683
99320,7,18.500,2.643,2026-06-28 08:29:57.163683
99349,22,72.000,3.273,2026-06-28 08:29:57.163683
99355,5,15.000,3.000,2026-06-28 08:29:57.163683
99367,7,22.000,3.143,2026-06-28 08:29:57.163683
99371,12,32.500,2.708,2026-06-28 08:29:57.163683
99387,10,37.000,3.700,2026-06-28 08:29:57.163683
99397,14,48.000,3.429,2026-06-28 08:29:57.163683
99402,6,18.000,3.000,2026-06-28 08:29:57.163683
99413,19,62.000,3.263,2026-06-28 08:29:57.163683
99415,39,110.000,2.821,2026-06-28 08:29:57.163683
99434,7,23.500,3.357,2026-06-28 08:29:57.163683
99437,138,458.500,3.322,2026-06-28 08:29:57.163683
99441,6,20.000,3.333,2026-06-28 08:29:57.163683
99452,6,18.500,3.083,2026-06-28 08:29:57.163683
99468,58,226.000,3.897,2026-06-28 08:29:57.163683
99470,29,92.000,3.172,2026-06-28 08:29:57.163683
99487,15,30.500,2.033,2026-06-28 08:29:57.163683
99495,5,15.500,3.100,2026-06-28 08:29:57.163683
99502,6,22.000,3.667,2026-06-28 08:29:57.163683
99523,6,18.500,3.083,2026-06-28 08:29:57.163683
99525,10,25.000,2.500,2026-06-28 08:29:57.163683
99530,34,123.500,3.632,2026-06-28 08:29:57.163683
99532,19,70.500,3.711,2026-06-28 08:29:57.163683
99537,21,68.000,3.238,2026-06-28 08:29:57.163683
99549,7,20.500,2.929,2026-06-28 08:29:57.163683
99560,8,25.500,3.188,2026-06-28 08:29:57.163683
99574,83,276.000,3.325,2026-06-28 08:29:57.163683
99602,9,30.000,3.333,2026-06-28 08:29:57.163683
99615,5,11.500,2.300,2026-06-28 08:29:57.163683
99633,29,87.000,3.000,2026-06-28 08:29:57.163683
99636,12,44.500,3.708,2026-06-28 08:29:57.163683
99638,8,29.000,3.625,2026-06-28 08:29:57.163683
99640,9,34.500,3.833,2026-06-28 08:29:57.163683
99642,14,49.500,3.536,2026-06-28 08:29:57.163683
99669,12,41.000,3.417,2026-06-28 08:29:57.163683
99675,8,30.000,3.750,2026-06-28 08:29:57.163683
99677,5,12.000,2.400,2026-06-28 08:29:57.163683
99687,6,14.000,2.333,2026-06-28 08:29:57.163683
99691,6,17.000,2.833,2026-06-28 08:29:57.163683
99695,14,44.000,3.143,2026-06-28 08:29:57.163683
99708,6,18.000,3.000,2026-06-28 08:29:57.163683
99721,34,77.000,2.265,2026-06-28 08:29:57.163683
99728,309,999.000,3.233,2026-06-28 08:29:57.163683
99731,6,17.000,2.833,2026-06-28 08:29:57.163683
99739,5,11.500,2.300,2026-06-28 08:29:57.163683
99741,56,178.000,3.179,2026-06-28 08:29:57.163683
99744,9,25.000,2.778,2026-06-28 08:29:57.163683
99746,13,38.000,2.923,2026-06-28 08:29:57.163683
99750,96,325.500,3.391,2026-06-28 08:29:57.163683
99754,5,15.500,3.100,2026-06-28 08:29:57.163683
99764,33,126.500,3.833,2026-06-28 08:29:57.163683
99766,15,49.500,3.300,2026-06-28 08:29:57.163683
99787,26,59.500,2.288,2026-06-28 08:29:57.163683
99795,34,122.000,3.588,2026-06-28 08:29:57.163683
99809,5,19.000,3.800,2026-06-28 08:29:57.163683
99811,17,64.000,3.765,2026-06-28 08:29:57.163683
99813,373,1448.000,3.882,2026-06-28 08:29:57.163683
99817,16,61.500,3.844,2026-06-28 08:29:57.163683
99826,7,24.500,3.500,2026-06-28 08:29:57.163683
99832,6,21.000,3.500,2026-06-28 08:29:57.163683
99839,13,45.500,3.500,2026-06-28 08:29:57.163683
99841,12,40.500,3.375,2026-06-28 08:29:57.163683
99843,10,36.000,3.600,2026-06-28 08:29:57.163683
99846,18,61.000,3.389,2026-06-28 08:29:57.163683
99857,20,69.000,3.450,2026-06-28 08:29:57.163683
99859,17,60.000,3.529,2026-06-28 08:29:57.163683
99861,19,61.000,3.211,2026-06-28 08:29:57.163683
99871,22,74.000,3.364,2026-06-28 08:29:57.163683
99873,15,53.000,3.533,2026-06-28 08:29:57.163683
99875,17,57.500,3.382,2026-06-28 08:29:57.163683
99889,12,45.500,3.792,2026-06-28 08:29:57.163683
99906,15,48.500,3.233,2026-06-28 08:29:57.163683
99910,216,660.000,3.056,2026-06-28 08:29:57.163683
99912,169,515.500,3.050,2026-06-28 08:29:57.163683
99917,216,783.500,3.627,2026-06-28 08:29:57.163683
99937,8,21.500,2.688,2026-06-28 08:29:57.163683
99957,102,301.000,2.951,2026-06-28 08:29:57.163683
99960,5,20.000,4.000,2026-06-28 08:29:57.163683
99964,6,21.500,3.583,2026-06-28 08:29:57.163683
99968,24,72.500,3.021,2026-06-28 08:29:57.163683
99986,25,89.000,3.560,2026-06-28 08:29:57.163683
99989,5,18.000,3.600,2026-06-28 08:29:57.163683
99992,35,108.000,3.086,2026-06-28 08:29:57.163683
99994,13,38.500,2.962,2026-06-28 08:29:57.163683
99996,42,147.000,3.500,2026-06-28 08:29:57.163683
100008,6,20.500,3.417,2026-06-28 08:29:57.163683
100010,22,61.500,2.795,2026-06-28 08:29:57.163683
100013,5,16.000,3.200,2026-06-28 08:29:57.163683
100017,10,31.000,3.100,2026-06-28 08:29:57.163683
100032,12,41.000,3.417,2026-06-28 08:29:57.163683
100034,17,53.500,3.147,2026-06-28 08:29:57.163683
100036,10,30.500,3.050,2026-06-28 08:29:57.163683
100038,6,20.500,3.417,2026-06-28 08:29:57.163683
100044,5,19.000,3.800,2026-06-28 08:29:57.163683
100048,5,15.000,3.000,2026-06-28 08:29:57.163683
100052,6,14.000,2.333,2026-06-28 08:29:57.163683
100058,13,47.000,3.615,2026-06-28 08:29:57.163683
100068,15,53.500,3.567,2026-06-28 08:29:57.163683
100070,7,22.500,3.214,2026-06-28 08:29:57.163683
100083,130,289.500,2.227,2026-06-28 08:29:57.163683
100085,6,21.500,3.583,2026-06-28 08:29:57.163683
100087,6,18.000,3.000,2026-06-28 08:29:57.163683
100089,21,80.500,3.833,2026-06-28 08:29:57.163683
100093,14,38.000,2.714,2026-06-28 08:29:57.163683
100106,52,195.500,3.760,2026-06-28 08:29:57.163683
100108,147,448.500,3.051,2026-06-28 08:29:57.163683
100138,14,57.500,4.107,2026-06-28 08:29:57.163683
100143,5,17.000,3.400,2026-06-28 08:29:57.163683
100157,9,29.500,3.278,2026-06-28 08:29:57.163683
100159,77,269.000,3.494,2026-06-28 08:29:57.163683
100163,260,750.000,2.885,2026-06-28 08:29:57.163683
100165,20,78.500,3.925,2026-06-28 08:29:57.163683
100169,25,79.500,3.180,2026-06-28 08:29:57.163683
100185,14,51.500,3.679,2026-06-28 08:29:57.163683
100194,7,23.500,3.357,2026-06-28 08:29:57.163683
100196,7,29.000,4.143,2026-06-28 08:29:57.163683
100200,5,8.000,1.600,2026-06-28 08:29:57.163683
100205,5,14.000,2.800,2026-06-28 08:29:57.163683
100208,7,19.000,2.714,2026-06-28 08:29:57.163683
100210,6,22.000,3.667,2026-06-28 08:29:57.163683
100226,14,43.000,3.071,2026-06-28 08:29:57.163683
100238,17,55.500,3.265,2026-06-28 08:29:57.163683
100244,122,426.000,3.492,2026-06-28 08:29:57.163683
100248,9,28.000,3.111,2026-06-28 08:29:57.163683
100272,26,97.500,3.750,2026-06-28 08:29:57.163683
100277,17,61.000,3.588,2026-06-28 08:29:57.163683
100287,6,21.500,3.583,2026-06-28 08:29:57.163683
100289,10,38.000,3.800,2026-06-28 08:29:57.163683
100302,142,447.000,3.148,2026-06-28 08:29:57.163683
100304,13,43.000,3.308,2026-06-28 08:29:57.163683
100306,8,24.500,3.063,2026-06-28 08:29:57.163683
100322,20,63.500,3.175,2026-06-28 08:29:57.163683
100326,91,294.000,3.231,2026-06-28 08:29:57.163683
100328,5,19.000,3.800,2026-06-28 08:29:57.163683
100336,5,17.500,3.500,2026-06-28 08:29:57.163683
100342,11,40.500,3.682,2026-06-28 08:29:57.163683
100344,87,311.000,3.575,2026-06-28 08:29:57.163683
100356,37,135.500,3.662,2026-06-28 08:29:57.163683
100359,23,60.000,2.609,2026-06-28 08:29:57.163683
100363,29,84.500,2.914,2026-06-28 08:29:57.163683
100365,5,17.000,3.400,2026-06-28 08:29:57.163683
100383,564,2054.500,3.643,2026-06-28 08:29:57.163683
100390,213,590.500,2.772,2026-06-28 08:29:57.163683
100397,41,113.500,2.768,2026-06-28 08:29:57.163683
100401,16,51.500,3.219,2026-06-28 08:29:57.163683
100406,6,21.000,3.500,2026-06-28 08:29:57.163683
100408,18,60.000,3.333,2026-06-28 08:29:57.163683
100426,13,47.500,3.654,2026-06-28 08:29:57.163683
100436,58,222.000,3.828,2026-06-28 08:29:57.163683
100438,11,29.500,2.682,2026-06-28 08:29:57.163683
100440,52,189.500,3.644,2026-06-28 08:29:57.163683
100442,6,19.000,3.167,2026-06-28 08:29:57.163683
100444,17,66.500,3.912,2026-06-28 08:29:57.163683
100450,46,153.500,3.337,2026-06-28 08:29:57.163683
100452,6,14.500,2.417,2026-06-28 08:29:57.163683
100469,12,32.000,2.667,2026-06-28 08:29:57.163683
100485,18,61.000,3.389,2026-06-28 08:29:57.163683
100487,141,462.000,3.277,2026-06-28 08:29:57.163683
100492,6,16.500,2.750,2026-06-28 08:29:57.163683
100498,322,836.000,2.596,2026-06-28 08:29:57.163683
100505,7,24.000,3.429,2026-06-28 08:29:57.163683
100507,81,243.500,3.006,2026-06-28 08:29:57.163683
100509,11,35.000,3.182,2026-06-28 08:29:57.163683
100511,9,33.000,3.667,2026-06-28 08:29:57.163683
100513,6,17.500,2.917,2026-06-28 08:29:57.163683
100515,20,70.500,3.525,2026-06-28 08:29:57.163683
100527,98,333.000,3.398,2026-06-28 08:29:57.163683
100529,5,14.000,2.800,2026-06-28 08:29:57.163683
100540,9,27.000,3.000,2026-06-28 08:29:57.163683
100553,31,130.500,4.210,2026-06-28 08:29:57.163683
100556,216,856.000,3.963,2026-06-28 08:29:57.163683
100562,8,28.000,3.500,2026-06-28 08:29:57.163683
100574,5,13.500,2.700,2026-06-28 08:29:57.163683
100579,30,71.000,2.367,2026-06-28 08:29:57.163683
100581,49,153.500,3.133,2026-06-28 08:29:57.163683
100611,44,120.500,2.739,2026-06-28 08:29:57.163683
100617,34,130.000,3.824,2026-06-28 08:29:57.163683
100629,9,33.500,3.722,2026-06-28 08:29:57.163683
100714,549,2133.500,3.886,2026-06-28 08:29:57.163683
100717,22,68.000,3.091,2026-06-28 08:29:57.163683
100729,22,62.500,2.841,2026-06-28 08:29:57.163683
100734,6,21.000,3.500,2026-06-28 08:29:57.163683
100737,83,255.000,3.072,2026-06-28 08:29:57.163683
100739,5,14.000,2.800,2026-06-28 08:29:57.163683
100745,115,433.000,3.765,2026-06-28 08:29:57.163683
100810,82,254.500,3.104,2026-06-28 08:29:57.163683
100843,50,189.500,3.790,2026-06-28 08:29:57.163683
100882,23,75.500,3.283,2026-06-28 08:29:57.163683
100902,6,18.500,3.083,2026-06-28 08:29:57.163683
100906,8,23.000,2.875,2026-06-28 08:29:57.163683
101025,217,666.500,3.071,2026-06-28 08:29:57.163683
101060,20,57.000,2.850,2026-06-28 08:29:57.163683
101070,40,150.500,3.763,2026-06-28 08:29:57.163683
101074,43,159.000,3.698,2026-06-28 08:29:57.163683
101076,202,551.000,2.728,2026-06-28 08:29:57.163683
101079,10,39.000,3.900,2026-06-28 08:29:57.163683
101088,218,735.500,3.374,2026-06-28 08:29:57.163683
101097,16,50.500,3.156,2026-06-28 08:29:57.163683
101106,72,274.500,3.813,2026-06-28 08:29:57.163683
101112,424,1263.500,2.980,2026-06-28 08:29:57.163683
101127,6,20.000,3.333,2026-06-28 08:29:57.163683
101137,79,252.000,3.190,2026-06-28 08:29:57.163683
101142,264,901.000,3.413,2026-06-28 08:29:57.163683
101148,5,16.000,3.200,2026-06-28 08:29:57.163683
101170,13,41.000,3.154,2026-06-28 08:29:57.163683
101180,10,26.500,2.650,2026-06-28 08:29:57.163683
101182,6,13.500,2.250,2026-06-28 08:29:57.163683
101186,35,123.000,3.514,2026-06-28 08:29:57.163683
101207,47,157.000,3.340,2026-06-28 08:29:57.163683
101210,16,50.500,3.156,2026-06-28 08:29:57.163683
101218,11,35.500,3.227,2026-06-28 08:29:57.163683
101220,5,15.500,3.100,2026-06-28 08:29:57.163683
101235,11,37.000,3.364,2026-06-28 08:29:57.163683
101243,6,18.000,3.000,2026-06-28 08:29:57.163683
101247,7,19.000,2.714,2026-06-28 08:29:57.163683
101258,5,14.000,2.800,2026-06-28 08:29:57.163683
101260,9,24.000,2.667,2026-06-28 08:29:57.163683
101262,13,42.500,3.269,2026-06-28 08:29:57.163683
101273,10,22.500,2.250,2026-06-28 08:29:57.163683
101281,53,163.000,3.075,2026-06-28 08:29:57.163683
101283,144,407.500,2.830,2026-06-28 08:29:57.163683
101285,251,761.000,3.032,2026-06-28 08:29:57.163683
101296,43,134.500,3.128,2026-06-28 08:29:57.163683
101322,5,14.500,2.900,2026-06-28 08:29:57.163683
101350,12,41.000,3.417,2026-06-28 08:29:57.163683
101352,5,15.000,3.000,2026-06-28 08:29:57.163683
101360,129,426.000,3.302,2026-06-28 08:29:57.163683
101362,301,945.500,3.141,2026-06-28 08:29:57.163683
101379,10,13.000,1.300,2026-06-28 08:29:57.163683
101413,12,41.500,3.458,2026-06-28 08:29:57.163683
101415,60,219.000,3.650,2026-06-28 08:29:57.163683
101425,13,50.000,3.846,2026-06-28 08:29:57.163683
101428,6,17.500,2.917,2026-06-28 08:29:57.163683
101476,6,18.500,3.083,2026-06-28 08:29:57.163683
101479,7,20.000,2.857,2026-06-28 08:29:57.163683
101498,59,220.500,3.737,2026-06-28 08:29:57.163683
101525,464,1703.500,3.671,2026-06-28 08:29:57.163683
101527,23,80.500,3.500,2026-06-28 08:29:57.163683
101529,44,149.500,3.398,2026-06-28 08:29:57.163683
101531,23,66.500,2.891,2026-06-28 08:29:57.163683
101577,126,382.500,3.036,2026-06-28 08:29:57.163683
101590,6,22.500,3.750,2026-06-28 08:29:57.163683
101597,7,27.500,3.929,2026-06-28 08:29:57.163683
101599,9,27.500,3.056,2026-06-28 08:29:57.163683
101612,111,314.000,2.829,2026-06-28 08:29:57.163683
101629,13,45.500,3.500,2026-06-28 08:29:57.163683
101640,9,27.500,3.056,2026-06-28 08:29:57.163683
101648,7,22.000,3.143,2026-06-28 08:29:57.163683
101670,8,27.000,3.375,2026-06-28 08:29:57.163683
101672,8,14.500,1.813,2026-06-28 08:29:57.163683
101687,24,69.500,2.896,2026-06-28 08:29:57.163683
101710,7,24.500,3.500,2026-06-28 08:29:57.163683
101713,5,19.000,3.800,2026-06-28 08:29:57.163683
101719,8,26.000,3.250,2026-06-28 08:29:57.163683
101739,164,519.000,3.165,2026-06-28 08:29:57.163683
101741,215,710.500,3.305,2026-06-28 08:29:57.163683
101756,5,14.000,2.800,2026-06-28 08:29:57.163683
101761,40,116.000,2.900,2026-06-28 08:29:57.163683
101763,17,58.500,3.441,2026-06-28 08:29:57.163683
101765,17,66.500,3.912,2026-06-28 08:29:57.163683
101770,7,23.500,3.357,2026-06-28 08:29:57.163683
101801,7,23.500,3.357,2026-06-28 08:29:57.163683
101827,5,12.500,2.500,2026-06-28 08:29:57.163683
101850,21,90.000,4.286,2026-06-28 08:29:57.163683
101857,5,19.000,3.800,2026-06-28 08:29:57.163683
101864,1084,3799.500,3.505,2026-06-28 08:29:57.163683
101870,7,21.000,3.000,2026-06-28 08:29:57.163683
101880,9,31.500,3.500,2026-06-28 08:29:57.163683
101884,6,10.500,1.750,2026-06-28 08:29:57.163683
101891,14,50.000,3.571,2026-06-28 08:29:57.163683
101893,47,144.000,3.064,2026-06-28 08:29:57.163683
101895,244,908.000,3.721,2026-06-28 08:29:57.163683
101904,19,71.500,3.763,2026-06-28 08:29:57.163683
101918,5,19.000,3.800,2026-06-28 08:29:57.163683
101926,10,34.000,3.400,2026-06-28 08:29:57.163683
101940,6,18.000,3.000,2026-06-28 08:29:57.163683
101942,30,99.000,3.300,2026-06-28 08:29:57.163683
101962,105,406.000,3.867,2026-06-28 08:29:57.163683
101964,10,36.000,3.600,2026-06-28 08:29:57.163683
101969,8,27.500,3.438,2026-06-28 08:29:57.163683
101971,14,49.500,3.536,2026-06-28 08:29:57.163683
101973,132,487.500,3.693,2026-06-28 08:29:57.163683
101975,6,12.500,2.083,2026-06-28 08:29:57.163683
101984,5,19.500,3.900,2026-06-28 08:29:57.163683
101997,60,123.500,2.058,2026-06-28 08:29:57.163683
102005,18,59.000,3.278,2026-06-28 08:29:57.163683
102007,18,48.000,2.667,2026-06-28 08:29:57.163683
102009,14,40.500,2.893,2026-06-28 08:29:57.163683
102033,222,690.500,3.110,2026-06-28 08:29:57.163683
102047,6,18.000,3.000,2026-06-28 08:29:57.163683
102051,19,53.500,2.816,2026-06-28 08:29:57.163683
102058,30,94.500,3.150,2026-06-28 08:29:57.163683
102060,30,98.000,3.267,2026-06-28 08:29:57.163683
102062,25,86.500,3.460,2026-06-28 08:29:57.163683
102066,26,80.000,3.077,2026-06-28 08:29:57.163683
102070,42,137.000,3.262,2026-06-28 08:29:57.163683
102072,44,138.500,3.148,2026-06-28 08:29:57.163683
102084,54,192.500,3.565,2026-06-28 08:29:57.163683
102088,76,235.000,3.092,2026-06-28 08:29:57.163683
102111,6,19.000,3.167,2026-06-28 08:29:57.163683
102115,5,13.500,2.700,2026-06-28 08:29:57.163683
102123,639,2125.500,3.326,2026-06-28 08:29:57.163683
102125,1862,6844.500,3.676,2026-06-28 08:29:57.163683
102127,8,28.500,3.563,2026-06-28 08:29:57.163683
102152,5,17.500,3.500,2026-06-28 08:29:57.163683
102154,32,101.000,3.156,2026-06-28 08:29:57.163683
102160,41,129.000,3.146,2026-06-28 08:29:57.163683
102165,22,61.500,2.795,2026-06-28 08:29:57.163683
102167,6,23.500,3.917,2026-06-28 08:29:57.163683
102190,5,8.500,1.700,2026-06-28 08:29:57.163683
102194,560,2087.500,3.728,2026-06-28 08:29:57.163683
102217,50,199.500,3.990,2026-06-28 08:29:57.163683
102231,19,68.500,3.605,2026-06-28 08:29:57.163683
102242,7,22.500,3.214,2026-06-28 08:29:57.163683
102245,10,37.500,3.750,2026-06-28 08:29:57.163683
102267,5,19.000,3.800,2026-06-28 08:29:57.163683
102278,11,34.000,3.091,2026-06-28 08:29:57.163683
102280,5,16.500,3.300,2026-06-28 08:29:57.163683
102286,15,41.500,2.767,2026-06-28 08:29:57.163683
102294,13,48.000,3.692,2026-06-28 08:29:57.163683
102299,5,19.000,3.800,2026-06-28 08:29:57.163683
102354,15,43.500,2.900,2026-06-28 08:29:57.163683
102356,11,32.500,2.955,2026-06-28 08:29:57.163683
102369,7,22.000,3.143,2026-06-28 08:29:57.163683
102378,13,44.000,3.385,2026-06-28 08:29:57.163683
102390,8,16.500,2.063,2026-06-28 08:29:57.163683
102396,10,31.500,3.150,2026-06-28 08:29:57.163683
102407,614,2127.500,3.465,2026-06-28 08:29:57.163683
102432,5,16.500,3.300,2026-06-28 08:29:57.163683
102445,1971,7518.000,3.814,2026-06-28 08:29:57.163683
102469,19,63.000,3.316,2026-06-28 08:29:57.163683
102479,5,18.000,3.600,2026-06-28 08:29:57.163683
102481,286,882.000,3.084,2026-06-28 08:29:57.163683
102517,7,25.500,3.643,2026-06-28 08:29:57.163683
102521,5,7.000,1.400,2026-06-28 08:29:57.163683
102533,8,26.000,3.250,2026-06-28 08:29:57.163683
102535,8,26.000,3.250,2026-06-28 08:29:57.163683
102588,85,309.000,3.635,2026-06-28 08:29:57.163683
102590,8,24.000,3.000,2026-06-28 08:29:57.163683
102602,9,30.500,3.389,2026-06-28 08:29:57.163683
102604,11,32.000,2.909,2026-06-28 08:29:57.163683
102660,7,21.500,3.071,2026-06-28 08:29:57.163683
102662,12,31.500,2.625,2026-06-28 08:29:57.163683
102666,27,105.500,3.907,2026-06-28 08:29:57.163683
102682,6,19.000,3.167,2026-06-28 08:29:57.163683
102684,167,509.000,3.048,2026-06-28 08:29:57.163683
102686,343,999.000,2.913,2026-06-28 08:29:57.163683
102716,284,940.500,3.312,2026-06-28 08:29:57.163683
102720,149,494.000,3.315,2026-06-28 08:29:57.163683
102735,7,17.000,2.429,2026-06-28 08:29:57.163683
102747,6,21.500,3.583,2026-06-28 08:29:57.163683
102753,116,438.000,3.776,2026-06-28 08:29:57.163683
102760,6,22.000,3.667,2026-06-28 08:29:57.163683
102792,68,254.500,3.743,2026-06-28 08:29:57.163683
102798,8,28.500,3.563,2026-06-28 08:29:57.163683
102800,256,961.500,3.756,2026-06-28 08:29:57.163683
102802,30,92.000,3.067,2026-06-28 08:29:57.163683
102819,127,432.500,3.406,2026-06-28 08:29:57.163683
102826,5,19.500,3.900,2026-06-28 08:29:57.163683
102848,5,12.000,2.400,2026-06-28 08:29:57.163683
102854,14,36.000,2.571,2026-06-28 08:29:57.163683
102856,6,20.000,3.333,2026-06-28 08:29:57.163683
102858,7,16.500,2.357,2026-06-28 08:29:57.163683
102876,6,16.000,2.667,2026-06-28 08:29:57.163683
102880,275,669.500,2.435,2026-06-28 08:29:57.163683
102903,844,2983.000,3.534,2026-06-28 08:29:57.163683
102905,50,155.500,3.110,2026-06-28 08:29:57.163683
102920,8,29.000,3.625,2026-06-28 08:29:57.163683
102922,17,49.500,2.912,2026-06-28 08:29:57.163683
102924,6,17.500,2.917,2026-06-28 08:29:57.163683
102941,14,47.500,3.393,2026-06-28 08:29:57.163683
102951,6,20.000,3.333,2026-06-28 08:29:57.163683
102956,9,30.500,3.389,2026-06-28 08:29:57.163683
102974,6,18.500,3.083,2026-06-28 08:29:57.163683
102978,7,20.500,2.929,2026-06-28 08:29:57.163683
102984,5,13.500,2.700,2026-06-28 08:29:57.163683
102989,6,23.000,3.833,2026-06-28 08:29:57.163683
102991,31,85.000,2.742,2026-06-28 08:29:57.163683
102993,410,1534.500,3.743,2026-06-28 08:29:57.163683
103017,20,71.000,3.550,2026-06-28 08:29:57.163683
103022,8,27.000,3.375,2026-06-28 08:29:57.163683
103027,98,347.000,3.541,2026-06-28 08:29:57.163683
103030,12,44.000,3.667,2026-06-28 08:29:57.163683
103042,1120,3798.000,3.391,2026-06-28 08:29:57.163683
103048,163,601.000,3.687,2026-06-28 08:29:57.163683
103055,53,144.000,2.717,2026-06-28 08:29:57.163683
103057,11,35.000,3.182,2026-06-28 08:29:57.163683
103059,23,78.000,3.391,2026-06-28 08:29:57.163683
103075,218,619.000,2.839,2026-06-28 08:29:57.163683
103081,7,26.500,3.786,2026-06-28 08:29:57.163683
103083,35,123.000,3.514,2026-06-28 08:29:57.163683
103085,20,47.500,2.375,2026-06-28 08:29:57.163683
103105,5,11.500,2.300,2026-06-28 08:29:57.163683
103107,85,308.000,3.624,2026-06-28 08:29:57.163683
103137,174,520.500,2.991,2026-06-28 08:29:57.163683
103141,740,2693.500,3.640,2026-06-28 08:29:57.163683
103150,6,18.500,3.083,2026-06-28 08:29:57.163683
103171,7,23.500,3.357,2026-06-28 08:29:57.163683
103190,5,14.000,2.800,2026-06-28 08:29:57.163683
103203,14,52.000,3.714,2026-06-28 08:29:57.163683
103208,9,30.000,3.333,2026-06-28 08:29:57.163683
103210,18,60.500,3.361,2026-06-28 08:29:57.163683
103219,43,132.500,3.081,2026-06-28 08:29:57.163683
103221,12,35.000,2.917,2026-06-28 08:29:57.163683
103228,1026,3424.000,3.337,2026-06-28 08:29:57.163683
103233,20,62.500,3.125,2026-06-28 08:29:57.163683
103235,135,522.000,3.867,2026-06-28 08:29:57.163683
103237,5,19.000,3.800,2026-06-28 08:29:57.163683
103249,954,3205.000,3.360,2026-06-28 08:29:57.163683
103253,944,3098.000,3.282,2026-06-28 08:29:57.163683
103255,34,115.500,3.397,2026-06-28 08:29:57.163683
103259,5,9.000,1.800,2026-06-28 08:29:57.163683
103269,6,20.000,3.333,2026-06-28 08:29:57.163683
103275,27,94.000,3.481,2026-06-28 08:29:57.163683
103277,18,61.500,3.417,2026-06-28 08:29:57.163683
103279,73,271.500,3.719,2026-06-28 08:29:57.163683
103288,6,19.500,3.250,2026-06-28 08:29:57.163683
103299,39,132.500,3.397,2026-06-28 08:29:57.163683
103301,5,7.500,1.500,2026-06-28 08:29:57.163683
103306,200,664.500,3.323,2026-06-28 08:29:57.163683
103308,5,13.500,2.700,2026-06-28 08:29:57.163683
103315,62,213.500,3.444,2026-06-28 08:29:57.163683
103319,21,75.000,3.571,2026-06-28 08:29:57.163683
103335,783,2929.000,3.741,2026-06-28 08:29:57.163683
103339,283,901.000,3.184,2026-06-28 08:29:57.163683
103341,662,2292.500,3.463,2026-06-28 08:29:57.163683
103363,5,16.000,3.200,2026-06-28 08:29:57.163683
103366,63,192.000,3.048,2026-06-28 08:29:57.163683
103372,317,1027.000,3.240,2026-06-28 08:29:57.163683
103384,326,988.000,3.031,2026-06-28 08:29:57.163683
103386,10,35.500,3.550,2026-06-28 08:29:57.163683
103437,5,15.500,3.100,2026-06-28 08:29:57.163683
103439,11,38.000,3.455,2026-06-28 08:29:57.163683
103444,43,158.000,3.674,2026-06-28 08:29:57.163683
103449,19,44.500,2.342,2026-06-28 08:29:57.163683
103452,7,24.000,3.429,2026-06-28 08:29:57.163683
103454,9,34.000,3.778,2026-06-28 08:29:57.163683
103465,7,24.000,3.429,2026-06-28 08:29:57.163683
103474,23,85.000,3.696,2026-06-28 08:29:57.163683
103483,49,152.500,3.112,2026-06-28 08:29:57.163683
103493,12,47.500,3.958,2026-06-28 08:29:57.163683
103506,6,16.500,2.750,2026-06-28 08:29:57.163683
103521,8,26.500,3.313,2026-06-28 08:29:57.163683
103525,6,18.500,3.083,2026-06-28 08:29:57.163683
103528,5,15.500,3.100,2026-06-28 08:29:57.163683
103534,5,18.000,3.600,2026-06-28 08:29:57.163683
103539,213,755.000,3.545,2026-06-28 08:29:57.163683
103541,45,151.000,3.356,2026-06-28 08:29:57.163683
103543,27,77.000,2.852,2026-06-28 08:29:57.163683
103547,5,5.500,1.100,2026-06-28 08:29:57.163683
103549,18,63.000,3.500,2026-06-28 08:29:57.163683
103554,52,180.500,3.471,2026-06-28 08:29:57.163683
103561,10,35.500,3.550,2026-06-28 08:29:57.163683
103572,10,38.000,3.800,2026-06-28 08:29:57.163683
103574,8,27.000,3.375,2026-06-28 08:29:57.163683
103596,85,148.500,1.747,2026-06-28 08:29:57.163683
103602,8,28.500,3.563,2026-06-28 08:29:57.163683
103606,97,356.500,3.675,2026-06-28 08:29:57.163683
103609,5,12.000,2.400,2026-06-28 08:29:57.163683
103621,33,113.500,3.439,2026-06-28 08:29:57.163683
103624,139,501.500,3.608,2026-06-28 08:29:57.163683
103639,25,89.500,3.580,2026-06-28 08:29:57.163683
103651,10,30.500,3.050,2026-06-28 08:29:57.163683
103655,155,414.500,2.674,2026-06-28 08:29:57.163683
103657,5,12.000,2.400,2026-06-28 08:29:57.163683
103659,107,390.500,3.650,2026-06-28 08:29:57.163683
103661,7,22.500,3.214,2026-06-28 08:29:57.163683
103665,14,49.000,3.500,2026-06-28 08:29:57.163683
103667,12,40.000,3.333,2026-06-28 08:29:57.163683
103669,30,80.500,2.683,2026-06-28 08:29:57.163683
103685,28,85.500,3.054,2026-06-28 08:29:57.163683
103688,451,1615.000,3.581,2026-06-28 08:29:57.163683
103721,21,57.500,2.738,2026-06-28 08:29:57.163683
103723,20,36.000,1.800,2026-06-28 08:29:57.163683
103727,61,168.000,2.754,2026-06-28 08:29:57.163683
103736,20,66.000,3.300,2026-06-28 08:29:57.163683
103745,5,15.500,3.100,2026-06-28 08:29:57.163683
103749,5,15.500,3.100,2026-06-28 08:29:57.163683
103751,9,33.500,3.722,2026-06-28 08:29:57.163683
103755,90,262.500,2.917,2026-06-28 08:29:57.163683
103772,645,2088.000,3.237,2026-06-28 08:29:57.163683
103776,5,18.500,3.700,2026-06-28 08:29:57.163683
103784,7,24.500,3.500,2026-06-28 08:29:57.163683
103792,9,32.500,3.611,2026-06-28 08:29:57.163683
103798,11,36.500,3.318,2026-06-28 08:29:57.163683
103801,134,437.500,3.265,2026-06-28 08:29:57.163683
103808,11,33.000,3.000,2026-06-28 08:29:57.163683
103810,294,987.000,3.357,2026-06-28 08:29:57.163683
103813,11,31.500,2.864,2026-06-28 08:29:57.163683
103816,17,58.000,3.412,2026-06-28 08:29:57.163683
103819,17,53.500,3.147,2026-06-28 08:29:57.163683
103825,9,18.000,2.000,2026-06-28 08:29:57.163683
103834,6,20.000,3.333,2026-06-28 08:29:57.163683
103849,22,82.000,3.727,2026-06-28 08:29:57.163683
103867,35,127.000,3.629,2026-06-28 08:29:57.163683
103883,228,730.000,3.202,2026-06-28 08:29:57.163683
103908,5,9.000,1.800,2026-06-28 08:29:57.163683
103972,9,28.000,3.111,2026-06-28 08:29:57.163683
103974,5,17.500,3.500,2026-06-28 08:29:57.163683
103980,552,1991.000,3.607,2026-06-28 08:29:57.163683
103982,18,46.000,2.556,2026-06-28 08:29:57.163683
103984,177,679.000,3.836,2026-06-28 08:29:57.163683
103996,20,43.500,2.175,2026-06-28 08:29:57.163683
104050,5,13.000,2.600,2026-06-28 08:29:57.163683
104064,5,16.000,3.200,2026-06-28 08:29:57.163683
104069,284,1147.500,4.040,2026-06-28 08:29:57.163683
104072,10,35.500,3.550,2026-06-28 08:29:57.163683
104074,123,334.000,2.715,2026-06-28 08:29:57.163683
104076,43,97.500,2.267,2026-06-28 08:29:57.163683
104078,124,437.500,3.528,2026-06-28 08:29:57.163683
104085,5,16.500,3.300,2026-06-28 08:29:57.163683
104089,28,90.000,3.214,2026-06-28 08:29:57.163683
104093,16,58.000,3.625,2026-06-28 08:29:57.163683
104097,12,35.500,2.958,2026-06-28 08:29:57.163683
104099,6,17.500,2.917,2026-06-28 08:29:57.163683
104123,10,20.500,2.050,2026-06-28 08:29:57.163683
104129,39,123.000,3.154,2026-06-28 08:29:57.163683
104135,5,16.000,3.200,2026-06-28 08:29:57.163683
104137,40,131.000,3.275,2026-06-28 08:29:57.163683
104141,16,51.000,3.188,2026-06-28 08:29:57.163683
104144,21,57.500,2.738,2026-06-28 08:29:57.163683
104177,8,29.500,3.688,2026-06-28 08:29:57.163683
104211,471,1615.000,3.429,2026-06-28 08:29:57.163683
104218,89,205.500,2.309,2026-06-28 08:29:57.163683
104231,27,92.000,3.407,2026-06-28 08:29:57.163683
104241,417,1363.500,3.270,2026-06-28 08:29:57.163683
104243,307,949.500,3.093,2026-06-28 08:29:57.163683
104245,83,237.500,2.861,2026-06-28 08:29:57.163683
104247,6,19.000,3.167,2026-06-28 08:29:57.163683
104272,225,844.500,3.753,2026-06-28 08:29:57.163683
104274,47,125.000,2.660,2026-06-28 08:29:57.163683
104280,5,16.500,3.300,2026-06-28 08:29:57.163683
104283,161,603.500,3.748,2026-06-28 08:29:57.163683
104298,7,18.000,2.571,2026-06-28 08:29:57.163683
104303,144,445.000,3.090,2026-06-28 08:29:57.163683
104312,95,270.500,2.847,2026-06-28 08:29:57.163683
104319,7,26.000,3.714,2026-06-28 08:29:57.163683
104321,13,43.500,3.346,2026-06-28 08:29:57.163683
104323,20,65.000,3.250,2026-06-28 08:29:57.163683
104337,218,772.500,3.544,2026-06-28 08:29:57.163683
104339,145,506.000,3.490,2026-06-28 08:29:57.163683
104350,13,50.500,3.885,2026-06-28 08:29:57.163683
104356,14,48.500,3.464,2026-06-28 08:29:57.163683
104361,38,123.000,3.237,2026-06-28 08:29:57.163683
104374,728,2851.000,3.916,2026-06-28 08:29:57.163683
104379,9,29.000,3.222,2026-06-28 08:29:57.163683
104384,9,31.500,3.500,2026-06-28 08:29:57.163683
104386,7,25.000,3.571,2026-06-28 08:29:57.163683
104406,20,71.500,3.575,2026-06-28 08:29:57.163683
104419,48,164.500,3.427,2026-06-28 08:29:57.163683
104421,7,25.000,3.571,2026-06-28 08:29:57.163683
104423,8,31.000,3.875,2026-06-28 08:29:57.163683
104431,8,21.500,2.688,2026-06-28 08:29:57.163683
104441,80,257.000,3.213,2026-06-28 08:29:57.163683
104457,97,295.000,3.041,2026-06-28 08:29:57.163683
104513,5,12.000,2.400,2026-06-28 08:29:57.163683
104518,8,23.000,2.875,2026-06-28 08:29:57.163683
104520,20,72.500,3.625,2026-06-28 08:29:57.163683
104552,7,18.000,2.571,2026-06-28 08:29:57.163683
104561,5,15.500,3.100,2026-06-28 08:29:57.163683
104576,8,23.000,2.875,2026-06-28 08:29:57.163683
104583,14,44.500,3.179,2026-06-28 08:29:57.163683
104601,5,12.500,2.500,2026-06-28 08:29:57.163683
104631,35,108.000,3.086,2026-06-28 08:29:57.163683
104636,15,63.500,4.233,2026-06-28 08:29:57.163683
104638,5,9.500,1.900,2026-06-28 08:29:57.163683
104669,7,23.000,3.286,2026-06-28 08:29:57.163683
104671,5,9.000,1.800,2026-06-28 08:29:57.163683
104685,9,26.000,2.889,2026-06-28 08:29:57.163683
104712,31,114.000,3.677,2026-06-28 08:29:57.163683
104726,5,17.500,3.500,2026-06-28 08:29:57.163683
104728,9,17.000,1.889,2026-06-28 08:29:57.163683
104736,36,111.500,3.097,2026-06-28 08:29:57.163683
104757,10,35.000,3.500,2026-06-28 08:29:57.163683
104760,20,38.500,1.925,2026-06-28 08:29:57.163683
104762,9,24.500,2.722,2026-06-28 08:29:57.163683
104780,6,21.500,3.583,2026-06-28 08:29:57.163683
104803,8,29.500,3.688,2026-06-28 08:29:57.163683
104807,9,33.000,3.667,2026-06-28 08:29:57.163683
104829,6,24.500,4.083,2026-06-28 08:29:57.163683
104841,2475,9283.500,3.751,2026-06-28 08:29:57.163683
104843,7,20.500,2.929,2026-06-28 08:29:57.163683
104861,9,27.000,3.000,2026-06-28 08:29:57.163683
104863,70,240.000,3.429,2026-06-28 08:29:57.163683
104875,18,63.500,3.528,2026-06-28 08:29:57.163683
104879,895,3509.500,3.921,2026-06-28 08:29:57.163683
104881,113,362.000,3.204,2026-06-28 08:29:57.163683
104883,18,55.500,3.083,2026-06-28 08:29:57.163683
104903,8,30.000,3.750,2026-06-28 08:29:57.163683
104906,49,157.000,3.204,2026-06-28 08:29:57.163683
104908,125,410.500,3.284,2026-06-28 08:29:57.163683
104913,810,3173.000,3.917,2026-06-28 08:29:57.163683
104923,8,29.500,3.688,2026-06-28 08:29:57.163683
104925,124,370.000,2.984,2026-06-28 08:29:57.163683
104944,237,930.000,3.924,2026-06-28 08:29:57.163683
104947,8,25.000,3.125,2026-06-28 08:29:57.163683
104975,9,30.500,3.389,2026-06-28 08:29:57.163683
104984,6,18.000,3.000,2026-06-28 08:29:57.163683
104998,11,40.500,3.682,2026-06-28 08:29:57.163683
105001,6,22.000,3.667,2026-06-28 08:29:57.163683
105028,12,41.000,3.417,2026-06-28 08:29:57.163683
105034,6,23.000,3.833,2026-06-28 08:29:57.163683
105037,79,240.500,3.044,2026-06-28 08:29:57.163683
105040,5,12.500,2.500,2026-06-28 08:29:57.163683
105053,17,56.500,3.324,2026-06-28 08:29:57.163683
105075,11,37.500,3.409,2026-06-28 08:29:57.163683
105086,5,11.500,2.300,2026-06-28 08:29:57.163683
105089,6,21.500,3.583,2026-06-28 08:29:57.163683
105091,8,24.000,3.000,2026-06-28 08:29:57.163683
105121,7,17.000,2.429,2026-06-28 08:29:57.163683
105126,18,58.500,3.250,2026-06-28 08:29:57.163683
105128,5,18.500,3.700,2026-06-28 08:29:57.163683
105130,10,37.000,3.700,2026-06-28 08:29:57.163683
105133,9,25.000,2.778,2026-06-28 08:29:57.163683
105157,6,20.000,3.333,2026-06-28 08:29:57.163683
105159,16,58.000,3.625,2026-06-28 08:29:57.163683
105193,6,21.000,3.500,2026-06-28 08:29:57.163683
105195,9,31.000,3.444,2026-06-28 08:29:57.163683
105197,370,1371.000,3.705,2026-06-28 08:29:57.163683
105206,5,17.500,3.500,2026-06-28 08:29:57.163683
105211,201,689.500,3.430,2026-06-28 08:29:57.163683
105213,406,1341.500,3.304,2026-06-28 08:29:57.163683
105217,9,26.000,2.889,2026-06-28 08:29:57.163683
105227,5,18.500,3.700,2026-06-28 08:29:57.163683
105246,33,120.000,3.636,2026-06-28 08:29:57.163683
105248,21,69.500,3.310,2026-06-28 08:29:57.163683
105250,43,169.000,3.930,2026-06-28 08:29:57.163683
105254,28,94.000,3.357,2026-06-28 08:29:57.163683
105266,5,13.000,2.600,2026-06-28 08:29:57.163683
105269,5,17.000,3.400,2026-06-28 08:29:57.163683
105325,13,33.000,2.538,2026-06-28 08:29:57.163683
105340,6,23.000,3.833,2026-06-28 08:29:57.163683
105345,7,15.500,2.214,2026-06-28 08:29:57.163683
105351,71,203.000,2.859,2026-06-28 08:29:57.163683
105355,356,1366.000,3.837,2026-06-28 08:29:57.163683
105364,7,27.500,3.929,2026-06-28 08:29:57.163683
105375,9,29.500,3.278,2026-06-28 08:29:57.163683
105386,23,64.500,2.804,2026-06-28 08:29:57.163683
105404,6,18.500,3.083,2026-06-28 08:29:57.163683
105420,31,109.500,3.532,2026-06-28 08:29:57.163683
105429,33,124.000,3.758,2026-06-28 08:29:57.163683
105468,117,375.500,3.209,2026-06-28 08:29:57.163683
105477,6,15.500,2.583,2026-06-28 08:29:57.163683
105504,1119,4297.500,3.840,2026-06-28 08:29:57.163683
105509,11,38.500,3.500,2026-06-28 08:29:57.163683
105519,22,67.000,3.045,2026-06-28 08:29:57.163683
105531,25,81.500,3.260,2026-06-28 08:29:57.163683
105554,5,14.500,2.900,2026-06-28 08:29:57.163683
105579,5,5.000,1.000,2026-06-28 08:29:57.163683
105585,99,294.000,2.970,2026-06-28 08:29:57.163683
105593,134,457.000,3.410,2026-06-28 08:29:57.163683
105597,7,24.000,3.429,2026-06-28 08:29:57.163683
105608,5,14.500,2.900,2026-06-28 08:29:57.163683
105620,14,42.000,3.000,2026-06-28 08:29:57.163683
105622,5,13.000,2.600,2026-06-28 08:29:57.163683
105653,255,805.000,3.157,2026-06-28 08:29:57.163683
105703,18,65.000,3.611,2026-06-28 08:29:57.163683
105715,5,15.500,3.100,2026-06-28 08:29:57.163683
105731,137,373.000,2.723,2026-06-28 08:29:57.163683
105742,47,148.500,3.160,2026-06-28 08:29:57.163683
105746,11,29.500,2.682,2026-06-28 08:29:57.163683
105753,5,15.500,3.100,2026-06-28 08:29:57.163683
105755,115,288.500,2.509,2026-06-28 08:29:57.163683
105759,7,13.500,1.929,2026-06-28 08:29:57.163683
105769,48,163.000,3.396,2026-06-28 08:29:57.163683
105799,16,51.000,3.188,2026-06-28 08:29:57.163683
105801,25,64.000,2.560,2026-06-28 08:29:57.163683
105811,6,15.000,2.500,2026-06-28 08:29:57.163683
105813,8,21.500,2.688,2026-06-28 08:29:57.163683
105825,5,18.500,3.700,2026-06-28 08:29:57.163683
105835,90,308.500,3.428,2026-06-28 08:29:57.163683
105837,5,16.500,3.300,2026-06-28 08:29:57.163683
105844,1055,4111.500,3.897,2026-06-28 08:29:57.163683
105855,5,14.000,2.800,2026-06-28 08:29:57.163683
105863,10,32.000,3.200,2026-06-28 08:29:57.163683
105869,56,183.000,3.268,2026-06-28 08:29:57.163683
105911,18,60.500,3.361,2026-06-28 08:29:57.163683
105928,5,16.500,3.300,2026-06-28 08:29:57.163683
105943,14,51.000,3.643,2026-06-28 08:29:57.163683
105945,6,14.500,2.417,2026-06-28 08:29:57.163683
105952,7,26.000,3.714,2026-06-28 08:29:57.163683
105954,193,674.500,3.495,2026-06-28 08:29:57.163683
105965,5,14.500,2.900,2026-06-28 08:29:57.163683
105968,6,19.500,3.250,2026-06-28 08:29:57.163683
105987,9,28.500,3.167,2026-06-28 08:29:57.163683
106002,662,2253.500,3.404,2026-06-28 08:29:57.163683
106011,32,118.500,3.703,2026-06-28 08:29:57.163683
106022,60,214.000,3.567,2026-06-28 08:29:57.163683
106030,72,199.500,2.771,2026-06-28 08:29:57.163683
106062,128,381.500,2.980,2026-06-28 08:29:57.163683
106072,886,3103.000,3.502,2026-06-28 08:29:57.163683
106100,1020,3974.000,3.896,2026-06-28 08:29:57.163683
106102,19,54.500,2.868,2026-06-28 08:29:57.163683
106109,5,19.000,3.800,2026-06-28 08:29:57.163683
106111,14,49.500,3.536,2026-06-28 08:29:57.163683
106138,7,18.500,2.643,2026-06-28 08:29:57.163683
106144,31,113.000,3.645,2026-06-28 08:29:57.163683
106156,8,28.500,3.563,2026-06-28 08:29:57.163683
106163,25,88.000,3.520,2026-06-28 08:29:57.163683
106165,13,45.500,3.500,2026-06-28 08:29:57.163683
106195,53,171.000,3.226,2026-06-28 08:29:57.163683
106197,25,73.500,2.940,2026-06-28 08:29:57.163683
106200,17,44.500,2.618,2026-06-28 08:29:57.163683
106204,17,64.500,3.794,2026-06-28 08:29:57.163683
106210,5,16.500,3.300,2026-06-28 08:29:57.163683
106212,6,19.000,3.167,2026-06-28 08:29:57.163683
106214,5,19.000,3.800,2026-06-28 08:29:57.163683
106220,16,58.000,3.625,2026-06-28 08:29:57.163683
106222,12,43.000,3.583,2026-06-28 08:29:57.163683
106234,14,45.000,3.214,2026-06-28 08:29:57.163683
106236,13,44.000,3.385,2026-06-28 08:29:57.163683
106240,35,87.500,2.500,2026-06-28 08:29:57.163683
106243,5,10.000,2.000,2026-06-28 08:29:57.163683
106254,10,32.500,3.250,2026-06-28 08:29:57.163683
106326,5,19.000,3.800,2026-06-28 08:29:57.163683
106330,152,478.500,3.148,2026-06-28 08:29:57.163683
106332,27,95.500,3.537,2026-06-28 08:29:57.163683
106344,9,23.000,2.556,2026-06-28 08:29:57.163683
106365,5,14.500,2.900,2026-06-28 08:29:57.163683
106374,5,18.000,3.600,2026-06-28 08:29:57.163683
106407,8,29.500,3.688,2026-06-28 08:29:57.163683
106421,6,19.000,3.167,2026-06-28 08:29:57.163683
106438,418,1613.500,3.860,2026-06-28 08:29:57.163683
106441,207,748.500,3.616,2026-06-28 08:29:57.163683
106443,6,20.000,3.333,2026-06-28 08:29:57.163683
106452,89,331.500,3.725,2026-06-28 08:29:57.163683
106464,7,22.000,3.143,2026-06-28 08:29:57.163683
106471,13,45.000,3.462,2026-06-28 08:29:57.163683
106473,8,31.000,3.875,2026-06-28 08:29:57.163683
106487,1873,6971.500,3.722,2026-06-28 08:29:57.163683
106489,1645,6139.000,3.732,2026-06-28 08:29:57.163683
106491,226,676.500,2.993,2026-06-28 08:29:57.163683
106503,18,69.500,3.861,2026-06-28 08:29:57.163683
106508,20,58.000,2.900,2026-06-28 08:29:57.163683
106510,7,24.500,3.500,2026-06-28 08:29:57.163683
106540,99,293.000,2.960,2026-06-28 08:29:57.163683
106542,22,78.000,3.545,2026-06-28 08:29:57.163683
106561,6,17.000,2.833,2026-06-28 08:29:57.163683
106590,10,20.000,2.000,2026-06-28 08:29:57.163683
106594,5,19.500,3.900,2026-06-28 08:29:57.163683
106614,5,15.000,3.000,2026-06-28 08:29:57.163683
106624,9,29.500,3.278,2026-06-28 08:29:57.163683
106642,417,1633.500,3.917,2026-06-28 08:29:57.163683
106646,10,34.500,3.450,2026-06-28 08:29:57.163683
106696,1164,4314.000,3.706,2026-06-28 08:29:57.163683
106727,5,17.500,3.500,2026-06-28 08:29:57.163683
106739,5,11.500,2.300,2026-06-28 08:29:57.163683
106749,23,84.500,3.674,2026-06-28 08:29:57.163683
106751,10,35.000,3.500,2026-06-28 08:29:57.163683
106762,29,105.500,3.638,2026-06-28 08:29:57.163683
106766,459,1700.500,3.705,2026-06-28 08:29:57.163683
106782,2031,7699.000,3.791,2026-06-28 08:29:57.163683
106785,93,308.500,3.317,2026-06-28 08:29:57.163683
106839,45,149.500,3.322,2026-06-28 08:29:57.163683
106841,186,649.500,3.492,2026-06-28 08:29:57.163683
106850,7,25.500,3.643,2026-06-28 08:29:57.163683
106852,7,24.500,3.500,2026-06-28 08:29:57.163683
106861,8,29.500,3.688,2026-06-28 08:29:57.163683
106863,6,23.500,3.917,2026-06-28 08:29:57.163683
106870,14,39.000,2.786,2026-06-28 08:29:57.163683
106873,21,67.000,3.190,2026-06-28 08:29:57.163683
106879,5,8.000,1.600,2026-06-28 08:29:57.163683
106881,6,20.000,3.333,2026-06-28 08:29:57.163683
106883,13,31.000,2.385,2026-06-28 08:29:57.163683
106889,55,209.500,3.809,2026-06-28 08:29:57.163683
106892,9,31.000,3.444,2026-06-28 08:29:57.163683
106906,5,15.000,3.000,2026-06-28 08:29:57.163683
106910,5,8.000,1.600,2026-06-28 08:29:57.163683
106916,1199,4401.000,3.671,2026-06-28 08:29:57.163683
106918,703,2569.000,3.654,2026-06-28 08:29:57.163683
106920,1800,7023.500,3.902,2026-06-28 08:29:57.163683
106922,6,21.500,3.583,2026-06-28 08:29:57.163683
106924,6,22.500,3.750,2026-06-28 08:29:57.163683
106927,6,20.000,3.333,2026-06-28 08:29:57.163683
106983,37,133.500,3.608,2026-06-28 08:29:57.163683
107000,11,43.000,3.909,2026-06-28 08:29:57.163683
107002,9,29.500,3.278,2026-06-28 08:29:57.163683
107004,6,17.000,2.833,2026-06-28 08:29:57.163683
107017,18,59.000,3.278,2026-06-28 08:29:57.163683
107024,22,81.000,3.682,2026-06-28 08:29:57.163683
107042,22,80.500,3.659,2026-06-28 08:29:57.163683
107052,17,62.500,3.676,2026-06-28 08:29:57.163683
107057,21,76.000,3.619,2026-06-28 08:29:57.163683
107069,320,1143.500,3.573,2026-06-28 08:29:57.163683
107081,7,26.500,3.786,2026-06-28 08:29:57.163683
107083,8,24.500,3.063,2026-06-28 08:29:57.163683
107117,21,69.500,3.310,2026-06-28 08:29:57.163683
107130,15,57.500,3.833,2026-06-28 08:29:57.163683
107137,18,58.500,3.250,2026-06-28 08:29:57.163683
107141,479,1778.000,3.712,2026-06-28 08:29:57.163683
107161,5,17.500,3.500,2026-06-28 08:29:57.163683
107188,5,18.000,3.600,2026-06-28 08:29:57.163683
107196,25,89.000,3.560,2026-06-28 08:29:57.163683
107264,7,23.500,3.357,2026-06-28 08:29:57.163683
107299,11,28.000,2.545,2026-06-28 08:29:57.163683
107302,5,10.000,2.000,2026-06-28 08:29:57.163683
107304,7,22.000,3.143,2026-06-28 08:29:57.163683
107309,6,19.500,3.250,2026-06-28 08:29:57.163683
107312,11,27.500,2.500,2026-06-28 08:29:57.163683
107314,84,243.000,2.893,2026-06-28 08:29:57.163683
107334,6,20.000,3.333,2026-06-28 08:29:57.163683
107348,343,1048.000,3.055,2026-06-28 08:29:57.163683
107350,5,16.500,3.300,2026-06-28 08:29:57.163683
107352,5,16.500,3.300,2026-06-28 08:29:57.163683
107354,5,12.500,2.500,2026-06-28 08:29:57.163683
107357,6,18.000,3.000,2026-06-28 08:29:57.163683
107359,6,22.000,3.667,2026-06-28 08:29:57.163683
107368,12,39.000,3.250,2026-06-28 08:29:57.163683
107380,7,24.000,3.429,2026-06-28 08:29:57.163683
107400,7,23.000,3.286,2026-06-28 08:29:57.163683
107406,541,1863.000,3.444,2026-06-28 08:29:57.163683
107410,15,63.000,4.200,2026-06-28 08:29:57.163683
107412,5,17.500,3.500,2026-06-28 08:29:57.163683
107436,23,75.500,3.283,2026-06-28 08:29:57.163683
107445,7,21.500,3.071,2026-06-28 08:29:57.163683
107447,11,29.500,2.682,2026-06-28 08:29:57.163683
107462,12,35.000,2.917,2026-06-28 08:29:57.163683
107537,7,23.500,3.357,2026-06-28 08:29:57.163683
107539,6,20.500,3.417,2026-06-28 08:29:57.163683
107541,14,41.500,2.964,2026-06-28 08:29:57.163683
107555,5,20.500,4.100,2026-06-28 08:29:57.163683
107557,6,13.500,2.250,2026-06-28 08:29:57.163683
107559,8,26.500,3.313,2026-06-28 08:29:57.163683
107563,10,28.500,2.850,2026-06-28 08:29:57.163683
107565,14,50.500,3.607,2026-06-28 08:29:57.163683
107627,29,102.500,3.534,2026-06-28 08:29:57.163683
107630,5,15.500,3.100,2026-06-28 08:29:57.163683
107649,23,86.500,3.761,2026-06-28 08:29:57.163683
107653,10,37.000,3.700,2026-06-28 08:29:57.163683
107675,7,22.000,3.143,2026-06-28 08:29:57.163683
107677,9,26.000,2.889,2026-06-28 08:29:57.163683
107684,5,13.000,2.600,2026-06-28 08:29:57.163683
107700,9,30.500,3.389,2026-06-28 08:29:57.163683
107702,44,134.500,3.057,2026-06-28 08:29:57.163683
107704,11,6.500,0.591,2026-06-28 08:29:57.163683
107707,9,27.500,3.056,2026-06-28 08:29:57.163683
107710,6,22.500,3.750,2026-06-28 08:29:57.163683
107718,27,95.000,3.519,2026-06-28 08:29:57.163683
107723,6,19.500,3.250,2026-06-28 08:29:57.163683
107725,6,24.000,4.000,2026-06-28 08:29:57.163683
107737,14,41.000,2.929,2026-06-28 08:29:57.163683
107743,5,18.000,3.600,2026-06-28 08:29:57.163683
107756,20,54.000,2.700,2026-06-28 08:29:57.163683
107769,33,83.500,2.530,2026-06-28 08:29:57.163683
107771,225,822.500,3.656,2026-06-28 08:29:57.163683
107780,7,25.000,3.571,2026-06-28 08:29:57.163683
107883,72,273.500,3.799,2026-06-28 08:29:57.163683
107885,5,17.500,3.500,2026-06-28 08:29:57.163683
107890,6,18.500,3.083,2026-06-28 08:29:57.163683
107901,5,18.000,3.600,2026-06-28 08:29:57.163683
107910,18,64.500,3.583,2026-06-28 08:29:57.163683
107914,5,12.000,2.400,2026-06-28 08:29:57.163683
107916,17,54.000,3.176,2026-06-28 08:29:57.163683
107949,25,77.500,3.100,2026-06-28 08:29:57.163683
107953,19,62.500,3.289,2026-06-28 08:29:57.163683
107958,5,9.000,1.800,2026-06-28 08:29:57.163683
107978,54,208.500,3.861,2026-06-28 08:29:57.163683
107980,67,233.500,3.485,2026-06-28 08:29:57.163683
107987,13,31.500,2.423,2026-06-28 08:29:57.163683
107997,29,93.000,3.207,2026-06-28 08:29:57.163683
108041,14,48.500,3.464,2026-06-28 08:29:57.163683
108043,13,43.000,3.308,2026-06-28 08:29:57.163683
108078,23,82.000,3.565,2026-06-28 08:29:57.163683
108085,13,39.000,3.000,2026-06-28 08:29:57.163683
108088,5,17.000,3.400,2026-06-28 08:29:57.163683
108095,5,18.000,3.600,2026-06-28 08:29:57.163683
108143,14,41.000,2.929,2026-06-28 08:29:57.163683
108149,7,26.500,3.786,2026-06-28 08:29:57.163683
108156,54,159.500,2.954,2026-06-28 08:29:57.163683
108158,7,22.500,3.214,2026-06-28 08:29:57.163683
108188,225,698.000,3.102,2026-06-28 08:29:57.163683
108190,623,2114.000,3.393,2026-06-28 08:29:57.163683
108192,50,180.500,3.610,2026-06-28 08:29:57.163683
108200,9,21.500,2.389,2026-06-28 08:29:57.163683
108212,5,17.000,3.400,2026-06-28 08:29:57.163683
108216,5,18.500,3.700,2026-06-28 08:29:57.163683
108220,22,74.500,3.386,2026-06-28 08:29:57.163683
108243,13,27.000,2.077,2026-06-28 08:29:57.163683
108255,5,17.500,3.500,2026-06-28 08:29:57.163683
108280,8,20.500,2.563,2026-06-28 08:29:57.163683
108285,8,25.000,3.125,2026-06-28 08:29:57.163683
108289,8,25.000,3.125,2026-06-28 08:29:57.163683
108318,8,26.500,3.313,2026-06-28 08:29:57.163683
108501,52,178.500,3.433,2026-06-28 08:29:57.163683
108506,8,27.000,3.375,2026-06-28 08:29:57.163683
108508,7,21.500,3.071,2026-06-28 08:29:57.163683
108514,8,32.000,4.000,2026-06-28 08:29:57.163683
108518,5,12.000,2.400,2026-06-28 08:29:57.163683
108540,39,139.500,3.577,2026-06-28 08:29:57.163683
108551,5,17.500,3.500,2026-06-28 08:29:57.163683
108566,6,26.000,4.333,2026-06-28 08:29:57.163683
108571,16,53.500,3.344,2026-06-28 08:29:57.163683
108575,14,44.500,3.179,2026-06-28 08:29:57.163683
108579,5,16.500,3.300,2026-06-28 08:29:57.163683
108599,5,11.000,2.200,2026-06-28 08:29:57.163683
108647,5,15.500,3.100,2026-06-28 08:29:57.163683
108660,12,45.000,3.750,2026-06-28 08:29:57.163683
108689,86,211.000,2.453,2026-06-28 08:29:57.163683
108709,52,198.500,3.817,2026-06-28 08:29:57.163683
108715,27,92.000,3.407,2026-06-28 08:29:57.163683
108727,198,710.000,3.586,2026-06-28 08:29:57.163683
108729,156,527.500,3.381,2026-06-28 08:29:57.163683
108760,19,60.000,3.158,2026-06-28 08:29:57.163683
108778,25,89.500,3.580,2026-06-28 08:29:57.163683
108780,54,181.500,3.361,2026-06-28 08:29:57.163683
108787,12,47.500,3.958,2026-06-28 08:29:57.163683
108791,7,23.000,3.286,2026-06-28 08:29:57.163683
108795,18,56.500,3.139,2026-06-28 08:29:57.163683
108797,12,36.000,3.000,2026-06-28 08:29:57.163683
108825,23,80.000,3.478,2026-06-28 08:29:57.163683
108864,9,26.500,2.944,2026-06-28 08:29:57.163683
108899,28,88.000,3.143,2026-06-28 08:29:57.163683
108928,283,858.000,3.032,2026-06-28 08:29:57.163683
108932,1181,4429.500,3.751,2026-06-28 08:29:57.163683
108940,6,18.000,3.000,2026-06-28 08:29:57.163683
108945,370,1095.000,2.959,2026-06-28 08:29:57.163683
108949,47,157.500,3.351,2026-06-28 08:29:57.163683
108977,26,94.500,3.635,2026-06-28 08:29:57.163683
108979,177,715.500,4.042,2026-06-28 08:29:57.163683
108981,155,544.000,3.510,2026-06-28 08:29:57.163683
108983,90,349.000,3.878,2026-06-28 08:29:57.163683
109000,5,18.500,3.700,2026-06-28 08:29:57.163683
109004,7,23.000,3.286,2026-06-28 08:29:57.163683
109042,39,113.500,2.910,2026-06-28 08:29:57.163683
109064,5,15.000,3.000,2026-06-28 08:29:57.163683
109072,49,135.500,2.765,2026-06-28 08:29:57.163683
109074,7,18.000,2.571,2026-06-28 08:29:57.163683
109151,5,16.500,3.300,2026-06-28 08:29:57.163683
109155,10,33.000,3.300,2026-06-28 08:29:57.163683
109157,39,130.500,3.346,2026-06-28 08:29:57.163683
109161,35,130.000,3.714,2026-06-28 08:29:57.163683
109181,26,81.000,3.115,2026-06-28 08:29:57.163683
109183,11,36.000,3.273,2026-06-28 08:29:57.163683
109187,88,273.000,3.102,2026-06-28 08:29:57.163683
109189,16,55.000,3.438,2026-06-28 08:29:57.163683
109191,56,171.500,3.063,2026-06-28 08:29:57.163683
109197,6,16.000,2.667,2026-06-28 08:29:57.163683
109199,9,28.500,3.167,2026-06-28 08:29:57.163683
109205,5,15.500,3.100,2026-06-28 08:29:57.163683
109243,57,196.000,3.439,2026-06-28 08:29:57.163683
109280,14,48.500,3.464,2026-06-28 08:29:57.163683
109295,10,28.500,2.850,2026-06-28 08:29:57.163683
109317,10,27.000,2.700,2026-06-28 08:29:57.163683
109321,12,40.000,3.333,2026-06-28 08:29:57.163683
109323,5,13.000,2.600,2026-06-28 08:29:57.163683
109330,10,38.000,3.800,2026-06-28 08:29:57.163683
109364,8,27.500,3.438,2026-06-28 08:29:57.163683
109368,5,11.000,2.200,2026-06-28 08:29:57.163683
109372,17,52.000,3.059,2026-06-28 08:29:57.163683
109374,2230,8902.500,3.992,2026-06-28 08:29:57.163683
109376,24,77.000,3.208,2026-06-28 08:29:57.163683
109383,5,14.000,2.800,2026-06-28 08:29:57.163683
109388,6,20.500,3.417,2026-06-28 08:29:57.163683
109390,5,17.000,3.400,2026-06-28 08:29:57.163683
109416,5,16.500,3.300,2026-06-28 08:29:57.163683
109420,20,62.500,3.125,2026-06-28 08:29:57.163683
109423,15,51.000,3.400,2026-06-28 08:29:57.163683
109425,12,41.500,3.458,2026-06-28 08:29:57.163683
109452,19,65.500,3.447,2026-06-28 08:29:57.163683
109461,8,22.000,2.750,2026-06-28 08:29:57.163683
109472,23,71.000,3.087,2026-06-28 08:29:57.163683
109483,80,235.000,2.938,2026-06-28 08:29:57.163683
109485,5,18.000,3.600,2026-06-28 08:29:57.163683
109487,1739,6997.500,4.024,2026-06-28 08:29:57.163683
109542,5,11.500,2.300,2026-06-28 08:29:57.163683
109556,7,15.000,2.143,2026-06-28 08:29:57.163683
109569,103,314.500,3.053,2026-06-28 08:29:57.163683
109576,14,42.000,3.000,2026-06-28 08:29:57.163683
109578,345,1175.500,3.407,2026-06-28 08:29:57.163683
109580,6,19.500,3.250,2026-06-28 08:29:57.163683
109596,12,46.000,3.833,2026-06-28 08:29:57.163683
109607,16,38.000,2.375,2026-06-28 08:29:57.163683
109621,5,14.500,2.900,2026-06-28 08:29:57.163683
109627,11,36.000,3.273,2026-06-28 08:29:57.163683
109629,10,35.500,3.550,2026-06-28 08:29:57.163683
109633,15,53.500,3.567,2026-06-28 08:29:57.163683
109635,6,21.500,3.583,2026-06-28 08:29:57.163683
109673,353,1024.000,2.901,2026-06-28 08:29:57.163683
109675,9,25.000,2.778,2026-06-28 08:29:57.163683
109684,7,21.500,3.071,2026-06-28 08:29:57.163683
109687,21,78.000,3.714,2026-06-28 08:29:57.163683
109697,16,60.000,3.750,2026-06-28 08:29:57.163683
109713,6,7.500,1.250,2026-06-28 08:29:57.163683
109720,18,50.000,2.778,2026-06-28 08:29:57.163683
109723,12,34.000,2.833,2026-06-28 08:29:57.163683
109731,9,25.000,2.778,2026-06-28 08:29:57.163683
109733,13,39.500,3.038,2026-06-28 08:29:57.163683
109740,72,255.000,3.542,2026-06-28 08:29:57.163683
109742,46,165.500,3.598,2026-06-28 08:29:57.163683
109769,10,33.500,3.350,2026-06-28 08:29:57.163683
109781,7,26.000,3.714,2026-06-28 08:29:57.163683
109788,10,28.000,2.800,2026-06-28 08:29:57.163683
109802,6,22.500,3.750,2026-06-28 08:29:57.163683
109846,91,308.500,3.390,2026-06-28 08:29:57.163683
109848,240,785.500,3.273,2026-06-28 08:29:57.163683
109850,129,383.500,2.973,2026-06-28 08:29:57.163683
109853,18,64.000,3.556,2026-06-28 08:29:57.163683
109864,189,622.500,3.294,2026-06-28 08:29:57.163683
109895,124,435.000,3.508,2026-06-28 08:29:57.163683
109897,6,15.500,2.583,2026-06-28 08:29:57.163683
109925,8,30.000,3.750,2026-06-28 08:29:57.163683
109927,6,17.500,2.917,2026-06-28 08:29:57.163683
109935,5,14.000,2.800,2026-06-28 08:29:57.163683
109941,13,33.500,2.577,2026-06-28 08:29:57.163683
109953,6,15.500,2.583,2026-06-28 08:29:57.163683
109963,10,35.000,3.500,2026-06-28 08:29:57.163683
109968,13,47.500,3.654,2026-06-28 08:29:57.163683
109971,13,39.000,3.000,2026-06-28 08:29:57.163683
109989,6,22.000,3.667,2026-06-28 08:29:57.163683
109995,7,24.500,3.500,2026-06-28 08:29:57.163683
110039,19,57.000,3.000,2026-06-28 08:29:57.163683
110044,7,22.500,3.214,2026-06-28 08:29:57.163683
110102,1261,4679.500,3.711,2026-06-28 08:29:57.163683
110106,5,17.000,3.400,2026-06-28 08:29:57.163683
110110,31,118.000,3.806,2026-06-28 08:29:57.163683
110127,351,999.500,2.848,2026-06-28 08:29:57.163683
110130,26,75.000,2.885,2026-06-28 08:29:57.163683
110132,11,30.500,2.773,2026-06-28 08:29:57.163683
110181,6,14.500,2.417,2026-06-28 08:29:57.163683
110194,28,94.500,3.375,2026-06-28 08:29:57.163683
110216,7,18.500,2.643,2026-06-28 08:29:57.163683
110273,6,23.500,3.917,2026-06-28 08:29:57.163683
110286,31,94.000,3.032,2026-06-28 08:29:57.163683
110295,38,89.000,2.342,2026-06-28 08:29:57.163683
110297,82,268.000,3.268,2026-06-28 08:29:57.163683
110312,10,32.500,3.250,2026-06-28 08:29:57.163683
110322,38,109.500,2.882,2026-06-28 08:29:57.163683
110328,10,35.000,3.500,2026-06-28 08:29:57.163683
110337,7,22.000,3.143,2026-06-28 08:29:57.163683
110339,7,23.000,3.286,2026-06-28 08:29:57.163683
110346,10,35.500,3.550,2026-06-28 08:29:57.163683
110348,13,41.000,3.154,2026-06-28 08:29:57.163683
110350,10,34.500,3.450,2026-06-28 08:29:57.163683
110380,16,46.500,2.906,2026-06-28 08:29:57.163683
110387,21,67.500,3.214,2026-06-28 08:29:57.163683
110390,8,29.000,3.625,2026-06-28 08:29:57.163683
110407,83,261.500,3.151,2026-06-28 08:29:57.163683
110426,8,25.000,3.125,2026-06-28 08:29:57.163683
110445,44,162.500,3.693,2026-06-28 08:29:57.163683
110451,16,40.000,2.500,2026-06-28 08:29:57.163683
110453,69,240.500,3.486,2026-06-28 08:29:57.163683
110461,32,110.500,3.453,2026-06-28 08:29:57.163683
110484,6,14.000,2.333,2026-06-28 08:29:57.163683
110501,215,799.000,3.716,2026-06-28 08:29:57.163683
110503,11,39.000,3.545,2026-06-28 08:29:57.163683
110505,6,14.000,2.333,2026-06-28 08:29:57.163683
110548,5,13.500,2.700,2026-06-28 08:29:57.163683
110553,504,1613.500,3.201,2026-06-28 08:29:57.163683
110566,30,105.500,3.517,2026-06-28 08:29:57.163683
110586,164,615.500,3.753,2026-06-28 08:29:57.163683
110591,90,294.000,3.267,2026-06-28 08:29:57.163683
110593,5,17.000,3.400,2026-06-28 08:29:57.163683
110597,6,18.500,3.083,2026-06-28 08:29:57.163683
110603,25,45.000,1.800,2026-06-28 08:29:57.163683
110611,39,125.500,3.218,2026-06-28 08:29:57.163683
110639,7,20.000,2.857,2026-06-28 08:29:57.163683
110645,11,34.000,3.091,2026-06-28 08:29:57.163683
110655,68,209.500,3.081,2026-06-28 08:29:57.163683
110669,5,16.500,3.300,2026-06-28 08:29:57.163683
110675,38,136.000,3.579,2026-06-28 08:29:57.163683
110678,14,49.000,3.500,2026-06-28 08:29:57.163683
110718,35,120.500,3.443,2026-06-28 08:29:57.163683
110730,370,1137.500,3.074,2026-06-28 08:29:57.163683
110746,9,20.500,2.278,2026-06-28 08:29:57.163683
110748,6,16.500,2.750,2026-06-28 08:29:57.163683
110750,21,49.500,2.357,2026-06-28 08:29:57.163683
110771,131,404.000,3.084,2026-06-28 08:29:57.163683
110773,7,15.500,2.214,2026-06-28 08:29:57.163683
110781,19,54.000,2.842,2026-06-28 08:29:57.163683
110796,29,99.500,3.431,2026-06-28 08:29:57.163683
110809,34,104.000,3.059,2026-06-28 08:29:57.163683
110813,6,20.500,3.417,2026-06-28 08:29:57.163683
110826,28,78.000,2.786,2026-06-28 08:29:57.163683
110828,18,42.500,2.361,2026-06-28 08:29:57.163683
110858,6,13.500,2.250,2026-06-28 08:29:57.163683
110871,16,59.500,3.719,2026-06-28 08:29:57.163683
110873,31,108.500,3.500,2026-06-28 08:29:57.163683
110882,181,649.000,3.586,2026-06-28 08:29:57.163683
110899,17,40.000,2.353,2026-06-28 08:29:57.163683
110968,69,168.000,2.435,2026-06-28 08:29:57.163683
111113,318,983.500,3.093,2026-06-28 08:29:57.163683
111130,11,44.000,4.000,2026-06-28 08:29:57.163683
111235,87,337.500,3.879,2026-06-28 08:29:57.163683
111245,15,49.500,3.300,2026-06-28 08:29:57.163683
111249,58,204.500,3.526,2026-06-28 08:29:57.163683
111251,42,131.500,3.131,2026-06-28 08:29:57.163683
111255,6,22.000,3.667,2026-06-28 08:29:57.163683
111259,14,37.500,2.679,2026-06-28 08:29:57.163683
111287,5,15.500,3.100,2026-06-28 08:29:57.163683
111290,8,31.000,3.875,2026-06-28 08:29:57.163683
111303,5,18.500,3.700,2026-06-28 08:29:57.163683
111314,7,23.500,3.357,2026-06-28 08:29:57.163683
111320,15,39.500,2.633,2026-06-28 08:29:57.163683
111360,544,1660.000,3.051,2026-06-28 08:29:57.163683
111362,1534,5865.500,3.824,2026-06-28 08:29:57.163683
111364,548,1624.500,2.964,2026-06-28 08:29:57.163683
111375,44,128.500,2.920,2026-06-28 08:29:57.163683
111384,102,372.000,3.647,2026-06-28 08:29:57.163683
111387,28,92.000,3.286,2026-06-28 08:29:57.163683
111389,13,48.500,3.731,2026-06-28 08:29:57.163683
111436,19,73.500,3.868,2026-06-28 08:29:57.163683
111441,7,24.000,3.429,2026-06-28 08:29:57.163683
111443,352,1265.000,3.594,2026-06-28 08:29:57.163683
111460,12,33.500,2.792,2026-06-28 08:29:57.163683
111529,40,158.500,3.963,2026-06-28 08:29:57.163683
111544,5,18.000,3.600,2026-06-28 08:29:57.163683
111551,25,73.500,2.940,2026-06-28 08:29:57.163683
111553,5,15.000,3.000,2026-06-28 08:29:57.163683
111587,8,23.000,2.875,2026-06-28 08:29:57.163683
111589,6,19.000,3.167,2026-06-28 08:29:57.163683
111592,5,18.500,3.700,2026-06-28 08:29:57.163683
111617,76,242.500,3.191,2026-06-28 08:29:57.163683
111622,220,806.000,3.664,2026-06-28 08:29:57.163683
111626,6,19.500,3.250,2026-06-28 08:29:57.163683
111630,12,32.500,2.708,2026-06-28 08:29:57.163683
111644,5,14.500,2.900,2026-06-28 08:29:57.163683
111647,9,33.500,3.722,2026-06-28 08:29:57.163683
111659,489,1642.500,3.359,2026-06-28 08:29:57.163683
111661,40,129.500,3.238,2026-06-28 08:29:57.163683
111663,9,24.500,2.722,2026-06-28 08:29:57.163683
111680,12,43.000,3.583,2026-06-28 08:29:57.163683
111732,10,36.500,3.650,2026-06-28 08:29:57.163683
111734,13,30.500,2.346,2026-06-28 08:29:57.163683
111743,197,565.500,2.871,2026-06-28 08:29:57.163683
111759,1666,6403.500,3.844,2026-06-28 08:29:57.163683
111764,19,67.500,3.553,2026-06-28 08:29:57.163683
111778,26,104.000,4.000,2026-06-28 08:29:57.163683
111783,7,29.500,4.214,2026-06-28 08:29:57.163683
111795,46,157.000,3.413,2026-06-28 08:29:57.163683
111800,9,30.500,3.389,2026-06-28 08:29:57.163683
111852,8,20.500,2.563,2026-06-28 08:29:57.163683
111887,9,26.000,2.889,2026-06-28 08:29:57.163683
111913,6,22.500,3.750,2026-06-28 08:29:57.163683
111915,8,25.000,3.125,2026-06-28 08:29:57.163683
111921,376,1339.000,3.561,2026-06-28 08:29:57.163683
111924,14,47.500,3.393,2026-06-28 08:29:57.163683
111931,7,20.500,2.929,2026-06-28 08:29:57.163683
111961,5,9.000,1.800,2026-06-28 08:29:57.163683
111993,11,37.500,3.409,2026-06-28 08:29:57.163683
112006,51,192.000,3.765,2026-06-28 08:29:57.163683
112066,8,23.500,2.938,2026-06-28 08:29:57.163683
112070,38,120.500,3.171,2026-06-28 08:29:57.163683
112083,9,31.500,3.500,2026-06-28 08:29:57.163683
112085,9,27.000,3.000,2026-06-28 08:29:57.163683
112087,25,92.000,3.680,2026-06-28 08:29:57.163683
112089,5,14.500,2.900,2026-06-28 08:29:57.163683
112091,19,68.000,3.579,2026-06-28 08:29:57.163683
112138,536,1866.500,3.482,2026-06-28 08:29:57.163683
112165,9,36.000,4.000,2026-06-28 08:29:57.163683
112171,261,902.500,3.458,2026-06-28 08:29:57.163683
112175,678,2522.000,3.720,2026-06-28 08:29:57.163683
112183,840,3212.500,3.824,2026-06-28 08:29:57.163683
112193,5,11.000,2.200,2026-06-28 08:29:57.163683
112226,6,20.000,3.333,2026-06-28 08:29:57.163683
112245,7,27.000,3.857,2026-06-28 08:29:57.163683
112275,6,15.500,2.583,2026-06-28 08:29:57.163683
112277,6,14.500,2.417,2026-06-28 08:29:57.163683
112279,6,16.000,2.667,2026-06-28 08:29:57.163683
112283,6,20.500,3.417,2026-06-28 08:29:57.163683
112290,913,3518.000,3.853,2026-06-28 08:29:57.163683
112293,6,24.000,4.000,2026-06-28 08:29:57.163683
112303,13,37.000,2.846,2026-06-28 08:29:57.163683
112316,55,179.500,3.264,2026-06-28 08:29:57.163683
112334,47,181.500,3.862,2026-06-28 08:29:57.163683
112338,5,16.500,3.300,2026-06-28 08:29:57.163683
112370,281,708.500,2.521,2026-06-28 08:29:57.163683
112381,7,23.000,3.286,2026-06-28 08:29:57.163683
112399,21,81.500,3.881,2026-06-28 08:29:57.163683
112404,6,18.500,3.083,2026-06-28 08:29:57.163683
112421,86,298.000,3.465,2026-06-28 08:29:57.163683
112436,11,39.000,3.545,2026-06-28 08:29:57.163683
112450,42,121.000,2.881,2026-06-28 08:29:57.163683
112454,5,20.500,4.100,2026-06-28 08:29:57.163683
112460,15,41.500,2.767,2026-06-28 08:29:57.163683
112469,8,25.500,3.188,2026-06-28 08:29:57.163683
112481,6,17.000,2.833,2026-06-28 08:29:57.163683
112485,5,14.000,2.800,2026-06-28 08:29:57.163683
112488,7,25.500,3.643,2026-06-28 08:29:57.163683
112495,10,37.000,3.700,2026-06-28 08:29:57.163683
112497,36,84.500,2.347,2026-06-28 08:29:57.163683
112512,8,28.500,3.563,2026-06-28 08:29:57.163683
112515,123,429.500,3.492,2026-06-28 08:29:57.163683
112550,5,16.000,3.200,2026-06-28 08:29:57.163683
112552,602,2453.000,4.075,2026-06-28 08:29:57.163683
112556,1479,5822.000,3.936,2026-06-28 08:29:57.163683
112580,18,50.500,2.806,2026-06-28 08:29:57.163683
112582,61,235.000,3.852,2026-06-28 08:29:57.163683
112623,759,2741.500,3.612,2026-06-28 08:29:57.163683
112653,10,34.500,3.450,2026-06-28 08:29:57.163683
112655,5,11.500,2.300,2026-06-28 08:29:57.163683
112689,6,19.500,3.250,2026-06-28 08:29:57.163683
112710,5,18.000,3.600,2026-06-28 08:29:57.163683
112725,5,16.500,3.300,2026-06-28 08:29:57.163683
112727,30,89.500,2.983,2026-06-28 08:29:57.163683
112749,12,34.500,2.875,2026-06-28 08:29:57.163683
112788,114,298.500,2.618,2026-06-28 08:29:57.163683
112804,85,304.000,3.576,2026-06-28 08:29:57.163683
112807,5,14.500,2.900,2026-06-28 08:29:57.163683
112809,6,16.500,2.750,2026-06-28 08:29:57.163683
112811,5,15.500,3.100,2026-06-28 08:29:57.163683
112818,82,249.500,3.043,2026-06-28 08:29:57.163683
112850,13,43.500,3.346,2026-06-28 08:29:57.163683
112852,2049,7898.500,3.855,2026-06-28 08:29:57.163683
112866,5,17.000,3.400,2026-06-28 08:29:57.163683
112868,72,221.000,3.069,2026-06-28 08:29:57.163683
112890,6,21.000,3.500,2026-06-28 08:29:57.163683
112895,16,37.500,2.344,2026-06-28 08:29:57.163683
112897,162,473.000,2.920,2026-06-28 08:29:57.163683
112911,100,289.500,2.895,2026-06-28 08:29:57.163683
112913,17,57.500,3.382,2026-06-28 08:29:57.163683
112929,6,22.500,3.750,2026-06-28 08:29:57.163683
112940,152,518.500,3.411,2026-06-28 08:29:57.163683
112946,41,143.000,3.488,2026-06-28 08:29:57.163683
112974,6,19.500,3.250,2026-06-28 08:29:57.163683
112988,5,19.000,3.800,2026-06-28 08:29:57.163683
113064,44,154.500,3.511,2026-06-28 08:29:57.163683
113071,20,64.500,3.225,2026-06-28 08:29:57.163683
113089,9,31.000,3.444,2026-06-28 08:29:57.163683
113092,5,11.500,2.300,2026-06-28 08:29:57.163683
113103,20,67.000,3.350,2026-06-28 08:29:57.163683
113112,13,31.500,2.423,2026-06-28 08:29:57.163683
113159,27,87.500,3.241,2026-06-28 08:29:57.163683
113186,9,32.000,3.556,2026-06-28 08:29:57.163683
113188,45,140.500,3.122,2026-06-28 08:29:57.163683
113207,37,128.000,3.459,2026-06-28 08:29:57.163683
113216,8,26.000,3.250,2026-06-28 08:29:57.163683
113225,93,309.500,3.328,2026-06-28 08:29:57.163683
113240,26,102.500,3.942,2026-06-28 08:29:57.163683
113250,16,52.500,3.281,2026-06-28 08:29:57.163683
113252,40,144.500,3.613,2026-06-28 08:29:57.163683
113275,156,585.000,3.750,2026-06-28 08:29:57.163683
113278,46,165.500,3.598,2026-06-28 08:29:57.163683
113313,9,23.000,2.556,2026-06-28 08:29:57.163683
113315,11,49.500,4.500,2026-06-28 08:29:57.163683
113345,77,219.000,2.844,2026-06-28 08:29:57.163683
113348,172,430.500,2.503,2026-06-28 08:29:57.163683
113350,7,19.500,2.786,2026-06-28 08:29:57.163683
113364,10,34.000,3.400,2026-06-28 08:29:57.163683
113374,11,37.500,3.409,2026-06-28 08:29:57.163683
113378,150,462.000,3.080,2026-06-28 08:29:57.163683
113394,6,21.500,3.583,2026-06-28 08:29:57.163683
113453,77,238.500,3.097,2026-06-28 08:29:57.163683
113474,8,29.000,3.625,2026-06-28 08:29:57.163683
113499,5,14.000,2.800,2026-06-28 08:29:57.163683
113501,13,41.000,3.154,2026-06-28 08:29:57.163683
113532,28,97.000,3.464,2026-06-28 08:29:57.163683
113534,11,39.000,3.545,2026-06-28 08:29:57.163683
113557,5,12.000,2.400,2026-06-28 08:29:57.163683
113559,5,19.500,3.900,2026-06-28 08:29:57.163683
113565,17,54.000,3.176,2026-06-28 08:29:57.163683
113573,251,788.500,3.141,2026-06-28 08:29:57.163683
113604,64,215.500,3.367,2026-06-28 08:29:57.163683
113630,8,24.500,3.063,2026-06-28 08:29:57.163683
113640,9,30.000,3.333,2026-06-28 08:29:57.163683
113642,25,77.500,3.100,2026-06-28 08:29:57.163683
113674,7,22.000,3.143,2026-06-28 08:29:57.163683
113696,17,51.500,3.029,2026-06-28 08:29:57.163683
113705,59,214.500,3.636,2026-06-28 08:29:57.163683
113741,130,490.000,3.769,2026-06-28 08:29:57.163683
113767,6,21.000,3.500,2026-06-28 08:29:57.163683
113769,15,32.000,2.133,2026-06-28 08:29:57.163683
113775,27,84.500,3.130,2026-06-28 08:29:57.163683
113780,44,145.000,3.295,2026-06-28 08:29:57.163683
113829,73,269.500,3.692,2026-06-28 08:29:57.163683
113843,5,14.500,2.900,2026-06-28 08:29:57.163683
113862,73,239.500,3.281,2026-06-28 08:29:57.163683
113868,14,44.000,3.143,2026-06-28 08:29:57.163683
113889,11,23.000,2.091,2026-06-28 08:29:57.163683
114007,52,165.000,3.173,2026-06-28 08:29:57.163683
114013,7,18.000,2.571,2026-06-28 08:29:57.163683
114028,86,334.000,3.884,2026-06-28 08:29:57.163683
114033,35,102.000,2.914,2026-06-28 08:29:57.163683
114035,13,45.500,3.500,2026-06-28 08:29:57.163683
114042,24,73.500,3.063,2026-06-28 08:29:57.163683
114044,11,26.500,2.409,2026-06-28 08:29:57.163683
114046,17,53.000,3.118,2026-06-28 08:29:57.163683
114060,109,381.000,3.495,2026-06-28 08:29:57.163683
114066,19,68.000,3.579,2026-06-28 08:29:57.163683
114074,67,232.500,3.470,2026-06-28 08:29:57.163683
114082,31,110.500,3.565,2026-06-28 08:29:57.163683
114180,436,1471.500,3.375,2026-06-28 08:29:57.163683
114182,8,23.000,2.875,2026-06-28 08:29:57.163683
114184,18,61.500,3.417,2026-06-28 08:29:57.163683
114240,7,24.000,3.429,2026-06-28 08:29:57.163683
114242,16,29.000,1.813,2026-06-28 08:29:57.163683
114244,14,32.500,2.321,2026-06-28 08:29:57.163683
114246,95,305.500,3.216,2026-06-28 08:29:57.163683
114248,9,23.000,2.556,2026-06-28 08:29:57.163683
114250,12,45.500,3.792,2026-06-28 08:29:57.163683
114263,5,20.000,4.000,2026-06-28 08:29:57.163683
114265,41,138.500,3.378,2026-06-28 08:29:57.163683
114277,8,27.500,3.438,2026-06-28 08:29:57.163683
114329,9,34.500,3.833,2026-06-28 08:29:57.163683
114342,64,236.500,3.695,2026-06-28 08:29:57.163683
114392,25,83.000,3.320,2026-06-28 08:29:57.163683
114396,7,19.500,2.786,2026-06-28 08:29:57.163683
114426,11,35.500,3.227,2026-06-28 08:29:57.163683
114439,46,134.000,2.913,2026-06-28 08:29:57.163683
114459,21,68.500,3.262,2026-06-28 08:29:57.163683
114464,9,31.500,3.500,2026-06-28 08:29:57.163683
114486,7,25.000,3.571,2026-06-28 08:29:57.163683
114497,8,24.000,3.000,2026-06-28 08:29:57.163683
114552,91,312.500,3.434,2026-06-28 08:29:57.163683
114554,25,90.500,3.620,2026-06-28 08:29:57.163683
114563,5,11.500,2.300,2026-06-28 08:29:57.163683
114601,79,261.500,3.310,2026-06-28 08:29:57.163683
114635,8,32.000,4.000,2026-06-28 08:29:57.163683
114640,5,8.500,1.700,2026-06-28 08:29:57.163683
114659,5,10.000,2.000,2026-06-28 08:29:57.163683
114662,256,899.000,3.512,2026-06-28 08:29:57.163683
114670,43,108.500,2.523,2026-06-28 08:29:57.163683
114678,27,91.500,3.389,2026-06-28 08:29:57.163683
114680,6,19.500,3.250,2026-06-28 08:29:57.163683
114692,7,25.000,3.571,2026-06-28 08:29:57.163683
114700,6,20.000,3.333,2026-06-28 08:29:57.163683
114704,23,59.000,2.565,2026-06-28 08:29:57.163683
114707,72,230.000,3.194,2026-06-28 08:29:57.163683
114713,59,141.500,2.398,2026-06-28 08:29:57.163683
114721,9,26.500,2.944,2026-06-28 08:29:57.163683
114723,10,39.500,3.950,2026-06-28 08:29:57.163683
114758,18,54.000,3.000,2026-06-28 08:29:57.163683
114760,13,43.000,3.308,2026-06-28 08:29:57.163683
114762,40,139.000,3.475,2026-06-28 08:29:57.163683
114793,6,21.000,3.500,2026-06-28 08:29:57.163683
114795,124,360.500,2.907,2026-06-28 08:29:57.163683
114818,28,94.000,3.357,2026-06-28 08:29:57.163683
114847,88,280.500,3.188,2026-06-28 08:29:57.163683
114849,10,23.500,2.350,2026-06-28 08:29:57.163683
114856,5,16.500,3.300,2026-06-28 08:29:57.163683
114886,5,17.500,3.500,2026-06-28 08:29:57.163683
114925,9,28.500,3.167,2026-06-28 08:29:57.163683
114928,6,10.500,1.750,2026-06-28 08:29:57.163683
114933,5,21.000,4.200,2026-06-28 08:29:57.163683
114935,318,1163.000,3.657,2026-06-28 08:29:57.163683
114945,8,15.000,1.875,2026-06-28 08:29:57.163683
114958,8,22.500,2.813,2026-06-28 08:29:57.163683
115011,6,18.000,3.000,2026-06-28 08:29:57.163683
115065,5,9.500,1.900,2026-06-28 08:29:57.163683
115071,14,52.000,3.714,2026-06-28 08:29:57.163683
115075,5,15.500,3.100,2026-06-28 08:29:57.163683
115109,5,16.500,3.300,2026-06-28 08:29:57.163683
115111,5,18.500,3.700,2026-06-28 08:29:57.163683
115122,88,334.000,3.795,2026-06-28 08:29:57.163683
115147,13,41.500,3.192,2026-06-28 08:29:57.163683
115149,292,1006.500,3.447,2026-06-28 08:29:57.163683
115170,127,425.500,3.350,2026-06-28 08:29:57.163683
115172,9,25.000,2.778,2026-06-28 08:29:57.163683
115174,23,76.500,3.326,2026-06-28 08:29:57.163683
115180,5,19.000,3.800,2026-06-28 08:29:57.163683
115203,6,17.000,2.833,2026-06-28 08:29:57.163683
115210,379,1380.000,3.641,2026-06-28 08:29:57.163683
115216,13,37.500,2.885,2026-06-28 08:29:57.163683
115220,7,22.500,3.214,2026-06-28 08:29:57.163683
115231,131,463.500,3.538,2026-06-28 08:29:57.163683
115235,8,17.500,2.188,2026-06-28 08:29:57.163683
115240,11,36.000,3.273,2026-06-28 08:29:57.163683
115381,19,61.500,3.237,2026-06-28 08:29:57.163683
115414,24,47.000,1.958,2026-06-28 08:29:57.163683
115437,6,21.500,3.583,2026-06-28 08:29:57.163683
115467,8,29.500,3.688,2026-06-28 08:29:57.163683
115471,7,17.000,2.429,2026-06-28 08:29:57.163683
115502,7,25.500,3.643,2026-06-28 08:29:57.163683
115504,6,12.500,2.083,2026-06-28 08:29:57.163683
115534,31,65.500,2.113,2026-06-28 08:29:57.163683
115569,609,2354.000,3.865,2026-06-28 08:29:57.163683
115617,448,1710.500,3.818,2026-06-28 08:29:57.163683
115622,8,11.500,1.438,2026-06-28 08:29:57.163683
115629,5,19.500,3.900,2026-06-28 08:29:57.163683
115664,57,192.500,3.377,2026-06-28 08:29:57.163683
115667,23,88.500,3.848,2026-06-28 08:29:57.163683
115669,6,17.000,2.833,2026-06-28 08:29:57.163683
115680,19,62.500,3.289,2026-06-28 08:29:57.163683
115685,7,24.000,3.429,2026-06-28 08:29:57.163683
115703,7,23.000,3.286,2026-06-28 08:29:57.163683
115705,13,45.500,3.500,2026-06-28 08:29:57.163683
115708,6,21.500,3.583,2026-06-28 08:29:57.163683
115711,7,24.500,3.500,2026-06-28 08:29:57.163683
115721,5,19.000,3.800,2026-06-28 08:29:57.163683
115770,7,25.000,3.571,2026-06-28 08:29:57.163683
115777,5,12.000,2.400,2026-06-28 08:29:57.163683
115781,6,20.500,3.417,2026-06-28 08:29:57.163683
115819,6,17.500,2.917,2026-06-28 08:29:57.163683
115824,31,95.000,3.065,2026-06-28 08:29:57.163683
115828,9,31.000,3.444,2026-06-28 08:29:57.163683
115875,12,39.500,3.292,2026-06-28 08:29:57.163683
115877,19,69.000,3.632,2026-06-28 08:29:57.163683
115879,10,30.500,3.050,2026-06-28 08:29:57.163683
115881,34,112.000,3.294,2026-06-28 08:29:57.163683
115921,5,16.500,3.300,2026-06-28 08:29:57.163683
115927,6,20.000,3.333,2026-06-28 08:29:57.163683
115941,12,41.500,3.458,2026-06-28 08:29:57.163683
115945,6,20.500,3.417,2026-06-28 08:29:57.163683
115949,6,17.500,2.917,2026-06-28 08:29:57.163683
115967,7,26.000,3.714,2026-06-28 08:29:57.163683
115973,5,17.500,3.500,2026-06-28 08:29:57.163683
115998,5,22.500,4.500,2026-06-28 08:29:57.163683
116002,5,16.500,3.300,2026-06-28 08:29:57.163683
116004,8,29.500,3.688,2026-06-28 08:29:57.163683
116080,6,16.000,2.667,2026-06-28 08:29:57.163683
116136,33,129.500,3.924,2026-06-28 08:29:57.163683
116138,59,217.500,3.686,2026-06-28 08:29:57.163683
116155,7,28.000,4.000,2026-06-28 08:29:57.163683
116161,177,608.000,3.435,2026-06-28 08:29:57.163683
116169,5,19.500,3.900,2026-06-28 08:29:57.163683
116217,5,19.500,3.900,2026-06-28 08:29:57.163683
116307,5,18.500,3.700,2026-06-28 08:29:57.163683
116397,41,142.000,3.463,2026-06-28 08:29:57.163683
116411,6,23.500,3.917,2026-06-28 08:29:57.163683
116413,19,58.500,3.079,2026-06-28 08:29:57.163683
116453,5,13.500,2.700,2026-06-28 08:29:57.163683
116529,7,23.000,3.286,2026-06-28 08:29:57.163683
116668,10,29.500,2.950,2026-06-28 08:29:57.163683
116781,9,20.500,2.278,2026-06-28 08:29:57.163683
116797,759,3021.000,3.980,2026-06-28 08:29:57.163683
116799,92,319.500,3.473,2026-06-28 08:29:57.163683
116817,7,21.000,3.000,2026-06-28 08:29:57.163683
116823,567,1953.500,3.445,2026-06-28 08:29:57.163683
116841,28,94.500,3.375,2026-06-28 08:29:57.163683
116849,12,25.000,2.083,2026-06-28 08:29:57.163683
116855,13,48.000,3.692,2026-06-28 08:29:57.163683
116887,94,252.000,2.681,2026-06-28 08:29:57.163683
116897,45,171.000,3.800,2026-06-28 08:29:57.163683
116901,5,16.000,3.200,2026-06-28 08:29:57.163683
116905,12,40.000,3.333,2026-06-28 08:29:57.163683
116907,7,23.500,3.357,2026-06-28 08:29:57.163683
116951,6,21.500,3.583,2026-06-28 08:29:57.163683
116957,5,17.000,3.400,2026-06-28 08:29:57.163683
116977,145,397.000,2.738,2026-06-28 08:29:57.163683
116985,6,20.000,3.333,2026-06-28 08:29:57.163683
117107,13,44.000,3.385,2026-06-28 08:29:57.163683
117109,48,171.000,3.563,2026-06-28 08:29:57.163683
117123,34,105.000,3.088,2026-06-28 08:29:57.163683
117146,8,28.500,3.563,2026-06-28 08:29:57.163683
117176,349,1297.000,3.716,2026-06-28 08:29:57.163683
117192,36,141.000,3.917,2026-06-28 08:29:57.163683
117308,9,26.000,2.889,2026-06-28 08:29:57.163683
117312,8,24.500,3.063,2026-06-28 08:29:57.163683
117334,6,19.500,3.250,2026-06-28 08:29:57.163683
117344,6,20.000,3.333,2026-06-28 08:29:57.163683
117364,22,80.500,3.659,2026-06-28 08:29:57.163683
117368,7,20.000,2.857,2026-06-28 08:29:57.163683
117372,7,17.000,2.429,2026-06-28 08:29:57.163683
117430,5,15.000,3.000,2026-06-28 08:29:57.163683
117434,7,21.500,3.071,2026-06-28 08:29:57.163683
117444,25,95.500,3.820,2026-06-28 08:29:57.163683
117456,14,49.500,3.536,2026-06-28 08:29:57.163683
117492,5,17.500,3.500,2026-06-28 08:29:57.163683
117511,28,89.500,3.196,2026-06-28 08:29:57.163683
117515,7,24.000,3.429,2026-06-28 08:29:57.163683
117517,7,25.500,3.643,2026-06-28 08:29:57.163683
117533,81,315.500,3.895,2026-06-28 08:29:57.163683
117545,10,35.000,3.500,2026-06-28 08:29:57.163683
117549,20,67.000,3.350,2026-06-28 08:29:57.163683
117590,102,301.000,2.951,2026-06-28 08:29:57.163683
117726,5,19.500,3.900,2026-06-28 08:29:57.163683
117849,5,17.000,3.400,2026-06-28 08:29:57.163683
117851,68,223.000,3.279,2026-06-28 08:29:57.163683
117867,35,128.000,3.657,2026-06-28 08:29:57.163683
117871,14,54.000,3.857,2026-06-28 08:29:57.163683
117877,11,35.000,3.182,2026-06-28 08:29:57.163683
117879,6,21.500,3.583,2026-06-28 08:29:57.163683
117881,65,242.500,3.731,2026-06-28 08:29:57.163683
117885,14,28.500,2.036,2026-06-28 08:29:57.163683
117887,51,146.000,2.863,2026-06-28 08:29:57.163683
117893,10,31.500,3.150,2026-06-28 08:29:57.163683
117909,6,19.000,3.167,2026-06-28 08:29:57.163683
117920,6,19.000,3.167,2026-06-28 08:29:57.163683
117922,9,27.000,3.000,2026-06-28 08:29:57.163683
118082,27,78.000,2.889,2026-06-28 08:29:57.163683
118101,9,33.000,3.667,2026-06-28 08:29:57.163683
118105,7,15.500,2.214,2026-06-28 08:29:57.163683
118189,5,17.000,3.400,2026-06-28 08:29:57.163683
118206,6,20.000,3.333,2026-06-28 08:29:57.163683
118244,5,18.500,3.700,2026-06-28 08:29:57.163683
118246,9,32.500,3.611,2026-06-28 08:29:57.163683
118248,11,25.000,2.273,2026-06-28 08:29:57.163683
118260,7,22.000,3.143,2026-06-28 08:29:57.163683
118354,15,50.500,3.367,2026-06-28 08:29:57.163683
118466,7,21.500,3.071,2026-06-28 08:29:57.163683
118684,9,9.500,1.056,2026-06-28 08:29:57.163683
118696,538,1836.500,3.414,2026-06-28 08:29:57.163683
118700,88,328.000,3.727,2026-06-28 08:29:57.163683
118702,63,210.000,3.333,2026-06-28 08:29:57.163683
118706,14,41.500,2.964,2026-06-28 08:29:57.163683
118760,19,68.500,3.605,2026-06-28 08:29:57.163683
118762,5,10.500,2.100,2026-06-28 08:29:57.163683
118814,7,22.500,3.214,2026-06-28 08:29:57.163683
118866,5,19.000,3.800,2026-06-28 08:29:57.163683
118872,8,24.500,3.063,2026-06-28 08:29:57.163683
118876,5,10.500,2.100,2026-06-28 08:29:57.163683
118880,16,64.000,4.000,2026-06-28 08:29:57.163683
118888,19,72.000,3.789,2026-06-28 08:29:57.163683
118890,19,75.000,3.947,2026-06-28 08:29:57.163683
118896,18,71.500,3.972,2026-06-28 08:29:57.163683
118898,49,181.000,3.694,2026-06-28 08:29:57.163683
118900,109,400.500,3.674,2026-06-28 08:29:57.163683
118924,39,116.500,2.987,2026-06-28 08:29:57.163683
118930,35,130.000,3.714,2026-06-28 08:29:57.163683
118970,12,39.000,3.250,2026-06-28 08:29:57.163683
118972,6,11.500,1.917,2026-06-28 08:29:57.163683
118985,54,180.500,3.343,2026-06-28 08:29:57.163683
118997,129,402.500,3.120,2026-06-28 08:29:57.163683
119065,5,16.000,3.200,2026-06-28 08:29:57.163683
119068,27,91.500,3.389,2026-06-28 08:29:57.163683
119139,31,100.500,3.242,2026-06-28 08:29:57.163683
119141,375,1088.500,2.903,2026-06-28 08:29:57.163683
119145,159,577.500,3.632,2026-06-28 08:29:57.163683
119153,16,58.000,3.625,2026-06-28 08:29:57.163683
119155,73,195.500,2.678,2026-06-28 08:29:57.163683
119218,13,46.000,3.538,2026-06-28 08:29:57.163683
119565,5,21.000,4.200,2026-06-28 08:29:57.163683
119649,5,15.000,3.000,2026-06-28 08:29:57.163683
119655,19,56.000,2.947,2026-06-28 08:29:57.163683
119714,5,19.000,3.800,2026-06-28 08:29:57.163683
119948,7,18.500,2.643,2026-06-28 08:29:57.163683
119964,6,14.500,2.417,2026-06-28 08:29:57.163683
119966,6,18.000,3.000,2026-06-28 08:29:57.163683
120132,24,65.500,2.729,2026-06-28 08:29:57.163683
120138,21,78.500,3.738,2026-06-28 08:29:57.163683
120292,6,17.500,2.917,2026-06-28 08:29:57.163683
120392,8,28.500,3.563,2026-06-28 08:29:57.163683
120466,39,130.500,3.346,2026-06-28 08:29:57.163683
120474,18,56.500,3.139,2026-06-28 08:29:57.163683
120478,8,33.000,4.125,2026-06-28 08:29:57.163683
120635,94,265.500,2.824,2026-06-28 08:29:57.163683
120637,13,43.500,3.346,2026-06-28 08:29:57.163683
120807,12,40.500,3.375,2026-06-28 08:29:57.163683
120811,9,28.000,3.111,2026-06-28 08:29:57.163683
120813,9,31.000,3.444,2026-06-28 08:29:57.163683
120815,10,35.000,3.500,2026-06-28 08:29:57.163683
120821,5,15.500,3.100,2026-06-28 08:29:57.163683
120823,5,20.000,4.000,2026-06-28 08:29:57.163683
120825,29,79.500,2.741,2026-06-28 08:29:57.163683
120835,7,17.500,2.500,2026-06-28 08:29:57.163683
120853,5,15.500,3.100,2026-06-28 08:29:57.163683
120934,5,16.000,3.200,2026-06-28 08:29:57.163683
120936,5,19.000,3.800,2026-06-28 08:29:57.163683
121035,9,31.000,3.444,2026-06-28 08:29:57.163683
121099,7,20.500,2.929,2026-06-28 08:29:57.163683
121111,8,26.500,3.313,2026-06-28 08:29:57.163683
121126,7,21.000,3.000,2026-06-28 08:29:57.163683
121129,5,10.000,2.000,2026-06-28 08:29:57.163683
121135,5,13.500,2.700,2026-06-28 08:29:57.163683
121171,5,18.000,3.600,2026-06-28 08:29:57.163683
121227,6,24.000,4.000,2026-06-28 08:29:57.163683
121231,15,56.000,3.733,2026-06-28 08:29:57.163683
121235,6,13.500,2.250,2026-06-28 08:29:57.163683
121253,6,17.500,2.917,2026-06-28 08:29:57.163683
121308,6,18.500,3.083,2026-06-28 08:29:57.163683
121366,5,16.000,3.200,2026-06-28 08:29:57.163683
121372,12,45.000,3.750,2026-06-28 08:29:57.163683
121374,9,33.000,3.667,2026-06-28 08:29:57.163683
121483,7,23.000,3.286,2026-06-28 08:29:57.163683
122104,5,20.000,4.000,2026-06-28 08:29:57.163683
122569,6,18.000,3.000,2026-06-28 08:29:57.163683
122940,6,18.500,3.083,2026-06-28 08:29:57.163683
123288,6,21.000,3.500,2026-06-28 08:29:57.163683
123571,10,33.500,3.350,2026-06-28 08:29:57.163683
123947,21,70.000,3.333,2026-06-28 08:29:57.163683
124859,18,49.500,2.750,2026-06-28 08:29:57.163683
124867,26,73.500,2.827,2026-06-28 08:29:57.163683
125914,10,26.500,2.650,2026-06-28 08:29:57.163683
125916,96,173.500,1.807,2026-06-28 08:29:57.163683
125926,6,19.000,3.167,2026-06-28 08:29:57.163683
126090,8,26.000,3.250,2026-06-28 08:29:57.163683
126418,5,9.000,1.800,2026-06-28 08:29:57.163683
126420,5,15.500,3.100,2026-06-28 08:29:57.163683
126426,21,78.000,3.714,2026-06-28 08:29:57.163683
126430,8,28.000,3.500,2026-06-28 08:29:57.163683
126548,22,54.500,2.477,2026-06-28 08:29:57.163683
126599,15,52.500,3.500,2026-06-28 08:29:57.163683
126921,6,18.500,3.083,2026-06-28 08:29:57.163683
127021,5,20.000,4.000,2026-06-28 08:29:57.163683
127052,5,20.000,4.000,2026-06-28 08:29:57.163683
127088,6,15.000,2.500,2026-06-28 08:29:57.163683
127096,12,36.000,3.000,2026-06-28 08:29:57.163683
127098,35,133.000,3.800,2026-06-28 08:29:57.163683
127152,5,18.000,3.600,2026-06-28 08:29:57.163683
127298,6,25.000,4.167,2026-06-28 08:29:57.163683
127315,6,19.500,3.250,2026-06-28 08:29:57.163683
127319,8,26.000,3.250,2026-06-28 08:29:57.163683
127321,6,16.500,2.750,2026-06-28 08:29:57.163683
127323,9,25.500,2.833,2026-06-28 08:29:57.163683
127390,16,56.500,3.531,2026-06-28 08:29:57.163683
127441,7,28.500,4.071,2026-06-28 08:29:57.163683
128320,14,54.500,3.893,2026-06-28 08:29:57.163683
128366,5,20.000,4.000,2026-06-28 08:29:57.163683
128488,20,64.500,3.225,2026-06-28 08:29:57.163683
128520,8,25.500,3.188,2026-06-28 08:29:57.163683
128542,7,19.500,2.786,2026-06-28 08:29:57.163683
128594,5,10.000,2.000,2026-06-28 08:29:57.163683
128624,6,12.500,2.083,2026-06-28 08:29:57.163683
128632,7,14.000,2.000,2026-06-28 08:29:57.163683
128671,7,24.000,3.429,2026-06-28 08:29:57.163683
128727,5,9.500,1.900,2026-06-28 08:29:57.163683
128832,7,15.000,2.143,2026-06-28 08:29:57.163683
128842,9,17.000,1.889,2026-06-28 08:29:57.163683
128854,5,17.500,3.500,2026-06-28 08:29:57.163683
128914,5,15.500,3.100,2026-06-28 08:29:57.163683
128944,7,19.000,2.714,2026-06-28 08:29:57.163683
128968,7,18.500,2.643,2026-06-28 08:29:57.163683
128975,14,28.500,2.036,2026-06-28 08:29:57.163683
129030,11,19.000,1.727,2026-06-28 08:29:57.163683
129354,28,96.000,3.429,2026-06-28 08:29:57.163683
129370,8,18.000,2.250,2026-06-28 08:29:57.163683
129397,5,16.500,3.300,2026-06-28 08:29:57.163683
129428,21,75.000,3.571,2026-06-28 08:29:57.163683
129514,7,27.000,3.857,2026-06-28 08:29:57.163683
129707,7,17.500,2.500,2026-06-28 08:29:57.163683
129937,12,32.000,2.667,2026-06-28 08:29:57.163683
130073,21,71.500,3.405,2026-06-28 08:29:57.163683
130075,17,42.500,2.500,2026-06-28 08:29:57.163683
130490,25,81.000,3.240,2026-06-28 08:29:57.163683
130496,7,19.000,2.714,2026-06-28 08:29:57.163683
130578,5,15.000,3.000,2026-06-28 08:29:57.163683
131013,5,12.500,2.500,2026-06-28 08:29:57.163683